product_id,StockCode,Description
1,85123A,WHITE HANGING HEART T-LIGHT HOLDER
2,71053,WHITE METAL LANTERN
3,84406B,CREAM CUPID HEARTS COAT HANGER
4,84029G,KNITTED UNION FLAG HOT WATER BOTTLE
5,84029E,RED WOOLLY HOTTIE WHITE HEART.
6,22752,SET 7 BABUSHKA NESTING BOXES
7,21730,GLASS STAR FROSTED T-LIGHT HOLDER
8,22633,HAND WARMER UNION JACK
9,22632,HAND WARMER RED POLKA DOT
10,84879,ASSORTED COLOUR BIRD ORNAMENT
11,22745,POPPY'S PLAYHOUSE BEDROOM 
12,22748,POPPY'S PLAYHOUSE KITCHEN
13,22749,FELTCRAFT PRINCESS CHARLOTTE DOLL
14,22310,IVORY KNITTED MUG COSY 
15,84969,BOX OF 6 ASSORTED COLOUR TEASPOONS
16,22623,BOX OF VINTAGE JIGSAW BLOCKS 
17,22622,BOX OF VINTAGE ALPHABET BLOCKS
18,21754,HOME BUILDING BLOCK WORD
19,21755,LOVE BUILDING BLOCK WORD
20,21777,RECIPE BOX WITH METAL HEART
21,48187,DOORMAT NEW ENGLAND
22,22960,JAM MAKING SET WITH JARS
23,22913,RED COAT RACK PARIS FASHION
24,22912,YELLOW COAT RACK PARIS FASHION
25,22914,BLUE COAT RACK PARIS FASHION
26,21756,BATH BUILDING BLOCK WORD
27,22728,ALARM CLOCK BAKELIKE PINK
28,22727,ALARM CLOCK BAKELIKE RED 
29,22726,ALARM CLOCK BAKELIKE GREEN
30,21724,PANDA AND BUNNIES STICKER SHEET
31,21883,STARS GIFT TAPE 
32,10002,INFLATABLE POLITICAL GLOBE 
33,21791,VINTAGE HEADS AND TAILS CARD GAME 
34,21035,SET/2 RED RETROSPOT TEA TOWELS 
35,22326,ROUND SNACK BOXES SET OF4 WOODLAND 
36,22629,SPACEBOY LUNCH BOX 
37,22659,LUNCH BOX I LOVE LONDON
38,22631,CIRCUS PARADE LUNCH BOX 
39,22661,CHARLOTTE BAG DOLLY GIRL DESIGN
40,21731,RED TOADSTOOL LED NIGHT LIGHT
41,22900, SET 2 TEA TOWELS I LOVE LONDON 
42,21913,VINTAGE SEASIDE JIGSAW PUZZLES
43,22540,MINI JIGSAW CIRCUS PARADE 
44,22544,MINI JIGSAW SPACEBOY
45,22492,MINI PAINT SET VINTAGE 
46,POST,POSTAGE
47,22086,PAPER CHAIN KIT 50'S CHRISTMAS 
48,20679,EDWARDIAN PARASOL RED
49,37370,RETRO COFFEE MUGS ASSORTED
50,21871,SAVE THE PLANET MUG
51,21071,VINTAGE BILLBOARD DRINK ME MUG
52,21068,VINTAGE BILLBOARD LOVE/HATE MUG
53,82483,WOOD 2 DRAWER CABINET WHITE FINISH
54,82486,WOOD S/3 CABINET ANT WHITE FINISH
55,82482,WOODEN PICTURE FRAME WHITE FINISH
56,82494L,WOODEN FRAME ANTIQUE WHITE 
57,21258,VICTORIAN SEWING BOX LARGE
58,22114,HOT WATER BOTTLE TEA AND SYMPATHY
59,21733,RED HANGING HEART T-LIGHT HOLDER
60,22386,JUMBO BAG PINK POLKADOT
61,85099C,JUMBO  BAG BAROQUE BLACK WHITE
62,21033,JUMBO BAG CHARLIE AND LOLA TOYS
63,20723,STRAWBERRY CHARLOTTE BAG
64,84997B,RED 3 PIECE RETROSPOT CUTLERY SET
65,84997C,BLUE 3 PIECE POLKADOT CUTLERY SET
66,21094,SET/6 RED SPOTTY PAPER PLATES
67,20725,LUNCH BAG RED RETROSPOT
68,21559,STRAWBERRY LUNCH BOX WITH CUTLERY
69,22352,LUNCH BOX WITH CUTLERY RETROSPOT 
70,21212,PACK OF 72 RETROSPOT CAKE CASES
71,21975,PACK OF 60 DINOSAUR CAKE CASES
72,21977,PACK OF 60 PINK PAISLEY CAKE CASES
73,84991,60 TEATIME FAIRY CAKE CASES
74,84519A,TOMATO CHARLIE+LOLA COASTER SET
75,85183B,CHARLIE & LOLA WASTEPAPER BIN FLORA
76,85071B,RED CHARLIE+LOLA PERSONAL DOORSIGN
77,21931,JUMBO STORAGE BAG SUKI
78,21929,JUMBO BAG PINK VINTAGE PAISLEY
79,22961,JAM MAKING SET PRINTED
80,22139,RETROSPOT TEA SET CERAMIC 11 PC 
81,84854,GIRLY PINK TOOL SET
82,22411,JUMBO SHOPPER VINTAGE RED PAISLEY
83,82567,"AIRLINE LOUNGE,METAL SIGN"
84,21672,WHITE SPOT RED CERAMIC DRAWER KNOB
85,22774,RED DRAWER KNOB ACRYLIC EDWARDIAN
86,22771,CLEAR DRAWER KNOB ACRYLIC EDWARDIAN
87,71270,PHOTO CLIP LINE
88,22262,FELT EGG COSY CHICKEN
89,22637,PIGGY BANK RETROSPOT 
90,21934,SKULL SHOULDER BAG
91,21169,YOU'RE CONFUSING ME METAL SIGN 
92,21166,COOK WITH WINE METAL SIGN 
93,21175,GIN + TONIC DIET METAL SIGN
94,37444A,YELLOW BREAKFAST CUP AND SAUCER
95,37444C,PINK BREAKFAST CUP AND SAUCER 
96,22083,PAPER CHAIN KIT RETROSPOT
97,84971S,SMALL HEART FLOWERS HOOK 
98,47580,TEA TIME DES TEA COSY
99,22261,FELT EGG COSY WHITE RABBIT 
100,84832,ZINC WILLIE WINKIE  CANDLE STICK
101,22644,CERAMIC CHERRY CAKE MONEY BANK
102,21533,RETROSPOT LARGE MILK JUG
103,21557,SET OF 6 FUNKY BEAKERS
104,15056BL,EDWARDIAN PARASOL BLACK
105,15056N,EDWARDIAN PARASOL NATURAL
106,22646,CERAMIC STRAWBERRY CAKE MONEY BANK
107,22176,BLUE OWL SOFT TOY
108,22438,BALLOON ART MAKE YOUR OWN FLOWERS
109,22778,GLASS CLOCHE SMALL
110,22719,GUMBALL MONOCHROME COAT RACK
111,21523,DOORMAT FANCY FONT HOME SWEET HOME
112,21912,VINTAGE SNAKES & LADDERS
113,21832,CHOCOLATE CALCULATOR
114,22379,RECYCLING BAG RETROSPOT 
115,22381,TOY TIDY PINK POLKADOT
116,22798,ANTIQUE GLASS DRESSING TABLE POT
117,22926,IVORY GIANT GARDEN THERMOMETER
118,22839,3 TIER CAKE TIN GREEN AND CREAM
119,22838,3 TIER CAKE TIN RED AND CREAM
120,22783,SET 3 WICKER OVAL BASKETS W LIDS
121,82484,WOOD BLACK BOARD ANT WHITE FINISH
122,84755,COLOUR GLASS T-LIGHT HOLDER HANGING
123,22464,HANGING METAL HEART LANTERN
124,21324,HANGING MEDINA LANTERN SMALL
125,22457,NATURAL SLATE HEART CHALKBOARD 
126,22469,HEART OF WICKER SMALL
127,22470,HEART OF WICKER LARGE
128,22224,WHITE LOVEBIRD LANTERN
129,21340,CLASSIC METAL BIRDCAGE PLANT HOLDER
130,22189,CREAM HEART CARD HOLDER
131,22427,ENAMEL FLOWER JUG CREAM
132,22428,ENAMEL FIRE BUCKET CREAM
133,22424,ENAMEL BREAD BIN CREAM
134,22663,JUMBO BAG DOLLY GIRL DESIGN
135,85049A,TRADITIONAL CHRISTMAS RIBBONS
136,22168,ORGANISER WOOD ANTIQUE WHITE 
137,22662,LUNCH BAG DOLLY GIRL DESIGN
138,84880,WHITE WIRE EGG HOLDER
139,85099B,JUMBO BAG RED RETROSPOT
140,79321,CHILLI LIGHTS
141,22780,LIGHT GARLAND BUTTERFILES PINK
142,22779,WOODEN OWLS LIGHT GARLAND 
143,22466,FAIRY TALE COTTAGE NIGHTLIGHT
144,21363,HOME SMALL WOOD LETTERS
145,21411,GINGHAM HEART  DOORSTOP RED
146,22318,FIVE HEART HANGING DECORATION
147,22915,ASSORTED BOTTLE TOP  MAGNETS 
148,22922,FRIDGE MAGNETS US DINER ASSORTED
149,22969,HOMEMADE JAM SCENTED CANDLES
150,22923,FRIDGE MAGNETS LES ENFANTS ASSORTED
151,21115,ROSE CARAVAN DOORSTOP
152,22242,5 HOOK HANGER MAGIC TOADSTOOL
153,22941,CHRISTMAS LIGHTS 10 REINDEER
154,21622,VINTAGE UNION JACK CUSHION COVER
155,35004C,SET OF 3 COLOURED  FLYING DUCKS
156,35004G,SET OF 3 GOLD FLYING DUCKS
157,85014B,RED RETROSPOT UMBRELLA
158,85014A,BLACK/BLUE POLKADOT UMBRELLA
159,22193,RED DINER WALL CLOCK
160,22192,BLUE DINER WALL CLOCK
161,22191,IVORY DINER WALL CLOCK
162,22195,LARGE HEART MEASURING SPOONS
163,22196,SMALL HEART MEASURING SPOONS
164,22962,JAM JAR WITH PINK LID
165,22963,JAM JAR WITH GREEN LID
166,22968,ROSE COTTAGE KEEPSAKE BOX 
167,84970S,HANGING HEART ZINC T-LIGHT HOLDER
168,22910,PAPER CHAIN KIT VINTAGE CHRISTMAS
169,20668,DISCO BALL CHRISTMAS DECORATION
170,22197,SMALL POPCORN HOLDER
171,22198,LARGE POPCORN HOLDER 
172,21080,SET/20 RED RETROSPOT PAPER NAPKINS 
173,21086,SET/6 RED SPOTTY PAPER CUPS
174,21786,POLKADOT RAIN HAT 
175,22654,DELUXE SEWING KIT 
176,21485,RETROSPOT HEART HOT WATER BOTTLE
177,84030E,ENGLISH ROSE HOT WATER BOTTLE
178,22174,PHOTO CUBE
179,22150,3 STRIPEY MICE FELTCRAFT
180,22619,SET OF 6 SOLDIER SKITTLES
181,21891,TRADITIONAL WOODEN SKIPPING ROPE
182,21889,WOODEN BOX OF DOMINOES
183,22827,RUSTIC  SEVENTEEN DRAWER SIDEBOARD
184,22127,PARTY CONES CARNIVAL ASSORTED
185,22128,PARTY CONES CANDY ASSORTED
186,22502,PICNIC BASKET WICKER SMALL
187,22338,STAR DECORATION PAINTED ZINC 
188,22180,RETROSPOT LAMP
189,21506,"FANCY FONT BIRTHDAY CARD, "
190,22866,HAND WARMER SCOTTY DOG DESIGN
191,22865,HAND WARMER OWL DESIGN
192,22632,HAND WARMER RED RETROSPOT
193,22349,DOG BOWL CHASING BALL DESIGN
194,22558,CLOTHES PEGS RETROSPOT PACK 24 
195,85152,HAND OVER THE CHOCOLATE   SIGN 
196,22652,TRAVEL SEWING KIT
197,22188,BLACK HEART CARD HOLDER
198,21484,CHICK GREY HOT WATER BOTTLE
199,21314,SMALL GLASS HEART TRINKET POT
200,22730,ALARM CLOCK BAKELIKE IVORY
201,22729,ALARM CLOCK BAKELIKE ORANGE
202,22867,HAND WARMER BIRD DESIGN
203,22803,IVORY EMBROIDERED QUILT 
204,35004B,SET OF 3 BLACK FLYING DUCKS
205,21980,PACK OF 12 RED RETROSPOT TISSUES 
206,21844,RED RETROSPOT MUG
207,22468,BABUSHKA LIGHTS STRING OF 10
208,48185,DOORMAT FAIRY CAKE
209,21232,STRAWBERRY CERAMIC TRINKET BOX
210,22064,PINK DOUGHNUT TRINKET POT 
211,22449,SILK PURSE BABUSHKA PINK
212,22835,HOT WATER BOTTLE I AM SO POORLY
213,22112,CHOCOLATE HOT WATER BOTTLE
214,21479,WHITE SKULL HOT WATER BOTTLE 
215,22111,SCOTTIE DOG HOT WATER BOTTLE
216,22110,BIRD HOUSE HOT WATER BOTTLE
217,22098,BOUDOIR SQUARE TISSUE BOX
218,22100,SKULLS SQUARE TISSUE BOX
219,22766,PHOTO FRAME CORNICE
220,22451,SILK PURSE BABUSHKA RED
221,22549,PICTURE DOMINOES
222,84744,S/6 SEW ON CROCHET FLOWERS
223,85049E,SCANDINAVIAN REDS RIBBONS
224,21328,BALLOONS  WRITING SET 
225,17091A,LAVENDER INCENSE IN TIN
226,22473,TV DINNER TRAY VINTAGE PAISLEY
227,84509A,SET OF 4 ENGLISH ROSE PLACEMATS
228,84510A,SET OF 4 ENGLISH ROSE COASTERS
229,22767,TRIPLE PHOTO FRAME CORNICE 
230,22768,FAMILY PHOTO FRAME CORNICE
231,21463,MIRRORED DISCO BALL 
232,21464,DISCO BALL ROTATOR BATTERY OPERATED
233,20820,SILVER LOOKING MIRROR
234,85150,LADIES & GENTLEMEN METAL SIGN
235,22117,METAL SIGN HER DINNER IS SERVED 
236,48129,DOORMAT TOPIARY
237,82580,BATHROOM METAL SIGN
238,82578,KITCHEN METAL SIGN
239,82581,TOILET METAL SIGN
240,22413,METAL SIGN TAKE IT OR LEAVE IT 
241,21907,I'M ON HOLIDAY METAL SIGN
242,22441,GROW YOUR OWN BASIL IN ENAMEL MUG
243,21122,SET/10 PINK POLKADOT PARTY CANDLES
244,22851,SET 20 NAPKINS FAIRY CAKES DESIGN 
245,22810,SET OF 6 T-LIGHTS SNOWMEN
246,22809,SET OF 6 T-LIGHTS SANTA
247,22435,SET OF 9 HEART SHAPED BALLOONS
248,20966,SANDWICH BATH SPONGE
249,20963,APPLE BATH SPONGE
250,20961,STRAWBERRY BATH SPONGE 
251,22068,BLACK PIRATE TREASURE CHEST
252,21743,STAR PORTABLE TABLE LIGHT 
253,21744,SNOWFLAKE PORTABLE TABLE LIGHT 
254,84709B,PINK OVAL JEWELLED MIRROR
255,21592,RETROSPOT CIGAR BOX MATCHES 
256,21587,COSY HOUR GIANT TUBE MATCHES
257,20992,JAZZ HEARTS PURSE NOTEBOOK
258,22804,CANDLEHOLDER PINK HANGING HEART
259,20749,ASSORTED COLOUR MINI CASES
260,22382,LUNCH BAG SPACEBOY DESIGN 
261,20726,LUNCH BAG WOODLAND
262,22384,LUNCH BAG PINK POLKADOT
263,22467,GUMBALL COAT RACK
264,84625C,BLUE NEW BAROQUE CANDLESTICK CANDLE
265,84625A,PINK NEW BAROQUECANDLESTICK CANDLE
266,21108,FAIRY CAKE FLANNEL ASSORTED COLOUR
267,22848,BREAD BIN DINER STYLE PINK
268,47570B,TEA TIME TABLE CLOTH
269,22837,HOT WATER BOTTLE BABUSHKA 
270,22297,HEART IVORY TRELLIS SMALL
271,22772,PINK DRAWER KNOB ACRYLIC EDWARDIAN
272,22773,GREEN DRAWER KNOB ACRYLIC EDWARDIAN
273,22805,BLUE DRAWER KNOB ACRYLIC EDWARDIAN
274,21125,SET 6 FOOTBALL CELEBRATION CANDLES
275,21126,SET OF 6 GIRLS CELEBRATION CANDLES
276,85049C,ROMANTIC PINKS RIBBONS 
277,85049D,BRIGHT BLUES RIBBONS 
278,85049G,CHOCOLATE BOX RIBBONS 
279,21061,PARTY INVITES FOOTBALL
280,21063,PARTY INVITES JAZZ HEARTS
281,21062,PARTY INVITES SPACEMAN
282,84380,SET OF 3 BUTTERFLY COOKIE CUTTERS
283,84378,SET OF 3 HEART COOKIE CUTTERS
284,22964,3 PIECE SPACEBOY COOKIE CUTTER SET
285,21213,PACK OF 72 SKULL CAKE CASES
286,22417,PACK OF 60 SPACEBOY CAKE CASES
287,84992,72 SWEETHEART FAIRY CAKE CASES
288,22383,LUNCH BAG SUKI  DESIGN 
289,20728,LUNCH BAG CARS BLUE
290,20727,LUNCH BAG  BLACK SKULL.
291,22296,HEART IVORY TRELLIS LARGE
292,20914,SET/5 RED RETROSPOT LID GLASS BOWLS
293,22537,MAGIC DRAWING SLATE DINOSAUR
294,22533,MAGIC DRAWING SLATE BAKE A CAKE 
295,20982,12 PENCILS TALL TUBE SKULLS
296,21915,RED  HARMONICA IN BOX 
297,21914,BLUE HARMONICA IN BOX 
298,21544,SKULLS  WATER TRANSFER TATTOOS 
299,22813,PACK 3 BOXES BIRD PANNETONE 
300,84375,SET OF 20 KIDS COOKIE CUTTERS
301,22418,10 COLOUR SPACEBOY PEN
302,22178,VICTORIAN GLASS HANGING T-LIGHT
303,84970L,SINGLE HEART ZINC T-LIGHT HOLDER
304,22465,HANGING METAL STAR LANTERN
305,84949,SILVER HANGING T-LIGHT HOLDER
306,20685,DOORMAT RED RETROSPOT
307,48194,DOORMAT HEARTS
308,22488,NATURAL SLATE RECTANGLE CHALKBOARD
309,22219,LOVEBIRD HANGING DECORATION WHITE 
310,22610,PENS ASSORTED FUNNY FACE
311,22716,CARD CIRCUS PARADE
312,22706,WRAP COWBOYS  
313,22371,AIRLINE BAG VINTAGE TOKYO 78
314,21210,SET OF 72 RETROSPOT PAPER  DOILIES
315,22553,PLASTERS IN TIN SKULLS
316,16237,SLEEPING CAT ERASERS
317,22714,CARD BIRTHDAY COWBOY
318,22812,PACK 3 BOXES CHRISTMAS PANNETONE
319,84347,ROTATING SILVER ANGELS T-LIGHT HLDR
320,22736,RIBBON REEL MAKING SNOWMEN 
321,22620,4 TRADITIONAL SPINNING TOPS
322,21705,BAG 500g SWIRLY MARBLES
323,90199C,5 STRAND GLASS NECKLACE CRYSTAL
324,22785,SQUARECUSHION COVER PINK UNION FLAG
325,22975,SPACEBOY CHILDRENS EGG CUP
326,22972,CHILDREN'S SPACEBOY MUG
327,22568,FELTCRAFT CUSHION OWL
328,85116,BLACK CANDELABRA T-LIGHT HOLDER
329,22664,TOY TIDY DOLLY GIRL DESIGN
330,21609,SET 12 LAVENDER  BOTANICAL T-LIGHTS
331,21866,UNION JACK FLAG LUGGAGE TAG
332,20669,RED HEART LUGGAGE TAG
333,90129F,RED GLASS TASSLE BAG CHARM
334,90210B,CLEAR ACRYLIC FACETED BANGLE
335,21955,DOORMAT UNION JACK GUNS AND ROSES
336,72802C,VANILLA SCENT CANDLE JEWELLED BOX
337,22109,FULL ENGLISH BREAKFAST PLATE
338,22531,MAGIC DRAWING SLATE CIRCUS PARADE  
339,21811,CHRISTMAS HANGING HEART WITH BELL
340,22183,CAKE STAND VICTORIAN FILIGREE MED
341,21678,PAISLEY PATTERN  STICKERS
342,21676,FLOWERS  STICKERS
343,85169B,BLACK LOVE BIRD CANDLE
344,16238,PARTY TIME PENCIL ERASERS
345,84906,PINK B'FLY C/COVER W BOBBLES
346,21867,PINK UNION JACK  LUGGAGE TAG
347,22075,6 RIBBONS ELEGANT CHRISTMAS 
348,21326,AGED GLASS SILVER T-LIGHT HOLDER
349,21065,BOOM BOX SPEAKER GIRLS
350,22074,6 RIBBONS SHIMMERING PINKS 
351,20713,JUMBO BAG OWLS
352,21116,OWL DOORSTOP
353,21824,PAINTED METAL STAR WITH HOLLY BELLS
354,21823,PAINTED METAL HEART WITH HOLLY BELL
355,22153,ANGEL DECORATION STARS ON DRESS
356,85099F,JUMBO BAG STRAWBERRY
357,20717,STRAWBERRY SHOPPER BAG
358,22328,ROUND SNACK BOXES SET OF 4 FRUITS 
359,22327,ROUND SNACK BOXES SET OF 4 SKULLS
360,22630,DOLLY GIRL LUNCH BOX
361,21245,GREEN POLKADOT PLATE 
362,21244,BLUE POLKADOT PLATE 
363,21242,RED RETROSPOT PLATE 
364,21243,PINK  POLKADOT PLATE 
365,22273,FELTCRAFT DOLL MOLLY
366,22940,FELTCRAFT CHRISTMAS FAIRY
367,22759,SET OF 3 NOTEBOOKS IN PARCEL
368,21880,RED RETROSPOT TAPE
369,21738,COSY SLIPPER SHOES SMALL  RED 
370,22077,6 RIBBONS RUSTIC CHARM
371,21448,12 DAISY PEGS IN WOOD BOX
372,22243,5 HOOK HANGER RED MAGIC TOADSTOOL
373,22141,CHRISTMAS CRAFT TREE TOP ANGEL
374,22144,CHRISTMAS CRAFT LITTLE FRIENDS
375,21739,COSY SLIPPER SHOES SMALL GREEN
376,22271,FELTCRAFT DOLL ROSIE
377,22274,FELTCRAFT DOLL EMILY
378,22751,FELTCRAFT PRINCESS OLIVIA DOLL
379,21034,REX CASH+CARRY JUMBO SHOPPER
380,22570,FELTCRAFT CUSHION RABBIT
381,22569,FELTCRAFT CUSHION BUTTERFLY
382,22902,TOTE BAG I LOVE LONDON
383,21710,FOLDING UMBRELLA PINKWHITE POLKADOT
384,21708,FOLDING UMBRELLA CREAM POLKADOT
385,21711,FOLDING UMBRELLA WHITE/RED POLKADOT
386,22179,SET 10 LIGHTS NIGHT OWL
387,21706,FOLDING UMBRELLA RED/WHITE POLKADOT
388,85184C,S/4 VALENTINE DECOUPAGE HEART BOX
389,22988,SOLDIERS EGG CUP 
390,20750,RED RETROSPOT MINI CASES
391,22952,60 CAKE CASES VINTAGE CHRISTMAS
392,22739,RIBBON REEL CHRISTMAS SOCK BAUBLE
393,22738,RIBBON REEL SNOWY VILLAGE
394,22909,SET OF 20 VINTAGE CHRISTMAS NAPKINS
395,35591T,TURQUOISE CHRISTMAS TREE 
396,22186,RED STAR CARD HOLDER
397,22695,WICKER WREATH SMALL
398,22580,ADVENT CALENDAR GINGHAM SACK
399,22147,FELTCRAFT BUTTERFLY HEARTS
400,22130,PARTY CONE CHRISTMAS DECORATION 
401,22694,WICKER STAR 
402,21790,VINTAGE SNAP CARDS
403,22149,FELTCRAFT 6 FLOWER FRIENDS
404,22321,BIRD DECORATION RED RETROSPOT
405,22594,CHRISTMAS GINGHAM TREE
406,22593,CHRISTMAS GINGHAM STAR
407,22595,CHRISTMAS GINGHAM HEART
408,21986,PACK OF 12 PINK POLKADOT TISSUES
409,22750,FELTCRAFT PRINCESS LOLA DOLL
410,22616,PACK OF 12 LONDON TISSUES 
411,22775,PURPLE DRAWERKNOB ACRYLIC EDWARDIAN
412,22899,CHILDREN'S APRON DOLLY GIRL 
413,22367,CHILDRENS APRON SPACEBOY DESIGN
414,22942,CHRISTMAS LIGHTS 10 SANTAS 
415,21976,PACK OF 60 MUSHROOM CAKE CASES
416,22951,60 CAKE CASES DOLLY GIRL DESIGN
417,22834,HAND WARMER BABUSHKA DESIGN
418,21916,SET 12 RETRO WHITE CHALK STICKS
419,22587,FELTCRAFT HAIRBAND RED AND BLUE
420,22566,FELTCRAFT HAIRBAND PINK AND PURPLE
421,22565,FELTCRAFT HAIRBANDS PINK AND WHITE 
422,22472,TV DINNER TRAY DOLLY GIRL
423,22557,PLASTERS IN TIN VINTAGE PAISLEY 
424,22551,PLASTERS IN TIN SPACEBOY
425,22554,PLASTERS IN TIN WOODLAND ANIMALS
426,22534,MAGIC DRAWING SLATE SPACEBOY 
427,22529,MAGIC DRAWING SLATE GO TO THE FAIR 
428,22530,MAGIC DRAWING SLATE DOLLY GIRL 
429,84032B,CHARLIE + LOLA RED HOT WATER BOTTLE
430,85049H,URBAN BLACK RIBBONS 
431,22807,SET OF 6 T-LIGHTS TOADSTOOLS
432,21494,ROTATING LEAVES T-LIGHT HOLDER
433,22938,CUPCAKE LACE PAPER SET 6
434,21892,TRADITIONAL WOODEN CATCH CUP GAME 
435,21890,S/6 WOODEN SKITTLES IN COTTON BAG
436,21718,RED METAL BEACH SPADE 
437,21716,BOYS VINTAGE TIN SEASIDE BUCKET
438,21715,GIRLS VINTAGE TIN SEASIDE BUCKET
439,22113,GREY HEART HOT WATER BOTTLE
440,22358,KINGS CHOICE TEA CADDY 
441,22357,KINGS CHOICE BISCUIT TIN
442,22115,METAL SIGN EMPIRE TEA
443,21481,FAWN BLUE HOT WATER BOTTLE
444,22585,PACK OF 6 BIRDY GIFT TAGS
445,21556,CERAMIC STRAWBERRY MONEY BOX
446,22645,CERAMIC HEART FAIRY CAKE MONEY BANK
447,22650,CERAMIC PIRATE CHEST MONEY BANK
448,22508,DOORSTOP RETROSPOT HEART
449,22511,RETROSPOT BABUSHKA DOORSTOP
450,22829,SWEETHEART WIRE WALL TIDY
451,21154,RED RETROSPOT OVEN GLOVE 
452,17021,NAMASTE SWAGAT INCENSE
453,22059,CERAMIC STRAWBERRY DESIGN MUG
454,84678,CLASSICAL ROSE SMALL VASE
455,85172,HYACINTH BULB T-LIGHT CANDLES
456,22142,CHRISTMAS CRAFT WHITE FAIRY 
457,21591,COSY HOUR CIGAR BOX MATCHES 
458,22480,RED TEA TOWEL CLASSIC DESIGN
459,22294,HEART FILIGREE DOVE  SMALL
460,21156,RETROSPOT CHILDRENS APRON
461,10133,COLOURING PENCILS BROWN TUBE
462,72800E,4 IVORY DINNER CANDLES SILVER FLOCK
463,84836,ZINC METAL HEART DECORATION
464,20774,GREEN FERN NOTEBOOK
465,20773,BLUE PAISLEY NOTEBOOK
466,20777,CHRYSANTHEMUM NOTEBOOK
467,16016,LARGE CHINESE STYLE SCISSOR
468,16014,SMALL CHINESE STYLE SCISSOR
469,21651,HANGING GLASS ETCHED TEALIGHT
470,22618,COOKING SET RETROSPOT
471,21586,KINGS CHOICE GIANT TUBE MATCHES
472,22152,PLACE SETTING WHITE STAR
473,84754,S/15 SILVER GLASS BAUBLES IN BAG
474,22670,FRENCH WC SIGN BLUE METAL
475,84849B,FAIRY SOAP SOAP HOLDER
476,22927,GREEN GIANT GARDEN THERMOMETER
477,22925,BLUE GIANT GARDEN THERMOMETER
478,21259,VICTORIAN SEWING BOX SMALL 
479,21257,VICTORIAN SEWING BOX MEDIUM
480,21121,SET/10 RED POLKADOT PARTY CANDLES
481,82552,WASHROOM METAL SIGN
482,90200B,BLACK SWEETHEART BRACELET
483,90059B,DIAMANTE HAIR GRIP PACK/2 BLACK DIA
484,90185C,BLACK DIAMANTE EXPANDABLE RING
485,90059E,DIAMANTE HAIR GRIP PACK/2 RUBY
486,90059C,DIAMANTE HAIR GRIP PACK/2 MONTANA
487,90200C,BLUE SWEETHEART BRACELET
488,90200D,PINK SWEETHEART BRACELET
489,90200A,PURPLE SWEETHEART BRACELET
490,22737,RIBBON REEL CHRISTMAS PRESENT 
491,21260,FIRST AID TIN
492,22744,MAKE YOUR OWN MONSOON CARD KIT
493,21985,PACK OF 12 HEARTS DESIGN TISSUES 
494,22295,HEART FILIGREE DOVE LARGE
495,16258A,SWIRLY CIRCULAR RUBBERS IN BAG
496,21992,VINTAGE PAISLEY STATIONERY SET
497,21124,SET/10 BLUE POLKADOT PARTY CANDLES
498,22735,RIBBON REEL SOCKS AND MITTENS
499,22945,CHRISTMAS METAL TAGS ASSORTED 
500,21816,CHRISTMAS TREE T-LIGHT HOLDER
501,21815,STAR  T-LIGHT HOLDER 
502,21814,HEART T-LIGHT HOLDER 
503,10125,MINI FUNKY DESIGN TAPES
504,22573,STAR WOODEN CHRISTMAS DECORATION
505,22577,WOODEN HEART CHRISTMAS SCANDINAVIAN
506,22603,CHRISTMAS RETROSPOT TREE WOOD
507,20878,SET/9 CHRISTMAS T-LIGHTS SCENTED 
508,20866,BLUE ROSE FABRIC MIRROR
509,85095,THREE CANVAS LUGGAGE TAGS
510,22333,RETROSPOT PARTY BAG + STICKER SET
511,21584,RETROSPOT SMALL TUBE MATCHES
512,22731,3D CHRISTMAS STAMPS STICKERS 
513,22956,36 FOIL HEART CAKE CASES
514,22582,PACK OF 6 SWEETIE GIFT BOXES
515,85231B,CINAMMON SET OF 9 T-LIGHTS
516,85231G,ORANGE SCENTED SET/9 T-LIGHTS
517,22082,RIBBON REEL STRIPES DESIGN 
518,22500,SET OF 2 TINS JARDIN DE PROVENCE
519,22742,MAKE YOUR OWN PLAYTIME CARD KIT
520,21329,DINOSAURS  WRITING SET 
521,21327,SKULLS WRITING SET 
522,48173C,DOORMAT BLACK FLOCK 
523,72818,CHRISTMAS DECOUPAGE CANDLE
524,22312,OFFICE MUG WARMER POLKADOT
525,21137,BLACK RECORD COVER FRAME
526,22041,"RECORD FRAME 7"" SINGLE SIZE "
527,20979,36 PENCILS TUBE RED RETROSPOT
528,20977,36 PENCILS TUBE WOODLAND
529,22571,ROCKING HORSE RED CHRISTMAS 
530,22423,REGENCY CAKESTAND 3 TIER
531,21621,VINTAGE UNION JACK BUNTING
532,47563A,RETRO LONGBOARD IRONING BOARD COVER
533,84558A,3D DOG PICTURE PLAYING CARDS
534,21577,SAVE THE PLANET COTTON TOTE BAG
535,22087,PAPER BUNTING WHITE LACE
536,22651,GENTLEMAN SHIRT REPAIR KIT 
537,22713,CARD I LOVE LONDON 
538,21370,MIRRORED WALL ART FOXY
539,21367,MIRRORED WALL ART GENTS
540,22376,AIRLINE BAG VINTAGE JET SET WHITE
541,21895,POTTING SHED SOW 'N' GROW SET
542,22372,AIRLINE BAG VINTAGE WORLD CHAMPION 
543,21190,PINK HEARTS PAPER GARLAND
544,21894,POTTING SHED SEED ENVELOPES
545,70007,HI TEC ALPINE HAND WARMER
546,46000M,POLYESTER FILLER PAD 45x45cm
547,22712,CARD DOLLY GIRL 
548,22983,CARD BILLBOARD FONT
549,22024,RAINY LADIES BIRTHDAY CARD
550,21488,RED WHITE SCARF  HOT WATER BOTTLE
551,22895,SET OF 2 TEA TOWELS APPLE AND PEARS
552,22784,LANTERN CREAM GAZEBO 
553,21441,BLUE BIRDHOUSE DECORATION
554,84947,ANTIQUE SILVER TEA GLASS ENGRAVED
555,22485,SET OF 2 WOODEN MARKET CRATES
556,21794,CLASSIC FRENCH STYLE BASKET NATURAL
557,20707,CRAZY DAISY HEART DECORATION
558,22588,CARD HOLDER GINGHAM HEART
559,21292,SMALL STRIPES CHOCOLATE GIFT BAG 
560,22760,"TRAY, BREAKFAST IN BED"
561,22107,PIZZA PLATE IN BOX
562,21486,PINK HEART DOTS HOT WATER BOTTLE
563,22151,PLACE SETTING WHITE HEART
564,22643,SET OF 4 NAPKIN CHARMS LEAVES   
565,22642,SET OF 4 NAPKIN CHARMS STARS   
566,22604,SET OF 4 NAPKIN CHARMS CUTLERY
567,22099,CARAVAN SQUARE TISSUE BOX
568,22653,BUTTON BOX 
569,22906,12 MESSAGE CARDS WITH ENVELOPES
570,22754,SMALL RED BABUSHKA NOTEBOOK 
571,22919,HERB MARKER MINT
572,22917,HERB MARKER ROSEMARY
573,22920,HERB MARKER BASIL
574,22921,HERB MARKER CHIVES 
575,22918,HERB MARKER PARSLEY
576,22916,HERB MARKER THYME
577,22575,METAL MERRY CHRISTMAS WREATH
578,21804,WHITE CHRISTMAS GARLAND STARS TREES
579,21588,RETROSPOT GIANT TUBE MATCHES
580,22955,36 FOIL STAR CAKE CASES 
581,22583,PACK OF 6 HANDBAG GIFT BOXES
582,22241,GARLAND WOODEN HAPPY EASTER
583,22904,CALENDAR PAPER CUT DESIGN
584,22905,CALENDAR IN SEASON DESIGN
585,22092,BLUE PAISLEY TISSUE BOX
586,22096,PINK PAISLEY SQUARE TISSUE BOX 
587,21358,TOAST ITS - HAPPY BIRTHDAY
588,21123,SET/10 IVORY POLKADOT PARTY CANDLES
589,21427,SKULLS STORAGE BOX SMALL
590,21930,JUMBO STORAGE BAG SKULLS
591,20772,GARDEN PATH JOURNAL
592,71406C,BLACK ORANGE SQUEEZER
593,84985A,SET OF 72 GREEN PAPER DOILIES
594,20754,RETROSPOT RED WASHING UP GLOVES
595,84596E,SMALL LICORICE DES PINK BOWL
596,21111,"SWISS ROLL TOWEL, CHOCOLATE  SPOTS"
597,22501,PICNIC BASKET WICKER LARGE
598,22854,CREAM SWEETHEART EGG HOLDER
599,84997D,PINK 3 PIECE POLKADOT CUTLERY SET
600,47599A,PINK PARTY BAGS
601,47599B,BLUE PARTY BAGS 
602,20972,PINK CREAM FELT CRAFT TRINKET BOX 
603,21041,RED RETROSPOT OVEN GLOVE DOUBLE
604,21664,RIDGED GLASS STORAGE JAR CREAM LID
605,22907,PACK OF 20 NAPKINS PANTRY DESIGN
606,22776,SWEETHEART CAKESTAND 3 TIER
607,21810,CHRISTMAS HANGING STAR WITH BELL
608,21197,MULTICOLOUR  CONFETTI IN TUBE
609,85035B,CHOCOLATE 3 WICK MORRIS BOX CANDLE
610,84968C,SET OF 16 VINTAGE PISTACHIO CUTLERY
611,21098,CHRISTMAS TOILET ROLL
612,21192,WHITE BELL HONEYCOMB PAPER 
613,72800B, 4 PURPLE FLOCK DINNER CANDLES
614,84563A,PINK & WHITE BREAKFAST TRAY
615,47504H,ENGLISH ROSE SPIRIT LEVEL 
616,21742,LARGE ROUND WICKER PLATTER 
617,22481,BLACK TEA TOWEL CLASSIC DESIGN
618,22943,CHRISTMAS LIGHTS 10 VINTAGE BAUBLES
619,22699,ROSES REGENCY TEACUP AND SAUCER 
620,22217,T-LIGHT HOLDER HANGING LACE
621,22227,HANGING HEART MIRROR DECORATION 
622,21106,CREAM SLICE FLANNEL CHOCOLATE SPOT 
623,21107,CREAM SLICE FLANNEL PINK SPOT 
624,22697,GREEN REGENCY TEACUP AND SAUCER
625,21826,EIGHT PIECE DINOSAUR SET
626,22548,HEADS AND TAILS SPORTING FUN
627,17164B,ASS COL SMALL SAND GECKO P'WEIGHT
628,22429,ENAMEL MEASURING JUG CREAM
629,20974,12 PENCILS SMALL TUBE SKULL
630,20973,12 PENCIL SMALL TUBE WOODLAND
631,15044B,BLUE PAPER PARASOL 
632,21135,VICTORIAN  METAL POSTCARD SPRING
633,22173,METAL 4 HOOK HANGER FRENCH CHATEAU
634,22626,BLACK KITCHEN SCALES
635,22625,RED KITCHEN SCALES
636,22624,IVORY KITCHEN SCALES
637,84945,MULTI COLOUR SILVER T-LIGHT HOLDER
638,22244,3 HOOK HANGER MAGIC GARDEN
639,47421,ASSORTED COLOUR LIZARD SUCTION HOOK
640,20712,JUMBO BAG WOODLAND ANIMALS
641,22973,CHILDREN'S CIRCUS PARADE MUG
642,84569B,PACK 3 FIRE ENGINE/CAR PATCHES
643,22815,CARD PSYCHEDELIC APPLES
644,85114B,IVORY ENCHANTED FOREST PLACEMAT
645,22584,PACK OF 6 PANNETONE GIFT BOXES
646,22454,MEASURING TAPE BABUSHKA RED
647,85114C,RED ENCHANTED FOREST PLACEMAT
648,22974,CHILDRENS DOLLY GIRL MUG
649,21452,TOADSTOOL MONEY BOX
650,22743,MAKE YOUR OWN FLOWERPOWER CARD KIT
651,22911,PAPER CHAIN KIT LONDON
652,22453,MEASURING TAPE BABUSHKA BLUE
653,22445,PENCIL CASE LIFE IS BEAUTIFUL
654,22607,WOODEN ROUNDERS GARDEN SET 
655,22635,CHILDS BREAKFAST SET DOLLY GIRL 
656,22634,CHILDS BREAKFAST SET SPACEBOY 
657,22222,CAKE PLATE LOVEBIRD WHITE
658,22947,WOODEN ADVENT CALENDAR RED
659,22187,GREEN CHRISTMAS TREE CARD HOLDER
660,22164,STRING OF STARS CARD HOLDER
661,72598,SET/12 TAPER CANDLES
662,22627,MINT KITCHEN SCALES
663,22487,WHITE WOOD GARDEN PLANT LADDER
664,22360,GLASS JAR ENGLISH CONFECTIONERY
665,22364,GLASS JAR DIGESTIVE BISCUITS
666,21657,MILK BOTTLE WITH GLASS STOPPER 
667,22120,WELCOME  WOODEN BLOCK LETTERS
668,21038,SET/4 MODERN VINTAGE COTTON NAPKINS
669,21625,VINTAGE UNION JACK APRON
670,22097,SWALLOW SQUARE TISSUE BOX
671,21179,NO JUNK MAIL METAL SIGN
672,22185,SLATE TILE NATURAL HANGING
673,21662,VINTAGE GLASS COFFEE CADDY
674,85104,SILVER GLASS T-LIGHT SET
675,21654,RIDGED GLASS FINGER BOWL
676,21658,GLASS  BEURRE DISH
677,21519,GIN & TONIC DIET GREETING CARD 
678,22819,"BIRTHDAY CARD, RETRO SPOT"
679,22704,WRAP RED APPLES 
680,21498,RED RETROSPOT WRAP 
681,22049,WRAP CHRISTMAS SCREEN PRINT
682,21497,FANCY FONTS BIRTHDAY WRAP
683,21333,CLASSIC WHITE FRAME
684,22194,BLACK DINER WALL CLOCK
685,22688,DOORMAT PEACE ON EARTH BLUE
686,84692,BOX OF 24 COCKTAIL PARASOLS
687,22444,GROW YOUR OWN PLANT IN A CAN 
688,22556,PLASTERS IN TIN CIRCUS PARADE 
689,22555,PLASTERS IN TIN STRONGMAN
690,22547,MINI JIGSAW DINOSAUR 
691,22543,MINI JIGSAW BAKE A CAKE 
692,22539,MINI JIGSAW DOLLY GIRL
693,22561,WOODEN SCHOOL COLOURING SET
694,22489,PACK OF 12 TRADITIONAL CRAYONS
695,22814,CARD PARTY GAMES 
696,21520,BOOZE & WOMEN GREETING CARD 
697,21982,PACK OF 12 SUKI TISSUES 
698,21981,PACK OF 12 WOODLAND TISSUES 
699,21967,PACK OF 12 SKULL TISSUES
700,21983,PACK OF 12 BLUE PAISLEY TISSUES 
701,22615,PACK OF 12 CIRCUS PARADE TISSUES 
702,22614,PACK OF 12 SPACEBOY TISSUES
703,22095,LADS ONLY TISSUE BOX
704,22094,RED RETROSPOT TISSUE BOX
705,21984,PACK OF 12 PINK PAISLEY TISSUES 
706,22966,GINGERBREAD MAN COOKIE CUTTER
707,21874,GIN AND TONIC MUG
708,21873,IF YOU CAN'T STAND THE HEAT MUG
709,21870,I CAN ONLY PLEASE ONE PERSON MUG
710,84050,PINK HEART SHAPE EGG FRYING PAN
711,22315,200 RED + WHITE BENDY STRAWS
712,22667,RECIPE BOX RETROSPOT 
713,22666,RECIPE BOX PANTRY YELLOW DESIGN
714,22665,RECIPE BOX BLUE SKETCHBOOK DESIGN
715,22567,20 DOLLY PEGS RETROSPOT
716,82600,NO SINGING METAL SIGN
717,22842,BISCUIT TIN VINTAGE RED
718,22494,EMERGENCY FIRST AID TIN 
719,22740,POLKADOT PEN
720,22825,DECORATIVE PLANT POT WITH FRIEZE
721,22680,FRENCH BLUE METAL DOOR SIGN 5
722,22797,CHEST OF DRAWERS GINGHAM HEART 
723,21843,RED RETROSPOT CAKE STAND
724,22118,JOY WOODEN BLOCK LETTERS
725,22121,NOEL WOODEN BLOCK LETTERS 
726,22119,PEACE WOODEN BLOCK LETTERS
727,22311,OFFICE MUG WARMER BLACK+SILVER 
728,72817,SET OF 2 CHRISTMAS DECOUPAGE CANDLE
729,22277,COSMETIC BAG VINTAGE ROSE PAISLEY
730,20867,PINK ROSE FABRIC MIRROR
731,21688,SILVER PLATE CANDLE BOWL SMALL
732,21694,SMALL REGAL  SILVER CANDLEPOT 
733,22800,ANTIQUE TALL SWIRLGLASS TRINKET POT
734,22801,ANTIQUE GLASS PEDESTAL BOWL
735,22781,GUMBALL MAGAZINE RACK
736,21466,RED FLOWER CROCHET FOOD COVER
737,21467,CHERRY CROCHET FOOD COVER
738,21471,STRAWBERRY RAFFIA FOOD COVER
739,21469,POLKA DOT RAFFIA FOOD COVER
740,21524,DOORMAT SPOTTY HOME SWEET HOME
741,22791,T-LIGHT GLASS FLUTED ANTIQUE
742,21690,SILVER  CANDLEPOT JARDIN 
743,37343,POLKADOT MUG PINK 
744,22088,PAPER BUNTING COLOURED LACE
745,21143,ANTIQUE GLASS HEART DECORATION 
746,84944,SET OF 6 KASHMIR FOLKART BAUBLES
747,22601,CHRISTMAS RETROSPOT ANGEL WOOD
748,22600,CHRISTMAS RETROSPOT STAR WOOD
749,22574,HEART WOODEN CHRISTMAS DECORATION
750,85199L,LARGE HANGING IVORY & RED WOOD BIRD
751,85199S,SMALL HANGING IVORY/RED WOOD BIRD
752,72741,GRAND CHOCOLATECANDLE
753,37495,FAIRY CAKE BIRTHDAY CANDLE SET
754,22171,3 HOOK PHOTO SHELF ANTIQUE WHITE
755,85067,CREAM SWEETHEART WALL CABINET
756,48184,DOORMAT ENGLISH ROSE 
757,48138,DOORMAT UNION FLAG
758,85019A,ROMANTIC IMAGES NOTEBOOK SET
759,85019C,CURIOUS  IMAGES NOTEBOOK SET
760,20902,VINTAGE KEEPSAKE BOX PARIS DAYS
761,21429,RED GINGHAM ROSE JEWELLERY BOX
762,85071A,BLUE CHARLIE+LOLA PERSONAL DOORSIGN
763,85071C,"CHARLIE+LOLA""EXTREMELY BUSY"" SIGN"
764,22355,CHARLOTTE BAG SUKI DESIGN
765,21579,LOLITA  DESIGN  COTTON TOTE BAG
766,21576,LETS GO SHOPPING COTTON TOTE BAG
767,22493,PAINT YOUR OWN CANVAS SET
768,21833,CAMOUFLAGE LED TORCH
769,85135B,BLUE DRAGONFLY HELICOPTER
770,85136A,YELLOW SHARK HELICOPTER
771,85136C,RED SHARK HELICOPTER
772,21055,TOOL BOX SOFT TOY 
773,21056,DOCTOR'S BAG SOFT TOY
774,C2,CARRIAGE
775,21928,JUMBO BAG SCANDINAVIAN PAISLEY
776,20711,JUMBO BAG TOYS 
777,79144B,PAINTED LIGHTBULB STAR+ MOON
778,22482,BLUE TEA TOWEL CLASSIC DESIGN
779,21917,SET 12 KIDS  WHITE CHALK STICKS
780,22599,CHRISTMAS MUSICAL ZINC STAR
781,22597,CHRISTMAS MUSICAL ZINC HEART 
782,22336,DOVE DECORATION PAINTED ZINC 
783,21922,UNION STRIPE WITH FRINGE  HAMMOCK
784,35961,FOLKART ZINC HEART CHRISTMAS DEC
785,21495,SKULLS AND CROSSBONES WRAP
786,46000R,POLYESTER FILLER PAD 45x30cm
787,46000S,POLYESTER FILLER PAD 40x40cm
788,84920,PINK FLOWER FABRIC PONY
789,22953,BIRTHDAY PARTY CORDON BARRIER TAPE
790,84508A,CAMOUFLAGE DESIGN TEDDY
791,22471,TV DINNER TRAY AIR HOSTESS 
792,21935,SUKI  SHOULDER BAG
793,21670,BLUE SPOT CERAMIC DRAWER KNOB
794,22786,CUSHION COVER PINK UNION JACK
795,85064,CREAM SWEETHEART LETTER RACK
796,22212,FOUR HOOK  WHITE LOVEBIRDS
797,22678,FRENCH BLUE METAL DOOR SIGN 3
798,22686,FRENCH BLUE METAL DOOR SIGN No
799,85232B,SET OF 3 BABUSHKA STACKING TINS
800,84685,BEACH HUT KEY CABINET
801,22755,SMALL PURPLE BABUSHKA NOTEBOOK 
802,20616,CHERRY BLOSSOM PASSPORT COVER
803,22753,SMALL YELLOW BABUSHKA NOTEBOOK 
804,79066K,RETRO MOD TRAY
805,22794,SWEETHEART WIRE MAGAZINE RACK
806,22592,CARDHOLDER HOLLY WREATH METAL
807,84352,SILVER CHRISTMAS TREE BAUBLE STAND 
808,22795,SWEETHEART RECIPE BOOK STAND
809,22278,OVERNIGHT BAG VINTAGE ROSE PAISLEY
810,84884A,ANT WHITE WIRE HEART SPIRAL
811,51014C,"FEATHER PEN,COAL BLACK"
812,51014L,"FEATHER PEN,LIGHT PINK"
813,51014A,"FEATHER PEN,HOT PINK"
814,22366,DOORMAT AIRMAIL 
815,22876,NUMBER TILE COTTAGE GARDEN 8
816,48111,DOORMAT 3 SMILEY CATS
817,22847,BREAD BIN DINER STYLE IVORY
818,22846,BREAD BIN DINER STYLE RED 
819,22402,MAGNETS PACK OF 4 VINTAGE COLLAGE
820,22400,MAGNETS PACK OF 4 HOME SWEET HOME
821,22399,MAGNETS PACK OF 4 CHILDHOOD MEMORY
822,79302M,"ART LIGHTS,FUNK MONKEY"
823,37446,MINI CAKE STAND WITH HANGING CAKES
824,37449,CERAMIC CAKE STAND + HANGING CAKES
825,21231,SWEETHEART CERAMIC TRINKET BOX
826,84509B,SET OF 4 FAIRY CAKE PLACEMATS
827,22313,OFFICE MUG WARMER PINK
828,22314,OFFICE MUG WARMER CHOC+BLUE
829,21181,PLEASE ONE PERSON METAL SIGN
830,21818,GLITTER CHRISTMAS HEART 
831,22976,CIRCUS PARADE CHILDRENS EGG CUP 
832,21668,RED STRIPE CERAMIC DRAWER KNOB
833,21462,"NURSERY A,B,C PAINTED LETTERS"
834,22496,SET OF 2 ROUND TINS DUTCH CHEESE
835,84870C,GREEN GEISHA GIRL 
836,84870B,BLUE GEISHA GIRL 
837,22765,NEWSPAPER STAND
838,21351,CINAMMON & ORANGE WREATH
839,21191,LARGE WHITE HONEYCOMB PAPER BELL  
840,22581,WOOD STOCKING CHRISTMAS SCANDISPOT
841,22639,SET OF 4 NAPKIN CHARMS HEARTS
842,22579,WOODEN TREE CHRISTMAS SCANDINAVIAN
843,22572,ROCKING HORSE GREEN CHRISTMAS 
844,21809,CHRISTMAS HANGING TREE WITH BELL
845,21147,JINGLE BELLS TREE DECORATION
846,22640,SET OF 4 NAPKIN CHARMS 3 KEYS 
847,22641,SET OF 4 NAPKIN CHARMS INSTRUMENT
848,22638,SET OF 4 NAPKIN CHARMS CROWNS 
849,22576,SWALLOW WOODEN CHRISTMAS DECORATION
850,21817,GLITTER CHRISTMAS TREE
851,21813,GARLAND WITH STARS AND BELLS
852,21808,"CHRISTMAS GARLAND STARS,TREES"
853,21014,SWISS CHALET TREE DECORATION 
854,21018,BIRD BOX CHRISTMAS TREE DECORATION
855,22946,WOODEN ADVENT CALENDAR CREAM
856,M,Manual
857,22816,CARD MOTORBIKE SANTA
858,22818,CARD CHRISTMAS VILLAGE
859,22660,DOORMAT I LOVE LONDON
860,21761,WOOD AND GLASS MEDICINE CABINET
861,21781,MA CAMPAGNE CUTLERY BOX
862,85032D,YULETIDE IMAGES GIFT WRAP SET
863,22696,WICKER WREATH LARGE
864,84360,TABLE LAMP WHITE SHADE WOOD BASE
865,35954,SMALL FOLKART STAR CHRISTMAS DEC
866,35957,SMALLFOLKART BAUBLE CHRISTMAS DEC
867,84760S,SMALL HANGING GLASS+ZINC LANTERN
868,72816,SET/3 CHRISTMAS DECOUPAGE CANDLES
869,35598D,PINK/WHITE CHRISTMAS TREE 60CM
870,85045,GREEN CHRISTMAS TREE STRING 20LIGHT
871,21352,EUCALYPTUS & PINECONE  WREATH
872,22065,CHRISTMAS PUDDING TRINKET POT 
873,35598B,BLACK CHRISTMAS TREE 60CM
874,85048,15CM CHRISTMAS GLASS BALL 20 LIGHTS
875,22589,CARDHOLDER GINGHAM STAR
876,22578,WOODEN STAR CHRISTMAS SCANDINAVIAN
877,22855,FINE WICKER HEART 
878,21864,UNION JACK FLAG PASSPORT COVER 
879,15056P,EDWARDIAN PARASOL PINK
880,85174,S/4 CACTI CANDLES
881,82615,PINK MARSHMALLOW SCARF KNITTING KIT
882,85038,6 CHOCOLATE LOVE HEART T-LIGHTS
883,20971,PINK BLUE FELT CRAFT TRINKET BOX
884,21354,TOAST ITS - BEST MUM
885,22965,3 TRADITIONAL COOKIE CUTTERS  SET
886,22972,CHILDRENS SPACEBOY MUG
887,21374,MIRRORED WALL ART SKULLS
888,21365,MIRRORED WALL ART STARS
889,84032A,CHARLIE+LOLA PINK HOT WATER BOTTLE
890,84031A,CHARLIE+LOLA RED HOT WATER BOTTLE 
891,21509,COWBOYS AND INDIANS BIRTHDAY CARD 
892,22025,RING OF ROSES BIRTHDAY CARD
893,22725,ALARM CLOCK BAKELIKE CHOCOLATE
894,37448,CERAMIC CAKE DESIGN SPOTTED MUG
895,22421,LIPSTICK PEN FUSCHIA
896,17003,BROCADE RING PURSE 
897,84997A,GREEN 3 PIECE POLKADOT CUTLERY SET
898,21136,PAINTED METAL PEARS ASSORTED
899,71477,COLOUR GLASS. STAR T-LIGHT HOLDER
900,22030,SWALLOWS GREETING CARD
901,22135,LADLE LOVE HEART PINK
902,90214M,"LETTER ""M"" BLING KEY RING"
903,90214V,"LETTER ""V"" BLING KEY RING"
904,90214S,"LETTER ""S"" BLING KEY RING"
905,90214J,"LETTER ""J"" BLING KEY RING"
906,22378,WALL TIDY RETROSPOT 
907,21888,BINGO SET
908,21789,KIDS RAIN MAC PINK
909,21238,RED RETROSPOT CUP
910,21629,SQUARE FLOOR CUSHION VINTAGE RED
911,72807C,SET/3 VANILLA SCENTED CANDLE IN BOX
912,22497,SET OF 2 TINS VINTAGE BATHROOM 
913,21850,BLUE  DIAMANTE PEN IN GIFT BOX
914,20978,36 PENCILS TUBE SKULLS
915,20768,GREEN FERN JOURNAL 
916,22081,RIBBON REEL FLORA + FAUNA 
917,20780,BLACK EAR MUFF HEADPHONES
918,21398,RED POLKADOT COFFEE  MUG
919,22476,EMPIRE UNION JACK TV DINNER TRAY
920,21643,ASSORTED TUTTI FRUTTI MIRROR
921,21620,SET OF 4 ROSE BOTANICAL CANDLES
922,22260,FELT EGG COSY BLUE RABBIT 
923,22136,LOVE HEART SOCK HANGER
924,47591B,SCOTTIES CHILDRENS APRON
925,22519,CHILDS GARDEN BRUSH PINK
926,21472,LADYBIRD + BEE RAFFIA FOOD COVER
927,21877,HOME SWEET HOME MUG
928,22524,CHILDRENS GARDEN GLOVES BLUE
929,20765,CHRYSANTHEMUM SKETCHBOOK 
930,21704,BAG 250g SWIRLY MARBLES
931,21703,BAG 125g SWIRLY MARBLES
932,85035C,ROSE 3 WICK MORRIS BOX CANDLE
933,72803A,ROSE SCENT CANDLE JEWELLED DRAWER
934,20682,RED RETROSPOT CHILDRENS UMBRELLA
935,40001,WHITE BAMBOO RIBS LAMPSHADE
936,21709,FOLDING UMBRELLA CHOCOLATE POLKADOT
937,22220,CAKE STAND LOVEBIRD 2 TIER WHITE
938,85034A,3 GARDENIA MORRIS BOXED CANDLES
939,72798C,SET/4 GARDEN ROSE DINNER CANDLE
940,35271S,GOLD PRINT PAPER BAG
941,21380,WOODEN HAPPY BIRTHDAY GARLAND
942,21221,SET/4 BADGES CUTE CREATURES
943,20755,BLUE PAISLEY POCKET BOOK
944,21421,PORCELAIN ROSE LARGE 
945,21422,PORCELAIN ROSE SMALL
946,22617,BAKING SET SPACEBOY DESIGN
947,22863,SOAP DISH BROCANTE
948,22792,FLUTED ANTIQUE CANDLE HOLDER
949,21364,PEACE SMALL WOOD LETTERS
950,21042,RED RETROSPOT APRON 
951,47567B,TEA TIME KITCHEN APRON
952,22272,FELTCRAFT DOLL MARIA
953,21172,PARTY METAL SIGN 
954,72760B,VINTAGE CREAM 3 BASKET CAKE STAND
955,22602,CHRISTMAS RETROSPOT HEART WOOD
956,22365,DOORMAT RESPECTABLE HOUSE
957,22507,MEMO BOARD RETROSPOT  DESIGN
958,62096A,PINK/YELLOW FLOWERS HANDBAG
959,85071D,CHARLIE+LOLA MY ROOM DOOR SIGN
960,21272,SALLE DE BAIN HOOK
961,22044,CHRISTMAS CARD STACK OF PRESENTS
962,21918,SET 12 KIDS COLOUR  CHALK STICKS
963,22029,SPACEBOY BIRTHDAY CARD
964,22037,ROBOT BIRTHDAY CARD
965,21360,JOY LARGE WOOD LETTERS
966,84077,WORLD WAR 2 GLIDERS ASSTD DESIGNS
967,22898,CHILDRENS APRON APPLES DESIGN
968,84792,ENCHANTED BIRD COATHANGER 5 HOOK
969,21356,TOAST ITS - FAIRY FLOWER
970,85175,CACTI T-LIGHT CANDLES
971,20893,HANGING BAUBLE T-LIGHT HOLDER SMALL
972,20975,12 PENCILS SMALL TUBE RED RETROSPOT
973,22440,BALLOON WATER BOMB PACK OF 35
974,22434,BALLOON PUMP WITH 10 BALLOONS
975,22564,ALPHABET STENCIL CRAFT
976,22965,3 TRADITIONAl BISCUIT CUTTERS  SET
977,21215,IVORY PAPER CUP CAKE CASES 
978,21058,PARTY INVITES WOODLAND
979,21060,PARTY INVITES BALLOON GIRL
980,21719,LOVELY BONBON STICKER SHEET
981,21722,SWEET PUDDING STICKER SHEET
982,84826,ASSTD DESIGN 3D PAPER STICKERS
983,21881,CUTE CATS TAPE
984,10135,COLOURING PENCILS BROWN TUBE
985,22422,TOOTHPASTE TUBE PEN
986,22536,MAGIC DRAWING SLATE PURDEY
987,22491,PACK OF 12 COLOURED PENCILS
988,21355,TOAST ITS - I LOVE YOU 
989,21518,BANK ACCOUNT  GREETING  CARD 
990,22023,EMPIRE BIRTHDAY CARD
991,22027,TEA PARTY BIRTHDAY CARD
992,22718,CARD CAT AND TREE 
993,22717,CARD DOG AND BALL 
994,22028,PENNY FARTHING BIRTHDAY CARD
995,21669,BLUE STRIPE CERAMIC DRAWER KNOB
996,21671,RED SPOT CERAMIC DRAWER KNOB
997,21673,WHITE SPOT BLUE CERAMIC DRAWER KNOB
998,22245,"HOOK, 1 HANGER ,MAGIC GARDEN"
999,22460,EMBOSSED GLASS TEALIGHT HOLDER
1000,22432,WATERING CAN PINK BUNNY
1001,22433,WATERING CAN GREEN DINOSAUR
1002,22431,WATERING CAN BLUE ELEPHANT
1003,84674,FLYING PIG WATERING CAN
1004,21069,VINTAGE BILLBOARD TEA MUG
1005,21070,VINTAGE BILLBOARD MUG 
1006,22419,LIPSTICK PEN RED
1007,22676,FRENCH BLUE METAL DOOR SIGN 1
1008,22672,FRENCH BATHROOM SIGN BLUE METAL
1009,22928,YELLOW GIANT GARDEN THERMOMETER
1010,22776,"CAKESTAND, 3 TIER, LOVEHEART"
1011,22778,GLASS BELL JAR SMALL
1012,22777,GLASS BELL JAR LARGE
1013,22477,WATERING CAN GARDEN MARKER
1014,21875,KINGS CHOICE MUG
1015,22924,FRIDGE MAGNETS LA VIE EN ROSE
1016,21217,RED RETROSPOT ROUND CAKE TINS
1017,22301,COFFEE MUG CAT + BIRD DESIGN
1018,22446,PIN CUSHION BABUSHKA PINK
1019,22832,BROCANTE SHELF WITH HOOKS
1020,20674,GREEN POLKADOT BOWL
1021,20676,RED RETROSPOT BOWL
1022,82582,AREA PATROLLED METAL SIGN
1023,22170,PICTURE FRAME WOOD TRIPLE PORTRAIT
1024,21679,SKULLS  STICKERS
1025,21428,SET3 BOOK BOX GREEN GINGHAM FLOWER 
1026,21868,POTTING SHED TEA MUG
1027,22840,ROUND CAKE TIN VINTAGE RED
1028,79191C,RETRO PLASTIC ELEPHANT TRAY
1029,20733,GOLD MINI TAPE MEASURE 
1030,47471,RAINBOW PEGS PHOTO CLIP STRING
1031,16046,TEATIME PEN CASE & PENS
1032,22796,PHOTO FRAME 3 CLASSIC HANGING
1033,22733,3D TRADITIONAL CHRISTMAS STICKERS
1034,22560,TRADITIONAL MODELLING CLAY
1035,22559,SEASIDE FLYING DISC
1036,22896,PEG BAG APPLES DESIGN
1037,20967,GREY FLORAL FELTCRAFT SHOULDER BAG
1038,84031B,CHARLIE LOLA BLUE HOT WATER BOTTLE 
1039,21430,SET/3 RED GINGHAM ROSE STORAGE BOX
1040,21313,GLASS HEART T-LIGHT HOLDER 
1041,47566B,TEA TIME PARTY BUNTING
1042,22499,WOODEN UNION JACK BUNTING
1043,22090,PAPER BUNTING RETROSPOT
1044,22071,SMALL WHITE RETROSPOT MUG IN BOX 
1045,22070,SMALL RED RETROSPOT MUG IN BOX 
1046,21216,"SET 3 RETROSPOT TEA,COFFEE,SUGAR"
1047,20983,12 PENCILS TALL TUBE RED RETROSPOT
1048,21537,RED RETROSPOT PUDDING BOWL
1049,21527,RED RETROSPOT TRADITIONAL TEAPOT 
1050,21538,DAIRY MAID  PUDDING BOWL
1051,85216,ASSORTED CAKES FRIDGE MAGNETS
1052,22131,FOOD CONTAINER SET 3 LOVE HEART 
1053,21163,DO NOT TOUCH MY STUFF DOOR HANGER 
1054,21158,MOODY GIRL DOOR HANGER 
1055,21161,KEEP OUT BOYS DOOR HANGER 
1056,21159,MOODY BOY  DOOR HANGER 
1057,21390,FILIGRIS HEART WITH BUTTERFLY
1058,22335,HEART DECORATION PAINTED ZINC 
1059,22285,"DECORATION HEN ON NEST, HANGING"
1060,22284,HEN HOUSE DECORATION
1061,21383,PACK OF 12 STICKY BUNNIES
1062,21381,MINI WOODEN HAPPY BIRTHDAY GARLAND
1063,47590B,PINK HAPPY BIRTHDAY BUNTING
1064,47590A,BLUE HAPPY BIRTHDAY BUNTING
1065,22210,WOOD STAMP SET BEST WISHES
1066,22209,WOOD STAMP SET HAPPY BIRTHDAY
1067,22208,WOOD STAMP SET THANK YOU
1068,21872,GLAMOROUS  MUG
1069,22822,CREAM WALL PLANTER HEART SHAPED
1070,22385,JUMBO BAG SPACEBOY DESIGN
1071,20969,RED FLORAL FELTCRAFT SHOULDER BAG
1072,20970,PINK FLORAL FELTCRAFT SHOULDER BAG
1073,22374,AIRLINE BAG VINTAGE JET SET RED
1074,22375,AIRLINE BAG VINTAGE JET SET BROWN
1075,21741,COSY SLIPPER SHOES LARGE GREEN
1076,85061W,WHITE JEWELLED HEART DECORATION
1077,21385,IVORY HANGING DECORATION  HEART
1078,21288,STRIPEY CHOCOLATE NESTING BOXES
1079,21803,CHRISTMAS TREE STAR DECORATION
1080,21801,CHRISTMAS TREE DECORATION WITH BELL
1081,40016,CHINESE DRAGON PAPER LANTERNS
1082,22202,MILK PAN PINK POLKADOT
1083,21064,BOOM BOX SPEAKER BOYS
1084,47591D,PINK FAIRY CAKE CHILDRENS APRON
1085,84341B,SMALL PINK MAGIC CHRISTMAS TREE
1086,84509G,SET OF 4 FAIRY CAKE PLACEMATS 
1087,16235,RECYCLED PENCIL WITH RABBIT ERASER
1088,20986,BLUE CALCULATOR RULER
1089,20832,RED FLOCK LOVE HEART PHOTO FRAME
1090,84846A,SCENTED CANDLE IN DIGITALIS TIN
1091,22442,GROW YOUR OWN FLOWERS SET OF 3
1092,21563,RED HEART SHAPE LOVE BUCKET 
1093,21769,VINTAGE POST OFFICE CABINET
1094,85227,SET OF 6 3D KIT CARDS FOR KIDS
1095,20798,CLEAR MILKSHAKE GLASS
1096,22669,RED BABY BUNTING 
1097,22320,BIRDS MOBILE VINTAGE DESIGN
1098,21249,WOODLAND  HEIGHT CHART STICKERS 
1099,21561,DINOSAUR LUNCH BOX WITH CUTLERY
1100,21218,RED SPOTTY BISCUIT TIN
1101,85132A,CHARLIE + LOLA BISCUITS TINS
1102,85132B,CHARLIE AND LOLA TABLE TINS
1103,85132C,CHARLIE AND LOLA FIGURES TINS
1104,22215,CAKE STAND WHITE TWO TIER LACE
1105,20675,BLUE POLKADOT BOWL
1106,21239,PINK  POLKADOT CUP
1107,21207,SKULL AND CROSSBONES  GARLAND 
1108,21987,PACK OF 6 SKULL PAPER CUPS
1109,21988,PACK OF 6 SKULL PAPER PLATES
1110,21989,PACK OF 20 SKULL PAPER NAPKINS
1111,22316,200 BENDY SKULL STRAWS
1112,22332,SKULLS PARTY BAG + STICKER SET
1113,22437,SET OF 9 BLACK SKULL BALLOONS
1114,21206,STRAWBERRY HONEYCOMB  GARLAND 
1115,20677,PINK POLKADOT BOWL
1116,22806,SET OF 6 T-LIGHTS WEDDING CAKE 
1117,22893,MINI CAKE STAND T-LIGHT HOLDER
1118,22841,ROUND CAKE TIN VINTAGE GREEN
1119,85159A,"BLACK TEA,COFFEE,SUGAR JARS"
1120,21784,SHOE SHINE BOX 
1121,22849,BREAD BIN DINER STYLE MINT
1122,17090D,VANILLA INCENSE 40 CONES IN TIN
1123,17090A,LAVENDER INCENSE 40 CONES IN TIN
1124,72127,COLUMBIAN CANDLE ROUND 
1125,72133,COLUMBIAN CANDLE RECTANGLE
1126,84763,ZINC FINISH 15CM PLANTER POTS
1127,85127,SMALL SQUARE CUT GLASS CANDLESTICK
1128,22450,SILK PURSE BABUSHKA BLUE
1129,10124G,ARMY CAMO BOOKCOVER TAPE
1130,84519B,CARROT CHARLIE+LOLA COASTER SET
1131,22505,MEMO BOARD COTTAGE DESIGN
1132,22514,CHILDS GARDEN SPADE BLUE
1133,22862,LOVE HEART NAPKIN BOX 
1134,21504,SKULLS GREETING CARD
1135,22292,HANGING CHICK  YELLOW DECORATION
1136,21211,SET OF 72 SKULL PAPER  DOILIES
1137,21974,SET OF 36 PAISLEY FLOWER DOILIES
1138,22045,SPACEBOY GIFT WRAP
1139,90175C,BLUE GLASS CHUNKY CHARM BRACELET
1140,90180A,BLACK+WHITE NECKLACE W TASSEL
1141,90178A,AMBER CHUNKY GLASS+BEAD NECKLACE
1142,22746,POPPY'S PLAYHOUSE LIVINGROOM 
1143,22986,GINGHAM ROSE WRAP
1144,20984,12 PENCILS TALL TUBE POSY
1145,22436,12 COLOURED PARTY BALLOONS
1146,21465,PINK FLOWER CROCHET FOOD COVER
1147,21470,FLOWER VINE RAFFIA FOOD COVER
1148,16012,FOOD/DRINK SPONGE STICKERS
1149,85025C,PINK HEART SHAPE PHOTO FRAME
1150,21851,LILAC DIAMANTE PEN IN GIFT BOX
1151,21849,SILVER DIAMANTE PEN IN GIFT BOX
1152,85124B,BLUE JUICY FRUIT PHOTO FRAME
1153,85124C,GREEN JUICY FRUIT PHOTO FRAME
1154,20828,GLITTER BUTTERFLY CLIPS
1155,21830,ASSORTED CREEPY CRAWLIES
1156,21623,VINTAGE UNION JACK MEMOBOARD
1157,85177,BASKET OF FLOWERS SEWING KIT
1158,84946,ANTIQUE SILVER TEA GLASS ETCHED
1159,22169,FAMILY ALBUM WHITE PICTURE FRAME
1160,16156S,WRAP PINK FAIRY CAKES 
1161,85049F,BABY BOOM RIBBONS 
1162,22426,ENAMEL WASH BOWL CREAM
1163,22190,LOCAL CAFE MUG
1164,90082D,DIAMANTE BOW BROOCH BLACK COLOUR
1165,90082A,DIAMANTE BOW BROOCH GREEN COLOUR
1166,90082B,DIAMANTE BOW BROOCH RED COLOUR
1167,90081A,LILY BROOCH AMETHYST COLOUR
1168,90204,PAIR OF ENAMEL BUTTERFLY HAIRCLIP
1169,90185B,AMETHYST DIAMANTE EXPANDABLE RING
1170,90195A,PURPLE GEMSTONE BRACELET
1171,90195B,BLACK GEMSTONE BRACELET
1172,90196A,PURPLE GEMSTONE NECKLACE 45CM
1173,90199A,5 STRAND GLASS NECKLACE BLACK
1174,90177C,DROP DIAMANTE EARRINGS CRYSTAL
1175,90186A,AMETHYST HOOP EARRING FLORAL LEAF
1176,20894,HANGING BAUBLE T-LIGHT HOLDER LARGE
1177,85106,CUT GLASS HEXAGON T-LIGHT HOLDER
1178,21415,CLAM SHELL SMALL 
1179,21416,CLAM SHELL LARGE
1180,21417,COCKLE SHELL DISH
1181,22343,PARTY PIZZA DISH RED RETROSPOT
1182,22474,SPACEBOY TV DINNER TRAY
1183,18097A,PINK TALL PORCELAIN T-LIGHT HOLDER 
1184,18097C,WHITE TALL PORCELAIN T-LIGHT HOLDER
1185,22977,DOLLY GIRL CHILDRENS EGG CUP
1186,21899,"KEY FOB , GARAGE DESIGN"
1187,21911,GARDEN METAL SIGN 
1188,21902,"KEY FOB , FRONT  DOOR "
1189,21901,"KEY FOB , BACK DOOR "
1190,21948,SET OF 6 CAKE CHOPSTICKS
1191,21949,SET OF 6 STRAWBERRY CHOPSTICKS
1192,20759,CHRYSANTHEMUM POCKET BOOK 
1193,20760,GARDEN PATH POCKET BOOK
1194,20757,RED DAISY POCKET BOOK 
1195,20981,12 PENCILS TALL TUBE WOODLAND
1196,85185D,FROG SOCK PUPPET
1197,85185B,PINK HORSE SOCK PUPPET
1198,79164,BLACK WINE GLASS
1199,84683,CLASSICAL ROSE CANDLESTAND
1200,21745,GAOLERS KEYS DECORATIVE GARDEN 
1201,79163,BLACK CHAMPAGNE GLASS
1202,21155,RED RETROSPOT PEG BAG
1203,15060B,FAIRY CAKE DESIGN UMBRELLA
1204,21700,BIG DOUGHNUT FRIDGE MAGNETS
1205,22985,"WRAP, BILLBOARD FONTS DESIGN"
1206,22821,GIFT BAG PSYCHEDELIC APPLES
1207,85114A,BLACK ENCHANTED FOREST PLACEMAT
1208,22705,WRAP GREEN PEARS 
1209,20724,RED RETROSPOT CHARLOTTE BAG
1210,22084,PAPER CHAIN KIT EMPIRE
1211,22356,CHARLOTTE BAG PINK POLKADOT
1212,22380,TOY TIDY SPACEBOY  
1213,72801C,4 ROSE PINK DINNER CANDLES
1214,72801D,4 SKY BLUE DINNER CANDLES
1215,21735,TWO DOOR CURIO CABINET
1216,21500,PINK POLKADOT WRAP 
1217,15036,ASSORTED COLOURS SILK FAN
1218,21408,SPOTTY PINK DUCK DOORSTOP
1219,BANK CHARGES,Bank Charges
1220,20718,RED RETROSPOT SHOPPER BAG
1221,21539,RED RETROSPOT BUTTER DISH
1222,22341,LOVE GARLAND PAINTED ZINC 
1223,22452,MEASURING TAPE BABUSHKA PINK
1224,21508,VINTAGE KID DOLLY CARD 
1225,21507,"ELEPHANT, BIRTHDAY CARD, "
1226,21499,BLUE POLKADOT WRAP
1227,20719,WOODLAND CHARLOTTE BAG
1228,85178,VICTORIAN SEWING KIT
1229,84952C,MIRROR LOVE BIRD T-LIGHT HOLDER
1230,84952B,BLACK LOVE BIRD T-LIGHT HOLDER
1231,71459,HANGING JAM JAR T-LIGHT HOLDER
1232,35001G,HAND OPEN SHAPE GOLD
1233,22264,FELT FARM ANIMAL WHITE BUNNY 
1234,20665,RED RETROSPOT PURSE 
1235,22181,SNOWSTORM PHOTO FRAME FRIDGE MAGNET
1236,21392,RED POLKADOT PUDDING BOWL
1237,21393,BLUE POLKADOT PUDDING BOWL
1238,21268,VINTAGE BLUE TINSEL REEL
1239,85144,JARDIN ETCHED GLASS BUTTER DISH
1240,21025,SPACE FROG
1241,21031,SPACE CADET BLACK
1242,21030,SPACE CADET RED
1243,21026,SPACE OWL
1244,21032,SPACE CADET WHITE
1245,21578,WOODLAND DESIGN  COTTON TOTE BAG
1246,22350,ILLUSTRATED CAT BOWL 
1247,21357,TOAST ITS - DINOSAUR
1248,20766,GARDEN PATH SKETCHBOOK
1249,21399,BLUE POLKADOT COFFEE MUG
1250,22562,MONSTERS STENCIL CRAFT
1251,21714,CITRONELLA CANDLE GARDEN POT
1252,21990,MODERN FLORAL STATIONERY SET
1253,20751,FUNKY WASHING UP GLOVES ASSORTED
1254,21993,FLORAL FOLK STATIONERY SET
1255,20752,BLUE POLKADOT WASHING UP GLOVES
1256,22636,CHILDS BREAKFAST SET CIRCUS PARADE
1257,21426,WOODLAND STORAGE BOX SMALL
1258,21581,SKULLS  DESIGN  COTTON TOTE BAG
1259,90002D,FLOWER BURST SILVER RING CRYSTAL
1260,82551,LAUNDRY 15C METAL SIGN
1261,82599,FANNY'S REST STOPMETAL SIGN
1262,21908,CHOCOLATE THIS WAY METAL SIGN
1263,82583,HOT BATHS METAL SIGN
1264,21174,POTTERING IN THE SHED METAL SIGN
1265,21900,"KEY FOB , SHED"
1266,70006,LOVE HEART POCKET WARMER
1267,22031,BOTANICAL LAVENDER BIRTHDAY CARD
1268,22777,GLASS CLOCHE LARGE
1269,79067,CORONA MEXICAN TRAY
1270,21788,KIDS RAIN MAC BLUE
1271,22408,MONEY BOX CONFECTIONERY DESIGN
1272,22406,MONEY BOX KINGS CHOICE DESIGN
1273,22405,MONEY BOX POCKET MONEY DESIGN
1274,84950,ASSORTED COLOUR T-LIGHT HOLDER
1275,22275,WEEKEND BAG VINTAGE ROSE PAISLEY
1276,37450,CERAMIC CAKE BOWL + HANGING CAKES
1277,22043,CHRISTMAS CARD SCREEN PRINT 
1278,22042,CHRISTMAS CARD SINGING ANGEL
1279,22089,PAPER BUNTING VINTAGE PAISLEY
1280,21059,PARTY INVITES DINOSAURS
1281,22430,ENAMEL WATERING CAN CREAM
1282,22425,ENAMEL COLANDER CREAM
1283,21240,BLUE POLKADOT CUP
1284,22207,FRYING PAN UNION FLAG
1285,21927,BLUE/CREAM STRIPE CUSHION COVER 
1286,21925,UNION STRIPE CUSHION COVER 
1287,22763,KEY CABINET MA CAMPAGNE
1288,85066,CREAM SWEETHEART MINI CHEST
1289,22334,DINOSAUR PARTY BAG + STICKER SET
1290,21349,IVY HEART WREATH
1291,22655,VINTAGE RED KITCHEN CABINET
1292,22060,LARGE CAKE STAND HANGING HEARTS
1293,22061,LARGE CAKE STAND  HANGING STRAWBERY
1294,21531,RED RETROSPOT SUGAR JAM BOWL
1295,21039,RED RETROSPOT SHOPPING BAG
1296,21157,RED RETROSPOT WASHBAG
1297,47559B,TEA TIME OVEN GLOVE
1298,22649,STRAWBERRY FAIRY CAKE TEAPOT
1299,16161P,WRAP ENGLISH ROSE 
1300,16161M,WRAP  PINK FLOCK
1301,85214,TUB 24 PINK FLOWER PEGS
1302,72232,FENG SHUI PILLAR CANDLE
1303,84247G,"DECOUPAGE,GREETING CARD,"
1304,22890,NOVELTY BISCUITS CAKE STAND 3 TIER
1305,21530,DAIRY MAID TOASTRACK
1306,21528,DAIRY MAID TRADITIONAL TEAPOT 
1307,21820,GLITTER HEART GARLAND WITH BELLS 
1308,21821,GLITTER STAR GARLAND WITH BELLS 
1309,22162,HEART GARLAND RUSTIC PADDED
1310,21114,LAVENDER SCENTED FABRIC HEART
1311,20615,BLUE POLKADOT PASSPORT COVER
1312,47021G,SET/6 BEAD COASTERS GAUZE BAG GOLD
1313,22443,GROW YOUR OWN HERBS SET OF 3
1314,20681,PINK POLKADOT CHILDRENS UMBRELLA
1315,22605,WOODEN CROQUET GARDEN SET
1316,22155,STAR DECORATION RUSTIC
1317,21807,WHITE CHRISTMAS STAR DECORATION
1318,22161,HEART DECORATION RUSTIC HANGING 
1319,20956,PORCELAIN T-LIGHT HOLDERS ASSORTED
1320,22067,CHOC TRUFFLE GOLD TRINKET POT 
1321,22276,WASH BAG VINTAGE ROSE PAISLEY
1322,22503,CABIN BAG VINTAGE PAISLEY
1323,22504,CABIN BAG VINTAGE RETROSPOT
1324,22747,POPPY'S PLAYHOUSE BATHROOM
1325,22621,TRADITIONAL KNITTING NANCY
1326,22845,VINTAGE CREAM CAT FOOD CONTAINER
1327,79000,MOROCCAN TEA GLASS
1328,22802,FAUX FUR CHOCOLATE THROW
1329,22078,RIBBON REEL LACE DESIGN 
1330,85049B,LUSH GREENS RIBBONS
1331,21878,PACK OF 6 SANDCASTLE FLAGS ASSORTED
1332,85131A,BEADED PEARL HEART WHITE ON STICK
1333,22158,3 HEARTS HANGING DECORATION RUSTIC
1334,22300,COFFEE MUG DOG + BALL DESIGN
1335,10123C,HEARTS WRAPPING TAPE 
1336,10120,DOGGY RUBBER
1337,84006,MAGIC TREE -PAPER FLOWERS
1338,20767,BLUE PAISLEY JOURNAL 
1339,90094,NECKLACE+BRACELET SET FRUIT SALAD 
1340,22758,LARGE PURPLE BABUSHKA NOTEBOOK  
1341,21882,SKULLS TAPE
1342,21884,CAKES AND BOWS GIFT  TAPE
1343,22756,LARGE YELLOW BABUSHKA NOTEBOOK 
1344,22757,LARGE RED BABUSHKA NOTEBOOK 
1345,22154,ANGEL DECORATION 3 BUTTONS 
1346,84993A,75 GREEN PETIT FOUR CASES
1347,84987,SET OF 36 TEATIME PAPER DOILIES
1348,20998,ROSE DU SUD OVEN GLOVE
1349,21407,BROWN CHECK CAT DOORSTOP 
1350,22702,BLACK AND WHITE CAT BOWL
1351,22550,HOLIDAY FUN LUDO
1352,22076,6 RIBBONS EMPIRE  
1353,84925D,LA PALMIERA WALL THERMOMETER
1354,84520B,PACK 20 ENGLISH ROSE PAPER NAPKINS
1355,21078,SET/20 STRAWBERRY PAPER NAPKINS 
1356,17084R,ASSORTED INCENSE PACK
1357,17091J,VANILLA INCENSE IN TIN
1358,85018D,YULETIDE IMAGES S/6 PAPER BOXES
1359,22732,3D VINTAGE CHRISTMAS STICKERS 
1360,47503J,SET/3 FLORAL GARDEN TOOLS IN BAG
1361,37464,ROBOT MUG IN DISPLAY BOX
1362,84247N,PACK/12 BLUE FOLKART CARDS
1363,84247K,"FOLK ART GREETING CARD,pack/12"
1364,22035,VINTAGE CARAVAN GREETING CARD 
1365,21250,SET OF SKULL WALL STICKERS
1366,21677,HEARTS  STICKERS
1367,47504K,ENGLISH ROSE GARDEN SECATEURS
1368,84212,"ASSORTED FLOWER COLOUR ""LEIS"""
1369,21828,EIGHT PIECE SNAKE  SET
1370,21377,SMALL CAMPHOR WOOD FIELD  MUSHROOM
1371,21379,CAMPHOR WOOD PORTOBELLO MUSHROOM
1372,37489D,PINK/GREEN FLOWER DESIGN BIG MUG
1373,17107D,"FLOWER FAIRY,5 SUMMER B'DRAW LINERS"
1374,22132,RED LOVE HEART SHAPE CUP
1375,22133,PINK LOVE HEART SHAPE CUP
1376,37489B,BLUE/YELLOW FLOWER DESIGN BIG MUG
1377,37489C,GREEN/BLUE FLOWER DESIGN BIG MUG
1378,21564,PINK  HEART SHAPE LOVE BUCKET 
1379,21932,SCANDINAVIAN PAISLEY PICNIC BAG
1380,21933,PINK VINTAGE PAISLEY PICNIC BAG
1381,21100,CHARLIE AND LOLA CHARLOTTE BAG
1382,37489A,YELLOW/PINK FLOWER DESIGN BIG MUG
1383,22072,RED RETROSPOT TEA CUP AND SAUCER 
1384,84534B,FAIRY CAKE NOTEBOOK A5 SIZE
1385,84536A,ENGLISH ROSE NOTEBOOK A7 SIZE
1386,21905,MORE BUTTER METAL SIGN 
1387,21164,HOME SWEET HOME METAL SIGN 
1388,47566,PARTY BUNTING
1389,21945,STRAWBERRIES  DESIGN FLANNEL 
1390,22844,VINTAGE CREAM DOG FOOD CONTAINER
1391,22414,DOORMAT NEIGHBOURHOOD WITCH 
1392,21906,PHARMACIE FIRST AID TIN
1393,22456,NATURAL SLATE CHALKBOARD LARGE 
1394,22116,METAL SIGN HIS DINNER IS SERVED
1395,85130A,BEADED PEARL HEART WHITE LARGE
1396,85129C,BEADED CRYSTAL HEART BLUE SMALL
1397,22892,SET OF SALT AND PEPPER TOADSTOOLS
1398,22080,RIBBON REEL POLKADOTS 
1399,22948,METAL DECORATION NAUGHTY CHILDREN 
1400,22944,CHRISTMAS METAL POSTCARD WITH BELLS
1401,22246,"GARLAND, MAGIC GARDEN 1.8M"
1402,35967,FOLK ART METAL STAR T-LIGHT HOLDER
1403,22299,PIG KEYRING WITH LIGHT & SOUND 
1404,84849A,HELLO SAILOR BLUE SOAP HOLDER
1405,22304,COFFEE MUG BLUE PAISLEY DESIGN
1406,21165,BEWARE OF THE CAT METAL SIGN 
1407,84559A,3D SHEET OF DOG STICKERS
1408,84559B,3D SHEET OF CAT STICKERS
1409,22137,BATHROOM SET LOVE HEART DESIGN
1410,85230B,CINNAMON SCENTED VOTIVE CANDLE
1411,85230F,JASMINE VOTIVE CANDLE
1412,22306,SILVER MUG BONE CHINA TREE OF LIFE
1413,22331,WOODLAND PARTY BAG + STICKER SET
1414,84849D,HOT BATHS SOAP HOLDER
1415,21446,12 RED ROSE PEG PLACE SETTINGS
1416,84507C,BLUE CIRCLES DESIGN MONKEY DOLL
1417,20910,VINTAGE PHOTO ALBUM PARIS DAYS
1418,82616C,MIDNIGHT GLAMOUR SCARF KNITTING KIT
1419,82616B,FRAPPUCINO SCARF KNITTING KIT
1420,21558,SKULL LUNCH BOX WITH CUTLERY 
1421,22409,MONEY BOX BISCUITS DESIGN
1422,90128B,BLUE LEAVES AND BEADS PHONE CHARM
1423,90196B,BLACK GEMSTONE NECKLACE 45CM
1424,90198B,VINTAGE ROSE BEAD BRACELET BLACK
1425,90152B,BLUE/GREEN SHELL NECKLACE W PENDANT
1426,90151,SILVER/NATURAL SHELL NECKLACE
1427,20661,BLUE POLKADOT PURSE 
1428,20652,BLUE POLKADOT LUGGAGE TAG 
1429,21845,DAIRY MAID STRIPE MUG
1430,22398,MAGNETS PACK OF 4 SWALLOWS
1431,20854,BLUE PATCH PURSE PINK HEART
1432,84877D,BLUE ROUND COMPACT MIRROR
1433,20657,TROPICAL LUGGAGE TAG
1434,47422,ASSORTED MONKEY SUCTION CUP HOOK
1435,21642,ASSORTED TUTTI FRUTTI PEN
1436,20658,RED RETROSPOT LUGGAGE TAG
1437,22396,MAGNETS PACK OF 4 RETRO PHOTO
1438,47503H,ASS FLORAL PRINT SPIRIT LEVEL 
1439,72130,COLUMBIAN CANDLE ROUND
1440,72128,COLUMBIAN CANDLE ROUND
1441,47343A,FUSCHIA FLOWER PURSE WITH BEADS
1442,72802A,ROSE SCENT CANDLE IN JEWELLED BOX
1443,84581,DOG TOY WITH PINK CROCHET SKIRT
1444,84580,MOUSE TOY WITH PINK T-SHIRT
1445,72807B,SET/3 OCEAN SCENT CANDLE JEWEL BOX
1446,72802B,OCEAN SCENT CANDLE IN JEWELLED BOX
1447,21054,NURSE'S BAG SOFT TOY
1448,21991,BOHEMIAN COLLAGE STATIONERY SET
1449,84562A,PINK/WHITE RIBBED MELAMINE JUG
1450,21936,RED RETROSPOT PICNIC BAG
1451,21040,MODERN VINTAGE COTTON SHOPPING BAG
1452,21937,STRAWBERRY   PICNIC BAG
1453,22701,PINK DOG BOWL
1454,22359,GLASS JAR KINGS CHOICE
1455,22361,GLASS JAR DAISY FRESH COTTON WOOL
1456,22362,GLASS JAR PEACOCK BATH SALTS
1457,82011C,BATHROOM SCALES FOOTPRINTS IN SAND
1458,84865,NEW BAROQUE BLACK PHOTO ALBUM
1459,21287,SCENTED VELVET LOUNGE CANDLE 
1460,79337,BLUE FLOCK GLASS CANDLEHOLDER
1461,85111,SILVER GLITTER FLOWER VOTIVE HOLDER
1462,22307,GOLD MUG BONE CHINA TREE OF LIFE
1463,85078,SCANDINAVIAN 3 HEARTS NAPKIN RING
1464,85036B,CHOCOLATE 1 WICK MORRIS BOX CANDLE
1465,85035A,GARDENIA 3 WICK MORRIS BOXED CANDLE
1466,85034C,3 ROSE MORRIS BOXED CANDLES
1467,84614A,PINK BAROQUE FLOCK CANDLE HOLDER
1468,22509,SEWING BOX RETROSPOT DESIGN 
1469,22586,FELTCRAFT HAIRBAND PINK AND BLUE
1470,22348,TEA BAG PLATE RED RETROSPOT
1471,20829,GLITTER HANGING BUTTERFLY STRING
1472,21224,SET/4 SKULL BADGES
1473,21721,CANDY SHOP  STICKER SHEET
1474,84988,SET OF 72 PINK HEART PAPER DOILIES
1475,21947,SET OF 6 HEART CHOPSTICKS
1476,21726,MULTI HEARTS  STICKERS
1477,22200,FRYING PAN PINK POLKADOT
1478,20697,LITTLE GREEN MONSTER SOFT TOY
1479,20699,MOUSEY LONG LEGS SOFT TOY
1480,22671,FRENCH LAUNDRY SIGN BLUE METAL
1481,85135C,RED DRAGONFLY HELICOPTER
1482,21876,POTTERING MUG
1483,85054,FRENCH ENAMEL POT W LID
1484,85055,FRENCH ENAMEL UTENSIL HOLDER
1485,84924A,WAKE UP COCKEREL CALENDAR SIGN 
1486,35810B,ENAMEL BLUE RIM COFFEE CONTAINER
1487,35241,ENAMEL BLUE RIM BISCUIT BIN
1488,21112,"SWISS ROLL TOWEL, PINK  SPOTS"
1489,17109D,FLOWER FAIRY INCENSE BOUQUET
1490,21011,GLITTER SNOW PEAR TREE DECORATION
1491,22853,CAT BOWL VINTAGE CREAM
1492,85034B,3 WHITE CHOC MORRIS BOXED CANDLES
1493,72800D,4 BLUE DINNER CANDLES SILVER FLOCK
1494,84819,DANISH ROSE ROUND SEWING BOX
1495,90185D,CRYSTAL DIAMANTE EXPANDABLE RING
1496,90175A,WHITE GLASS CHUNKY CHARM BRACELET
1497,22458,CAST IRON HOOK GARDEN FORK
1498,22459,CAST IRON HOOK GARDEN TROWEL
1499,22156,HEART DECORATION WITH PEARLS 
1500,22079,RIBBON REEL HEARTS DESIGN 
1501,90162B,ANT SILVER LIME GREEN BOUDICCA RING
1502,90162D,ANT SILVER PURPLE BOUDICCA RING
1503,21626,VINTAGE UNION JACK PENNANT
1504,90167,BEADED LOVE HEART JEWELLERY SET
1505,22403,MAGNETS PACK OF 4 VINTAGE LABELS 
1506,11001,ASSTD DESIGN RACING CAR PEN
1507,22563,HAPPY STENCIL CRAFT
1508,84827,ASS DES PHONE SPONGE CRAFT STICKER
1509,20936,FORKED CACTUS CANDLE
1510,22799,SWEETHEART WIRE FRUIT BOWL
1511,22305,COFFEE MUG PINK PAISLEY DESIGN
1512,20856,DENIM PATCH PURSE PINK BUTTERFLY
1513,84898F,YELLOW FLOWERS FELT HANDBAG KIT
1514,22415,WHITE TISSUE REAM
1515,22255,FELT TOADSTOOL  SMALL
1516,22256,FELT FARM ANIMAL CHICKEN
1517,21447,12 IVORY ROSE PEG PLACE SETTINGS
1518,47310M,"SMALL POP BOX,FUNKY MONKEY"
1519,22525,CHILDRENS GARDEN GLOVES PINK
1520,22479,DAISY GARDEN MARKER
1521,22478,BIRDHOUSE GARDEN MARKER 
1522,84508B,STRIPES DESIGN TEDDY
1523,21787,RAIN PONCHO RETROSPOT
1524,21774,DECORATIVE CATS BATHROOM BOTTLE
1525,21439,BASKET OF TOADSTOOLS
1526,21195,PINK  HONEYCOMB PAPER BALL 
1527,21555,CERAMIC STRAWBERRY TRINKET TRAY
1528,84279P,CHERRY BLOSSOM  DECORATIVE FLASK
1529,21829,DINOSAUR KEYRINGS ASSORTED
1530,22390,PAPERWEIGHT CHILDHOOD MEMORIES
1531,22483,RED GINGHAM TEDDY BEAR 
1532,84963A,PINK PAINTED KASHMIRI CHAIR
1533,72349B,SET/6 PURPLE BUTTERFLY T-LIGHTS
1534,84993B,75 BLACK PETIT FOUR CASES
1535,20686,DOLLY MIXTURE CHILDREN'S UMBRELLA
1536,85206A,CREAM FELT EASTER EGG BASKET
1537,22021,BLUE FELT EASTER EGG BASKET
1538,35965,FOLKART HEART NAPKIN RINGS
1539,20684,STRAWBERRY DREAM CHILDS UMBRELLA
1540,84536B,FAIRY CAKES NOTEBOOK A7 SIZE
1541,84596G,SMALL CHOCOLATES PINK BOWL
1542,21110,LARGE CAKE TOWEL PINK SPOTS
1543,21445,12 PINK ROSE PEG PLACE SETTINGS
1544,77101A,UNION FLAG WINDSOCK
1545,84358,FLOOR LAMP SHADE WOOD BASE
1546,21294,ETCHED GLASS COASTER
1547,21468,BUTTERFLY CROCHET FOOD COVER
1548,22123,PING MICROWAVE APRON
1549,22897,OVEN MITT APPLES DESIGN
1550,22939,APRON APPLE DELIGHT
1551,21836,GINGHAM OVEN GLOVE RED HEART 
1552,21802,CHRISTMAS TREE HEART DECORATION
1553,22598,CHRISTMAS MUSICAL ZINC TREE
1554,22532,MAGIC DRAWING SLATE LEAP FROG 
1555,21413,PERIWINKLE T-LIGHT HOLDER
1556,79149B,SILICON STAR BULB  BLUE
1557,21682,LARGE MEDINA STAMPED METAL BOWL 
1558,78034B,BLUE NETTING STORAGE HANGER
1559,22894,TABLECLOTH RED APPLES DESIGN 
1560,79151B,"SILICON CUBE 25W, BLUE"
1561,21090,SET/6 COLLAGE PAPER PLATES
1562,21209,MULTICOLOUR HONEYCOMB FAN
1563,22354,RETROSPOT PADDED SEAT CUSHION
1564,21635,MADRAS NOTEBOOK LARGE 
1565,35471D,SET OF 3 BIRD LIGHT PINK FEATHER 
1566,35653,VINTAGE BEAD NOTEBOOK
1567,85130D,BEADED CRYSTAL HEART PINK LARGE
1568,15039,SANDALWOOD FAN
1569,84978,HANGING HEART JAR T-LIGHT HOLDER
1570,84569D,PACK 6 HEART/ICE-CREAM PATCHES
1571,22175,PINK OWL SOFT TOY
1572,72351A,SET/6 TURQUOISE BUTTERFLY T-LIGHTS
1573,84921,CREAM AND PINK FLOWERS PONY 
1574,22439,6 ROCKET BALLOONS 
1575,84508C,BLUE CIRCLES DESIGN TEDDY
1576,90086,CRYSTAL FROG PHONE CHARM
1577,62018,SOMBRERO 
1578,16011,ANIMAL STICKERS
1579,85179A,GREEN BITTY LIGHT CHAIN
1580,21785,RAIN PONCHO 
1581,21650,ASSORTED TUTTI FRUTTI BRACELET
1582,84874B,BLUE TRAVEL FIRST AID KIT
1583,22674,FRENCH TOILET SIGN BLUE METAL
1584,85167B,BLACK GRAND BAROQUE PHOTO FRAME
1585,22412,METAL SIGN NEIGHBOURHOOD WITCH 
1586,72051S,BAG OF SILVER STONES
1587,72799E,IVORY PILLAR CANDLE SILVER FLOCK
1588,72799F,IVORY PILLAR CANDLE GOLD FLOCK
1589,20764,ABSTRACT CIRCLES SKETCHBOOK 
1590,84535B,FAIRY CAKES NOTEBOOK A6 SIZE
1591,47579,TEA TIME BREAKFAST BASKET
1592,21723,ALPHABET HEARTS STICKER SHEET
1593,35953,FOLKART STAR CHRISTMAS DECORATIONS
1594,84051,ASS COLOUR GLOWING TIARAS
1595,21187,WHITE BELL HONEYCOMB PAPER GARLAND 
1596,21696,SMALL SILVER TRELLIS CANDLEPOT
1597,22034,ROBIN CHRISTMAS CARD
1598,20980,36 PENCILS TUBE POSY
1599,35958,FOLKART ZINC STAR CHRISTMAS DEC
1600,75013B,"STRING OF 8 BUTTERFLIES,PINK"
1601,22830,UTILTY CABINET WITH HOOKS
1602,22684,FRENCH BLUE METAL DOOR SIGN 9
1603,82011B,BATHROOM SCALES RUBBER DUCKS
1604,21630,FLOOR CUSHION ELEPHANT CARNIVAL
1605,21580,RABBIT  DESIGN  COTTON TOTE BAG
1606,22231,JIGSAW TREE WITH BIRDHOUSE
1607,22859,EASTER TIN BUNNY BOUQUET
1608,22860,EASTER TIN CHICKS PINK DAISY
1609,22093,MOTORING TISSUE BOX
1610,22091,EMPIRE TISSUE BOX
1611,21865,PINK UNION JACK  PASSPORT COVER 
1612,20748,KENSINGTON COFFEE SET
1613,85208,SET/12 FUNKY FELT FLOWER PEG IN BAG
1614,22129,PARTY CONES CANDY TREE DECORATION
1615,22808,SET OF 6 T-LIGHTS EASTER CHICKS
1616,21109,"LARGE CAKE TOWEL, CHOCOLATE SPOTS"
1617,20702,PINK PADDED MOBILE
1618,85187,S/12 MINI RABBIT EASTER
1619,22891,TEA FOR ONE POLKADOT
1620,21683,MEDIUM MEDINA STAMPED METAL BOWL 
1621,22770,MIRROR CORNICE
1622,84563B,BLUE & WHITE BREAKFAST TRAY
1623,82613B,"METAL SIGN,CUPCAKE SINGLE HOOK"
1624,79190A,RETRO PLASTIC 70'S TRAY
1625,15034,PAPER POCKET TRAVELING FAN 
1626,47593B,SCOTTIE DOGS BABY BIB
1627,85129D,BEADED CRYSTAL HEART PINK SMALL
1628,85129B,BEADED CRYSTAL HEART GREEN SMALL
1629,35924,HANGING FAIRY CAKE DECORATION
1630,21624,VINTAGE UNION JACK DOORSTOP
1631,20671,BLUE TEATIME PRINT BOWL 
1632,21903,MAN FLU METAL SIGN
1633,21904,HOUSE WRECKING METAL SIGN 
1634,21361,LOVE LARGE WOOD LETTERS 
1635,22843,BISCUIT TIN VINTAGE GREEN
1636,22199,FRYING PAN RED RETROSPOT
1637,84968A,SET OF 16 VINTAGE ROSE CUTLERY
1638,37509,NEW ENGLAND MUG W GIFT BOX
1639,47369A,PINK GREEN EMBROIDERY COSMETIC BAG
1640,47369B,BLUE GREEN EMBROIDERY COSMETIC BAG
1641,47367B,PAIR PADDED HANGERS PINK CHECK
1642,22337,ANGEL DECORATION PAINTED ZINC 
1643,21695,SMALL SILVER FLOWER CANDLE POT
1644,84773,RED ROSE AND LACE C/COVER
1645,21819,GLITTER CHRISTMAS STAR 
1646,22817,CARD SUKI BIRTHDAY
1647,16161U,WRAP SUKI AND FRIENDS
1648,22251,BIRDHOUSE DECORATION MAGIC GARDEN
1649,22252,BIRDCAGE DECORATION TEALIGHT HOLDER
1650,22069,BROWN  PIRATE TREASURE CHEST 
1651,21401,BLUE PUDDING SPOON
1652,84597C,RETRO PINK BALL ASHTRAY 
1653,51020A,SUMMER FUN DESIGN SHOWER CAP
1654,51020B,STRIPY DESIGN SHOWER CAP
1655,21306,SET/4 DAISY MIRROR MAGNETS
1656,21311,SET/4 BIRD MIRROR MAGNETS 
1657,21307,SET/4 BUTTERFLY MIRROR MAGNETS
1658,21277,FRENCH STYLE EMBOSSED HEART CABINET
1659,22475,SKULL DESIGN TV DINNER TRAY
1660,90200E,GREEN SWEETHEART BRACELET
1661,90062,CARNIVAL BRACELET
1662,21616,4 PEAR BOTANICAL DINNER CANDLES
1663,37461,FUNKY MONKEY MUG
1664,20655,QUEEN OF SKIES LUGGAGE TAG
1665,20659,ECONOMY LUGGAGE TAG
1666,20985,HEART CALCULATOR
1667,84596L,BISCUITS SMALL BOWL LIGHT BLUE
1668,84596F,SMALL MARSHMALLOWS PINK BOWL
1669,22346,PARTY PIZZA DISH GREEN POLKADOT
1670,22344,PARTY PIZZA DISH PINK POLKADOT
1671,22345,PARTY PIZZA DISH BLUE POLKADOT
1672,85215,ASSORTED CHEESE FRIDGE MAGNETS
1673,85062,PEARL CRYSTAL PUMPKIN T-LIGHT HLDR
1674,84658,WHITE STITCHED CUSHION COVER
1675,18098C,PORCELAIN BUTTERFLY OIL BURNER
1676,22849,"BREAD BIN, DINER STYLE, MINT"
1677,22847,"BREAD BIN, DINER STYLE, IVORY"
1678,85016,SET OF 6 VINTAGE NOTELETS KIT
1679,22984,CARD GINGHAM ROSE 
1680,85015,SET OF 12  VINTAGE POSTCARD SET
1681,22134,LADLE LOVE HEART RED 
1682,22949,36 DOILIES DOLLY GIRL
1683,85036C,ROSE 1 WICK MORRIS BOXED CANDLE
1684,85170D,SET/6 PINK BIRD T-LIGHT CANDLES
1685,21640,ASSORTED TUTTI FRUTTI  FOB NOTEBOOK
1686,21202,DOLLY HONEYCOMB GARLAND
1687,35971,ROSE FOLKART HEART DECORATIONS
1688,21822,GLITTER CHRISTMAS TREE WITH BELLS
1689,84531A,PINK KNITTED EGG COSY
1690,84531B,BLUE KNITTED EGG COSY
1691,21910,WAY OUT METAL SIGN 
1692,22461,SAVOY ART DECO CLOCK
1693,22833,HALL CABINET WITH 3 DRAWERS
1694,22690,DOORMAT HOME SWEET HOME BLUE 
1695,84881,BLUE WIRE SPIRAL CANDLE HOLDER
1696,21613,S/12 VANILLA  BOTANICAL T-LIGHTS
1697,21693,SMALL HAMMERED SILVER CANDLEPOT 
1698,84809A,WHITE CHRYSANTHEMUMS ART FLOWER
1699,79190D,RETRO PLASTIC DAISY TRAY
1700,22157,ANGEL DECORATION WITH LACE PADDED
1701,84795B,SUNSET CHECK HAMMOCK
1702,79191B,RETRO PLASTIC POLKA TRAY
1703,22831,WHITE BROCANTE SOAP DISH
1704,20770,ABSTRACT CIRCLE JOURNAL 
1705,20771,CHRYSANTHEMUM  JOURNAL
1706,37327,ASSTD MULTICOLOUR CIRCLES MUG
1707,22283,6 EGG HOUSE PAINTED WOOD
1708,85027L,FRENCH CHATEAU LARGE PLATTER 
1709,85017C,ENVELOPE 50 CURIOUS IMAGES
1710,16010,FOLDING CAMPING SCISSOR W/KNIF & S
1711,35001W,HAND OPEN SHAPE DECO.WHITE
1712,84707B,PINK JEWELLED MIRROR TRINKET TRAY
1713,21167,WHITE SAGE INCENSE
1714,51008,AFGHAN SLIPPER SOCK PAIR
1715,22811,SET OF 6 T-LIGHTS CACTI 
1716,21713,CITRONELLA CANDLE FLOWERPOT
1717,20802,SMALL GLASS SUNDAE DISH CLEAR
1718,22052,VINTAGE CARAVAN GIFT WRAP
1719,20781,GOLD EAR MUFF HEADPHONES
1720,22389,PAPERWEIGHT SAVE THE PLANET
1721,72807A,SET/3 ROSE CANDLE IN JEWELLED BOX
1722,22073,RED RETROSPOT STORAGE JAR
1723,22279,POCKET BAG BLUE PAISLEY RED SPOT
1724,22280,POCKET BAG PINK PAISELY BROWN SPOT
1725,18007,ESSENTIAL BALM 3.5g TIN IN ENVELOPE
1726,21675,BUTTERFLIES STICKERS
1727,21720,CAKE SHOP  STICKER SHEET
1728,22952,72 CAKE CASES VINTAGE CHRISTMAS
1729,84968F,SET OF 16 VINTAGE SKY BLUE CUTLERY
1730,79030D,"TUMBLER, BAROQUE"
1731,21291,SMALL POLKADOT CHOCOLATE GIFT BAG 
1732,21289,LARGE STRIPES CHOCOLATE GIFT BAG
1733,22606,WOODEN SKITTLES GARDEN SET
1734,37479B,CUBIC MUG FLOCK BLUE ON BROWN
1735,37482P,CUBIC MUG PINK POLKADOT
1736,20903,VINTAGE KEEPSAKE BOX TRAVELOGUE
1737,20897,VINTAGE NOTEBOOK PARIS DAYS
1738,71403,"PINK/WHITE ""KEEP CLEAN"" BULLET BIN"
1739,22683,FRENCH BLUE METAL DOOR SIGN 8
1740,22685,FRENCH BLUE METAL DOOR SIGN 0
1741,21973,SET OF 36 MUSHROOM PAPER DOILIES
1742,48188,DOORMAT WELCOME PUPPIES
1743,22691,DOORMAT WELCOME SUNRISE
1744,47594A,CAROUSEL DESIGN WASHBAG
1745,21162,TOXIC AREA  DOOR HANGER 
1746,84926D,LA PALMIERA TILE COASTER
1747,84926A,WAKE UP COCKEREL TILE COASTER
1748,22233,JIGSAW RABBIT AND BIRDHOUSE
1749,22486,PLASMATRONIC LAMP
1750,72801G,4 BURGUNDY WINE DINNER CANDLES
1751,84711A,SILVER OVAL SHAPE TRINKET BOX
1752,16169N,WRAP BLUE RUSSIAN FOLKART
1753,20769,DAISY JOURNAL 
1754,35597A,DUSTY PINK CHRISTMAS TREE 30CM
1755,47480,HANGING PHOTO CLIP ROPE LADDER
1756,84522,PINK PARTY SUNGLASSES
1757,20731,POSY CANDY BAG
1758,35597B,BLACKCHRISTMAS TREE 30CM
1759,21253,SET OF PICTURE FRAME  STICKERS
1760,21366,MIRRORED WALL ART PHOTO FRAMES
1761,21219,SET/4 BADGES BALLOON GIRL
1762,84596B,SMALL DOLLY MIX DESIGN ORANGE BOWL
1763,21226,POCKET MIRROR WOODLAND
1764,21725,SWEETIES  STICKERS
1765,79030G,"TUMBLER, NEW ENGLAND"
1766,79160,HEART SHAPE WIRELESS DOORBELL
1767,22203,MILK PAN RED RETROSPOT
1768,22329,ROUND CONTAINER SET OF 5 RETROSPOT
1769,72351B,SET/6 PINK  BUTTERFLY T-LIGHTS
1770,21648,ASSORTED TUTTI FRUTTI SMALL PURSE
1771,72131,COLUMBIAN CANDLE RECTANGLE
1772,21089,SET/6 GREEN SPRING PAPER CUPS
1773,21647,ASSORTED TUTTI FRUTTI LARGE PURSE
1774,72122,COFFEE SCENT PILLAR CANDLE
1775,84912A,PINK ROSE WASHBAG
1776,85036A,GARDENIA 1 WICK MORRIS BOXED CANDLE
1777,21692,SILVER LATTICE VANILLA CANDLE POT
1778,21618,4 WILDFLOWER BOTANICAL CANDLES
1779,84569A,PACK 3 IRON ON DOG PATCHES
1780,20775,DAISY NOTEBOOK 
1781,90179C,BLACK FINE BEAD NECKLACE W TASSEL
1782,90060D,FIRE POLISHED GLASS NECKL BRONZE
1783,85020,ROUND PINK HEART MIRROR
1784,20861,GOLD COSMETIC BAG PINK STAR
1785,21827,EIGHT PIECE CREEPY CRAWLIE SET
1786,79051A,SMOKEY GREY COLOUR D.O.F. GLASS
1787,85169A,IVORY LOVE BIRD CANDLE
1788,17007B,S/3 POT POURI CUSHIONS BLUE COLOURS
1789,22339,CHRISTMAS TREE PAINTED ZINC 
1790,22700,BLACK AND WHITE DOG BOWL
1791,10124A,SPOTS ON RED BOOKCOVER TAPE
1792,21644,ASSORTED TUTTI FRUTTI HEART BOX
1793,46000P,POLYESTER FILLER PAD 65CMx65CM
1794,21638,ASSORTED TUTTI FRUTTI NOTEBOOK
1795,22681,FRENCH BLUE METAL DOOR SIGN 6
1796,21746,SMALL RED RETROSPOT WINDMILL
1797,84916,HAND TOWEL PALE BLUE W FLOWERS
1798,40005B,BLUE ORGANDY ROUND LAMPSHADE W BEA
1799,18094C,WHITE AND BLUE CERAMIC OIL BURNER
1800,22085,PAPER CHAIN KIT SKULLS 
1801,47586A,PINK FAIRY CAKE CUSHION COVER
1802,46115B,GREEN POP ART MAO CUSHION COVER 
1803,84975,HEART SHAPED MIRROR
1804,21336,GOLD WASHBAG
1805,15044C,PURPLE PAPER PARASOL
1806,22673,FRENCH GARDEN SIGN BLUE METAL
1807,22788,BROCANTE COAT RACK
1808,21262,WHITE GOOSE FEATHER CHRISTMAS TREE 
1809,22050,PINK PAISLEY ROSE GIFT WRAP
1810,21680,WOODLAND  STICKERS
1811,20819,SILVER TEDDY BEAR
1812,84925F,PSYCHEDELIC WALL THERMOMETER
1813,21812,GARLAND WITH HEARTS AND BELLS
1814,22535,MAGIC DRAWING SLATE BUNNIES 
1815,21547,CERAMIC BIRDHOUSE CRESTED TIT SMALL
1816,16169K,WRAP FOLK ART
1817,84707A,SILVER JEWELLED MIRROR TRINKET TRAY
1818,21617,4 LILY  BOTANICAL DINNER CANDLES
1819,21001,ROSE DU SUD WASHBAG 
1820,21000,ROSE DU SUD COSMETICS BAG
1821,22693,GROW A FLYTRAP OR SUNFLOWER IN TIN
1822,20782,CAMOUFLAGE EAR MUFF HEADPHONES
1823,21397,BLUE POLKADOT EGG CUP 
1824,35646,VINTAGE BEAD PINK EVENING BAG
1825,47574A,ENGLISH ROSE SCENTED HANGING FLOWER
1826,71279,PINK GLASS CANDLEHOLDER
1827,72819,CUPID DESIGN SCENTED CANDLES
1828,84665,SQUARE CHERRY BLOSSOM CABINET
1829,20857,BLUE ROSE PATCH PURSE PINK BUTTERFL
1830,22908,PACK OF 20 NAPKINS RED APPLES
1831,21627,ELEPHANT CARNIVAL POUFFE
1832,22498,WOODEN REGATTA BUNTING
1833,84725,FREESTYLE CANVAS ART PICTURE
1834,37479P,CUBIC MUG FLOCK PINK ON BROWN
1835,21534,DAIRY MAID LARGE MILK JUG
1836,22515,CHILDS GARDEN SPADE PINK
1837,22518,CHILDS GARDEN BRUSH BLUE
1838,22101,MIRROR MOSAIC VOTIVE HOLDER
1839,22545,MINI JIGSAW BUNNIES
1840,17038,PORCELAIN BUDAH INCENSE HOLDER
1841,21012,ANTIQUE ALL GLASS CANDLESTICK
1842,84912B,GREEN ROSE WASHBAG
1843,84388,WISE MAN STAR SHAPE EGG PAN
1844,17084J,LOVE POTION MASALA INCENSE
1845,84968D,SET OF 16 VINTAGE RED CUTLERY
1846,22613,PACK OF 20 SPACEBOY NAPKINS
1847,22211,WOOD STAMP SET FLOWERS
1848,22903,CALENDAR FAMILY FAVOURITES
1849,22026,BANQUET BIRTHDAY  CARD  
1850,20839,FRENCH PAISLEY CUSHION COVER 
1851,37340,MULTICOLOUR SPRING FLOWER MUG
1852,21171,BATHROOM METAL SIGN 
1853,85232D,SET/3 DECOUPAGE STACKING TINS
1854,22762,CUPBOARD 3 DRAWER MA CAMPAGNE
1855,21773,DECORATIVE ROSE BATHROOM BOTTLE
1856,21689,SILVER VANILLA  FLOWER CANDLE POT
1857,84247E,PACK/12 XMAS FUN CARD
1858,20762,GREEN FERN SKETCHBOOK 
1859,85170B,SET/6 BLACK BIRD T-LIGHT CANDLES
1860,84596J,MIXED NUTS LIGHT GREEN BOWL
1861,85170A,SET/6 IVORY BIRD T-LIGHT CANDLES
1862,85059,FRENCH ENAMEL WATER BASIN
1863,84497,BUTTONS AND STRIPES NOTEBOOK 
1864,85026B,EAU DE NILE JEWELLED T-LIGHT HOLDER
1865,90175D,TIGRIS EYE CHUNKY CHARM BRACELET
1866,82001S,VINYL RECORD FRAME SILVER
1867,22495,SET OF 2 ROUND TINS CAMEMBERT 
1868,85176,SEWING SUSAN 21 NEEDLE SET
1869,90212B,JET BLACK LAS VEGAS BRACELET ROUND
1870,90212C,PURPLE LAS VEGAS BRACELET ROUND
1871,22708,WRAP DOLLY GIRL
1872,22048,BIRTHDAY BANQUET GIFT WRAP
1873,22057,CERAMIC PLATE STRAWBERRY DESIGN
1874,37447,CERAMIC CAKE DESIGN SPOTTED PLATE
1875,22930,BAKING MOULD HEART MILK CHOCOLATE
1876,22931,BAKING MOULD HEART WHITE CHOCOLATE
1877,22932,BAKING MOULD TOFFEE CUP CHOCOLATE
1878,22937,BAKING MOULD CHOCOLATE CUPCAKES
1879,22710,WRAP I LOVE LONDON 
1880,22051,BLUE SCANDINAVIAN PAISLEY WRAP
1881,22936,BAKING MOULD ROSE WHITE CHOCOLATE
1882,22935,BAKING MOULD ROSE MILK CHOCOLATE
1883,22789,T-LIGHT HOLDER SWEETHEART HANGING
1884,20716,PARTY FOOD SHOPPER BAG
1885,22167, OVAL WALL MIRROR DIAMANTE 
1886,47348A,FUSCHIA VOILE POINTY SHOE DEC
1887,90214C,"LETTER ""C"" BLING KEY RING"
1888,90214B,"LETTER ""B"" BLING KEY RING"
1889,90214K,"LETTER ""K"" BLING KEY RING"
1890,20735,BLACK MINI TAPE MEASURE 
1891,85039C,S/4 BLACK MINI ROSE CANDLE IN BOWL
1892,22448,PIN CUSHION BABUSHKA RED
1893,20996,JAZZ HEARTS ADDRESS BOOK
1894,21686,MEDINA STAMPED METAL STOOL
1895,85024C,PINK SMALL JEWELLED PHOTOFRAME
1896,71038,WHITE HANGING BEADS CANDLE HOLDER
1897,84613C,BLUE NEW BAROQUE FLOCK CANDLESTICK
1898,84828,JUNGLE POPSICLES ICE LOLLY HOLDERS
1899,84910A,PINK PAISLEY CUSHION COVER 
1900,20763,DAISY SKETCHBOOK 
1901,21201,TROPICAL  HONEYCOMB PAPER GARLAND 
1902,21246,RED RETROSPOT BIG BOWL
1903,21376,LARGE  TALL CAMPHOR WOOD TOADSTOOL 
1904,21375,LARGE CAMPHOR WOOD FIELD MUSHROOM 
1905,21205,MULTICOLOUR 3D BALLS GARLAND
1906,20618,QUEEN OF THE SKIES PASSPORT COVER 
1907,21896,POTTING SHED TWINE
1908,22265,EASTER DECORATION NATURAL CHICK
1909,47420,ASSORTED COLOUR SUCTION CUP HOOK
1910,22510,GINGHAM BABUSHKA DOORSTOP
1911,48116,DOORMAT MULTICOLOUR STRIPE
1912,72709,IVORY SCULPTED RND CANDLE 
1913,72132,COLUMBIAN CUBE CANDLE
1914,85118,HEART T-LIGHT HOLDER
1915,35968,FOLK ART METAL HEART T-LIGHT HOLDER
1916,22761,CHEST 7 DRAWER MA CAMPAGNE
1917,22063,CERAMIC BOWL WITH STRAWBERRY DESIGN
1918,90184B,AMETHYST CHUNKY BEAD BRACELET W STR
1919,90184A,AMBER CHUNKY BEAD BRACELET W STRAP
1920,84415B,BLUE FLOCK CUSHION COVER 
1921,20906,VINTAGE NOTEBOOK BEAUTY GIRL
1922,21275,ZINC TOP  2 DOOR WOODEN SHELF 
1923,90173,PAIR BUTTERFLY HAIR CLIPS
1924,22513,DOORSTOP FOOTBALL DESIGN
1925,71496A,A4 WALL TIDY BLUE OFFICE
1926,71495B,CD WALL TIDY RED FLOWERS
1927,78124,MAGAZINE RACK GEBRA ASSORTED 
1928,37500,TEA TIME TEAPOT IN GIFT BOX
1929,22166,WALL MIRROR RECTANGLE DIAMANTE PINK
1930,22145,CHRISTMAS CRAFT HEART STOCKING 
1931,22163,HEART STRING MEMO HOLDER HANGING
1932,20761,BLUE PAISLEY SKETCHBOOK
1933,85230G,ORANGE VOTIVE CANDLE
1934,35833P,4 PINK FLOCK CHRISTMAS BALLS
1935,71215,METAL BASE FOR CANDLES
1936,20886,BOX OF 9 PEBBLE CANDLES
1937,20695,FLORAL BLUE MONSTER
1938,20892,SET/3 TALL GLASS CANDLE HOLDER PINK
1939,22324,BLUE POLKADOT KIDS BAG
1940,22820,GIFT BAG BIRTHDAY
1941,16168M,FUNKY MONKEY GIFT BAG MEDIUM
1942,84952A,CLEAR LOVE BIRD T-LIGHT HOLDER
1943,21846,PINK DIAMANTE PEN IN GIFT BOX
1944,84706D,CHERRY BLOSSOM TABLE CLOCK 
1945,22828,REGENCY MIRROR WITH SHUTTERS
1946,21281,VINTAGE KITCHEN PRINT SEAFOOD
1947,22591,CARDHOLDER GINGHAM CHRISTMAS TREE
1948,22703,PINK CAT BOWL
1949,21684,SMALL MEDINA STAMPED METAL BOWL 
1950,84247L,FAWN AND MUSHROOM GREETING CARD
1951,22937,BAKING MOULD CHOCOLATE CUP CAKES
1952,85170C,SET/6 EAU DE NIL BIRD T-LIGHTS
1953,22516,CHILDS GARDEN RAKE BLUE
1954,22523,CHILDS GARDEN FORK PINK
1955,22521,CHILDS GARDEN TROWEL PINK
1956,22698,PINK REGENCY TEACUP AND SAUCER
1957,85053,FRENCH ENAMEL CANDLEHOLDER
1958,84875B,GREEN SQUARE COMPACT MIRROR
1959,84876D,BLUE HEART COMPACT MIRROR
1960,90211B,JET BLACK LAS VEGAS NECKLACE 45CM
1961,84192,ASSORTED COLOUR METAL CAT 
1962,21628,TRIANGULAR POUFFE VINTAGE 
1963,22254,FELT TOADSTOOL LARGE
1964,22769,CHALKBOARD KITCHEN ORGANISER
1965,21615,4 LAVENDER BOTANICAL DINNER CANDLES
1966,22236,CAKE STAND 3 TIER MAGIC GARDEN
1967,22933,BAKING MOULD EASTER EGG MILK CHOC
1968,22689,DOORMAT MERRY CHRISTMAS RED 
1969,85107,CUT GLASS T-LIGHT HOLDER OCTAGON
1970,22741,FUNKY DIVA PEN
1971,21051,RIBBONS PURSE 
1972,21382,SET/4 SPRING FLOWER DECORATION
1973,44234,ASSORTED CIRCULAR MOBILE
1974,44235,ASS COL CIRCLE MOBILE 
1975,75131,METAL TUBE CHIME ON BAMBOO
1976,40003,WHITE BAMBOO RIBS LAMPSHADE
1977,79190B,RETRO PLASTIC POLKA TRAY
1978,90036D,"FLOWER GLASS GARLAND NECKL.36""BLACK"
1979,16015,MEDIUM CHINESE STYLE SCISSOR
1980,16008,SMALL FOLDING SCISSOR(POINTED EDGE)
1981,37444B,BLUE BREAKFAST CUP AND SAUCER 
1982,37333,"RETRO ""TEA FOR ONE"" "
1983,20778,GARDEN PATH NOTEBOOK 
1984,20758,ABSTRACT CIRCLES POCKET BOOK
1985,85039B,S/4 IVORY MINI ROSE CANDLE IN BOWL
1986,85040B,SET/4 BLUE FLOWER CANDLES IN BOWL
1987,21535,RED RETROSPOT SMALL MILK JUG
1988,22319,HAIRCLIPS FORTIES FABRIC ASSORTED
1989,21284,RETROSPOT CANDLE  SMALL
1990,22824,3 TIER SWEETHEART GARDEN SHELF
1991,17084N,FAIRY DREAMS INCENSE 
1992,17084P,DRAGONS BLOOD INCENSE
1993,21128,GOLD FISHING GNOME
1994,21132,SILVER STANDING GNOME   
1995,84818,DANISH ROSE PHOTO FRAME
1996,21879,HEARTS GIFT TAPE
1997,85008,SET OF 3 CONEY ISLAND OVAL BOXES
1998,84913B,MINT GREEN ROSE TOWEL
1999,84913A,SOFT PINK ROSE TOWEL 
2000,84915,HAND TOWEL PINK FLOWER AND DAISY
2001,84843,WHITE SOAP RACK WITH 2 BOTTLES
2002,85032A,ROMANTIC IMAGES GIFT WRAP SET
2003,85032C,CURIOUS IMAGES GIFT WRAP SET
2004,35648,VINTAGE BEAD PINK PURSE 
2005,37501,TEA TIME TEA SET IN GIFT BOX
2006,84356,POMPOM CURTAIN
2007,22734,SET OF 6 RIBBONS VINTAGE CHRISTMAS
2008,47578A,ENGLISH ROSE SMALL SCENTED FLOWER
2009,22679,FRENCH BLUE METAL DOOR SIGN 4
2010,22416,SET OF 36 DOILIES SPACEBOY DESIGN 
2011,21562,HAWAIIAN GRASS SKIRT 
2012,84228,HEN HOUSE W CHICK STANDING
2013,22856,ASSORTED EASTER DECORATIONS  BELLS
2014,22934,BAKING MOULD EASTER EGG WHITE CHOC
2015,37475,SET/4 COLOURFUL MIXING BOWLS
2016,84951A,SET OF 4 PISTACHIO LOVEBIRD COASTER
2017,84951B,SET OF 4 BLACK LOVEBIRD COASTERS
2018,22308,TEA COSY BLUE STRIPE
2019,22053,EMPIRE DESIGN ROSETTE
2020,22692,DOORMAT WELCOME TO OUR HOME
2021,21131,GOLD STANDING GNOME
2022,20654,FIRST CLASS LUGGAGE TAG 
2023,17165D,ASS COL LARGE SAND FROG P'WEIGHT
2024,21442,GREEN BIRDHOUSE DECORATION
2025,22291,HANGING CHICK CREAM DECORATION
2026,15058A,BLUE POLKADOT GARDEN PARASOL
2027,20868,SILVER FABRIC MIRROR
2028,21189,WHITE HONEYCOMB PAPER GARLAND 
2029,84820,DANISH ROSE TRINKET TRAYS
2030,85006,SET 4 NURSERY DES ROUND BOXES
2031,84821,DANISH ROSE DELUXE COASTER
2032,84638,SMALL KITCHEN FLOWER POTS PLAQUE
2033,84637,KITCHEN FLOWER POTS WALL PLAQUE
2034,22229,BUNNY WOODEN PAINTED WITH FLOWER 
2035,16236,KITTY PENCIL ERASERS
2036,22228,BUNNY WOODEN PAINTED WITH BIRD 
2037,16169P,WRAP GREEN RUSSIAN FOLKART 
2038,90081C,LILY BROOCH OLIVE COLOUR
2039,16054,POPART RECT PENCIL SHARPENER ASST
2040,84595E,LARGE TORTILLA DESIGN RED BOWL
2041,84459B,YELLOW METAL CHICKEN HEART 
2042,35915B,BLUE KNITTED HEN 
2043,85086A,CANDY SPOT HEART DECORATION
2044,22628,PICNIC BOXES SET OF 3 RETROSPOT 
2045,22377,BOTTLE BAG RETROSPOT 
2046,21261,GREEN GOOSE FEATHER CHRISTMAS TREE 
2047,85084,HOLLY TOP CHRISTMAS STOCKING
2048,81950V,FLOWER PURPLE CLOCK W/SUCKER
2049,21942,SKULLS DESIGN FLANNEL
2050,17012D,ORIGAMI ROSE INCENSE/CANDLE SET 
2051,17012B,ORIGAMI JASMINE INCENSE/CANDLE SET
2052,17012E,ORIGAMI OPIUM INCENSE/CANDLE SET 
2053,17012F,ORIGAMI SANDLEWOOD INCENSE/CAND SET
2054,84609,TALL ROCOCO CANDLE HOLDER
2055,22055,MINI CAKE STAND  HANGING STRAWBERY
2056,84631,FRUIT TREE AND BIRDS WALL PLAQUE
2057,84799,SPRIG LAVENDER ARTIFICIAL FLOWER
2058,35004P,SET OF 3 PINK FLYING DUCKS
2059,21454,PAINTED PINK RABBIT 
2060,22201,FRYING PAN BLUE POLKADOT
2061,15058B,PINK POLKADOT GARDEN PARASOL
2062,84789,ENCHANTED BIRD PLANT CAGE
2063,22393,PAPERWEIGHT VINTAGE COLLAGE
2064,22391,PAPERWEIGHT HOME SWEET HOME
2065,85230E,STRAWBRY SCENTED VOTIVE CANDLE
2066,22826,LOVE SEAT ANTIQUE WHITE METAL
2067,22852,DOG BOWL VINTAGE CREAM
2068,22105,MIRROR MOSAIC GOBLET CANDLE HOLDER
2069,22102,MIRROR MOSAIC T-LIGHT HOLDER 
2070,16225,RATTLE SNAKE EGGS
2071,16033,MINI HIGHLIGHTER PENS
2072,20830,SILVER PHOTO FRAME
2073,20831,GOLD PHOTO FRAME
2074,22420,LIPSTICK PEN BABY PINK
2075,21944,KITTENS DESIGN FLANNEL
2076,22677,FRENCH BLUE METAL DOOR SIGN 2
2077,84509C,SET OF 4 POLKADOT PLACEMATS 
2078,90186B,CRYSTAL HOOP EARRING FLORAL LEAF
2079,90190C,SILVER/AMETHYST DROP EARRINGS LEAF
2080,90003D,CRYSTAL PAIR HEART HAIR SLIDES
2081,90003C,MIDNIGHT BLUE PAIR HEART HAIR SLIDE
2082,90067A,PINK VINTAGE VICTORIAN EARRINGS
2083,90003B,ROSE COLOUR PAIR HEART HAIR SLIDES
2084,21285,RETROSPOT CANDLE  MEDIUM
2085,21378,SMALL TALL CAMPHOR WOOD TOADSTOOL
2086,85032B,BLOSSOM IMAGES GIFT WRAP SET
2087,22857,ASSORTED EASTER GIFT TAGS
2088,85017B,ENVELOPE 50 BLOSSOM IMAGES
2089,22858,EASTER TIN KEEPSAKE
2090,22861,EASTER TIN CHICKS IN GARDEN
2091,22230,JIGSAW TREE WITH WATERING CAN
2092,22232,JIGSAW TOADSTOOLS 3 PIECE
2093,21717,EASTER TIN BUCKET
2094,20793,BLUE TILED TRAY
2095,17096,ASSORTED LAQUERED INCENSE HOLDERS
2096,16218,CARTOON  PENCIL SHARPENERS
2097,20664,TROPICAL HOLIDAY PURSE 
2098,47593A,CAROUSEL PONIES BABY BIB
2099,20670,VIP HOLIDAY PURSE
2100,21943,CAKES AND RABBITS DESIGN FLANNEL 
2101,21946,PARTY TIME DESIGN FLANNEL
2102,20666,ECONOMY HOLIDAY PURSE
2103,82605,OLD DOC RUSSEL METAL SIGN
2104,21027,NINJA RABBIT PINK
2105,85136B,BLUE SHARK HELICOPTER
2106,84882,GREEN WIRE STANDING CANDLE HOLDER
2107,85031A,ROMANTIC IMAGES SCRAP BOOK SET
2108,22546,MINI JIGSAW PURDEY
2109,16216,LETTER SHAPE PENCIL SHARPENER
2110,84660B,BLACK STITCHED WALL CLOCK
2111,21248,DOOR HANGER  MUM + DADS ROOM
2112,20663,QUEEN OF THE SKIES HOLIDAY PURSE 
2113,21736,GOLD SCROLL GLASS T-LIGHT HOLDER
2114,22363,GLASS JAR MARMALADE 
2115,84922,PINK BUTTERFLY WASHBAG
2116,85040A,S/4 PINK FLOWER CANDLES IN BOWL
2117,90036E,"FLOWER GLASS GARLD NECKL36""AMETHYST"
2118,90160A,PURPLE BOUDICCA LARGE BRACELET
2119,90160B,RED BOUDICCA LARGE BRACELET
2120,90161B,ANT COPPER TURQ BOUDICCA BRACELET
2121,90160C,TURQ+RED BOUDICCA LARGE BRACELET
2122,90160D,PINK BOUDICCA LARGE BRACELET
2123,82011A,"BATHROOM SCALES, TROPICAL BEACH"
2124,20801,LARGE PINK GLASS SUNDAE DISH
2125,85183A,CHARLIE & LOLA WASTEPAPER BIN BLUE
2126,35610B,BLACK CHRISTMAS FLOCK DROPLET 
2127,35610C,WHITE CHRISTMAS FLOCK DROPLET 
2128,84927E,FLOWERS TILE HOOK
2129,84816,DANISH ROSE BEDSIDE CABINET
2130,22184,CAKE STAND VICTORIAN FILIGREE LARGE
2131,90129A,PINK GLASS TASSLE BAG CHARM 
2132,90120D,WHITE MURANO TWIST BRACELET
2133,22512,DOORSTOP RACING CAR DESIGN
2134,72780,BLACK SILOUETTE CANDLE PLATE
2135,21619,4 VANILLA BOTANICAL CANDLES
2136,22954,HEN PARTY CORDON BARRIER TAPE
2137,22611,VINTAGE UNION JACK SHOPPING BAG
2138,22675,FRENCH KITCHEN SIGN BLUE METAL
2139,22047,EMPIRE GIFT WRAP
2140,22214,CANDLE PLATE LACE WHITE
2141,90162C,ANT SILVER FUSCHIA BOUDICCA RING
2142,90078,PINK/WHITE GLASS DEMI CHOKER
2143,90014B,GOLD M PEARL  ORBIT NECKLACE
2144,90147,CHUNKY SILVER NECKLACE PASTEL FLOWE
2145,90032,IVORY SHELL HEART NECKLACE
2146,21331,MOROCCAN BEATEN METAL DISH LARGE
2147,20846,ZINC HEART LATTICE T-LIGHT HOLDER
2148,21666,RIDGED GLASS T-LIGHT HOLDER
2149,20847,ZINC HEART LATTICE CHARGER LARGE
2150,20848,ZINC HEART LATTICE CHARGER SMALL
2151,20826,SILVER APERITIF GLASS
2152,21145,ANTIQUE GLASS PLACE SETTING
2153,22723,SET OF 6 HERB TINS SKETCHBOOK
2154,22722,SET OF 6 SPICE TINS PANTRY DESIGN
2155,22720,SET OF 3 CAKE TINS PANTRY DESIGN 
2156,84575A,PINK DOG CANNISTER
2157,84313C,ORANGE TV TRAY TABLE 
2158,84313B,BLUE TV TRAY TABLE 
2159,90125D,PURPLE BERTIE GLASS BEAD BAG CHARM
2160,21473,SWEETHEART CREAM STEEL TABLE RECT
2161,90210A,GREY ACRYLIC FACETED BANGLE
2162,20704,MR ROBOT SOFT TOY
2163,21109,LARGE CAKE TOWEL CHOCOLATE SPOTS
2164,84823,DANISH ROSE FOLDING CHAIR
2165,85169D,PINK LOVE BIRD CANDLE
2166,90057,DIAMANTE RING ASSORTED IN BOX.
2167,90210C,RED   ACRYLIC FACETED BANGLE
2168,90210D,PURPLE ACRYLIC FACETED BANGLE
2169,22656,VINTAGE BLUE KITCHEN CABINET
2170,20803,SMALL PINK GLASS SUNDAE DISH
2171,22342,HOME GARLAND PAINTED ZINC 
2172,22782,SET 3 WICKER STORAGE BASKETS 
2173,84766,SILVER ROCOCO CANDLE STICK
2174,35095B,RED VICTORIAN FABRIC OVAL BOX
2175,22887,NUMBER TILE VINTAGE FONT 8
2176,22884,NUMBER TILE VINTAGE FONT 5
2177,84817,DANISH ROSE DECORATIVE PLATE
2178,84927A,WAKE UP COCKEREL TILE HOOK
2179,22932,BAKING MOULD TOFFEE CUP  CHOCOLATE
2180,22937,BAKING MOULD CUPCAKE CHOCOLATE
2181,22721,SET OF 3 CAKE TINS SKETCHBOOK
2182,20622,VIPPASSPORT COVER 
2183,35651,VINTAGE BEAD PINK SCARF 
2184,84917,WHITE HAND TOWEL WITH BUTTERFLY
2185,22711,WRAP CIRCUS PARADE
2186,22522,CHILDS GARDEN FORK BLUE 
2187,22520,CHILDS GARDEN TROWEL BLUE 
2188,22270,HAPPY EASTER HANGING DECORATION
2189,85195,HANGING HEART BASKET
2190,21188,3D HEARTS  HONEYCOMB PAPER GARLAND
2191,85194L,HANGING SPRING FLOWER EGG LARGE
2192,84660A,WHITE STITCHED WALL CLOCK
2193,84509E,SET OF 4 CAROUSEL PLACEMATS 
2194,82613C,"METAL SIGN,CUPCAKE SINGLE HOOK"
2195,75178,ASSTD COL BUTTERFLY/CRYSTAL W/CHIME
2196,75011,BLUE DAISY MOBILE
2197,47503A,ASS FLORAL PRINT MULTI SCREWDRIVER
2198,22889,NUMBER TILE VINTAGE FONT No 
2199,22888,NUMBER TILE VINTAGE FONT 9 
2200,22886,NUMBER TILE VINTAGE FONT 7
2201,22885,NUMBER TILE VINTAGE FONT 6 
2202,22883,NUMBER TILE VINTAGE FONT 4
2203,22882,NUMBER TILE VINTAGE FONT 3
2204,22881,NUMBER TILE VINTAGE FONT 2
2205,22880,NUMBER TILE VINTAGE FONT 1
2206,22879,NUMBER TILE VINTAGE FONT 0
2207,22647,CERAMIC LOVE HEART MONEY BANK
2208,22609,PENS ASSORTED SPACEBALL
2209,22608,PENS ASSORTED FUNKY JEWELED 
2210,21632,VINTAGE PINK DECORATIVE PARASOL
2211,21631,HIPPY CHIC DECORATIVE PARASOL
2212,20705,MRS ROBOT SOFT TOY
2213,90125A,PINK BERTIE GLASS BEAD BAG CHARM
2214,85180B,PINK HEARTS LIGHT CHAIN 
2215,85180A,RED HEARTS LIGHT CHAIN 
2216,85173,SET/6 FROG PRINCE T-LIGHT CANDLES
2217,85159B,"WHITE TEA,COFFEE,SUGAR JARS"
2218,84660C,PINK STITCHED WALL CLOCK
2219,22963,JAM JAR WITH BLUE LID
2220,21319,GLASS CHALICE GREEN  SMALL 
2221,20931,BLUE POT PLANT CANDLE 
2222,79403,FROSTED WHITE BASE 
2223,21200,MULTICOLOUR HONEYCOMB PAPER GARLAND
2224,22204,MILK PAN BLUE POLKADOT
2225,90058B,CRYSTAL STUD EARRINGS ASSORTED COL 
2226,84597B,RETRO BROWN BALL ASHTRAY 
2227,84688,BEACH HUT DESIGN BLACKBOARD
2228,20617,FIRST CLASS PASSPORT COVER 
2229,62094B,TURQ ICE CREAM BUM BAG 
2230,84616,SILVER ROCCOCO CHANDELIER
2231,84666,SQUARE CHERRY BLOSSOM CABINET
2232,84673A,PINK FLY SWAT
2233,84673B,BLUE FLY SWAT
2234,21749,LARGE RED RETROSPOT WINDMILL
2235,17013D,ORIGAMI ROSE INCENSE IN TUBE
2236,82613D,METAL SIGN CUPCAKE SINGLE HOOK
2237,21386,IVORY HANGING DECORATION  EGG
2238,21066,VINTAGE RED MUG
2239,22223,CAKE PLATE LOVEBIRD PINK
2240,90185A,AMBER DIAMANTE EXPANDABLE RING
2241,90146,FINE SILVER NECKLACE W PASTEL FLOWE
2242,90161D,ANT COPPER PINK BOUDICCA BRACELET
2243,90161C,ANT COPPER LIME BOUDICCA BRACELET
2244,90129C,GREEN GLASS TASSLE BAG CHARM
2245,90129B,TURQUOISE GLASS TASSLE BAG CHARM 
2246,22269,EGG CUP NATURAL CHICKEN
2247,85039A,SET/4 RED MINI ROSE CANDLE IN BOWL
2248,22257,FELT FARM ANIMAL SHEEP
2249,22258,FELT FARM ANIMAL RABBIT
2250,22259,FELT FARM ANIMAL HEN
2251,35610A,PINK CHRISTMAS FLOCK DROPLET 
2252,35817P,"ACRYLIC JEWEL SNOWFLAKE,PINK"
2253,85141,JARDIN ETCHED GLASS FRUITBOWL
2254,21656,RIDGED GLASS POSY VASE 
2255,35599B,BLACK CHRISTMAS TREE 120CM
2256,90042A,FRESHWATER PEARL BRACELET GOLD
2257,90136,PALE PINK/AMETHYST STONE NECKLACE
2258,90060B,FIRE POLISHED GLASS NECKL GOLD
2259,90035A,"PEARL & SHELL 42""NECKL. GREEN"
2260,90133,TEAL/FUSCHIA COL BEAD NECKLACE
2261,90179A,AMBER FINE BEAD NECKLACE W TASSEL
2262,79329,PINK FLOCK GLASS CANDLEHOLDER
2263,85146,JARDIN ETCHED GLASS SMALL BELL JAR
2264,22033,BOTANICAL ROSE GREETING CARD
2265,22032,BOTANICAL LILY GREETING CARD
2266,84751B,BLACK MEDIUM GLASS CAKE STAND
2267,84507B,STRIPES DESIGN MONKEY DOLL
2268,85211,S/4 GROOVY CAT MAGNETS
2269,84620,BLUE GINGHAM ROSE CUSHION COVER
2270,22108,PING! MICROWAVE PLATE
2271,85212,MINI PAINTED GARDEN DECORATION 
2272,84929,ASSTD FRUIT+FLOWERS FRIDGE MAGNETS
2273,17012C,ORIGAMI LAVENDER INCENSE/CANDL SET 
2274,21194,PINK  HONEYCOMB PAPER FAN
2275,21792,CLASSIC FRENCH STYLE BASKET GREEN 
2276,21707,FOLDING UMBRELLA BLACKBLUE POLKADOT
2277,17014A,ORIGAMI VANILLA INCENSE CONES
2278,17012A,ORIGAMI VANILLA INCENSE/CANDLE SET 
2279,22868,NUMBER TILE COTTAGE GARDEN 0 
2280,22877,NUMBER TILE COTTAGE GARDEN 9
2281,22878,NUMBER TILE COTTAGE GARDEN No
2282,22874,NUMBER TILE COTTAGE GARDEN 6
2283,22870,NUMBER TILE COTTAGE GARDEN 2
2284,22875,NUMBER TILE COTTAGE GARDEN 7
2285,22873,NUMBER TILE COTTAGE GARDEN 5
2286,22872,NUMBER TILE COTTAGE GARDEN 4
2287,22869,NUMBER TILE COTTAGE GARDEN 1
2288,22871,NUMBER TILE COTTAGE GARDEN 3 
2289,22302,COFFEE MUG PEARS  DESIGN
2290,47594B,SCOTTIES DESIGN WASHBAG
2291,21196,ROUND WHITE CONFETTI IN TUBE
2292,21199,PINK  HEART CONFETTI IN TUBE
2293,22218,CAKE STAND LACE WHITE
2294,22970,LONDON BUS COFFEE MUG
2295,90209C,PINK ENAMEL+GLASS HAIR COMB
2296,22303,COFFEE MUG APPLES DESIGN
2297,22062,CERAMIC BOWL WITH LOVE HEART DESIGN
2298,22040,BOTANICAL ROSE GIFT WRAP
2299,21348,PINK SPOTS CHOCOLATE NESTING BOXES 
2300,22971,QUEENS GUARD COFFEE MUG
2301,84877B,GREEN ROUND COMPACT MIRROR
2302,84078A,SET/4 WHITE RETRO STORAGE CUBES 
2303,84926F,PSYCHEDELIC TILE COASTER
2304,21400,RED PUDDING SPOON
2305,35911A,MULTICOLOUR RABBIT EGG WARMER
2306,85031C,CURIOUS IMAGES SCRAP BOOK SET
2307,84012,MAGIC SHEEP WOOL GROWING FROM PAPER
2308,84813,SET OF 4 DIAMOND NAPKIN RINGS
2309,84613A,PINK NEW BAROQUE FLOCK CANDLESTICK
2310,90145,SILVER HOOP EARRINGS WITH FLOWER
2311,90194,SILVER LARIAT BLACK STONE EARRINGS
2312,21043,APRON MODERN VINTAGE COTTON
2313,22395,PAPERWEIGHT VINTAGE PAISLEY
2314,37342,POLKADOT COFFEE CUP & SAUCER PINK
2315,85169C,EAU DE NIL LOVE BIRD CANDLE
2316,84750B,BLACK SMALL GLASS CAKE STAND
2317,21425,SKULLS STORAGE BOX LARGE
2318,22394,PAPERWEIGHT KINGS CHOICE 
2319,22263,FELT EGG COSY LADYBIRD 
2320,16219,HOUSE SHAPE PENCIL SHARPENER
2321,21279,VINTAGE KITCHEN PRINT FRUITS
2322,16048,TEATIME ROUND PENCIL SHARPENER 
2323,22325,MOBILE VINTAGE HEARTS 
2324,21391,FRENCH LAVENDER SCENT HEART
2325,72800C,4 PINK DINNER CANDLE SILVER FLOCK
2326,17011F,ORIGAMI SANDLEWOOD INCENSE+FLOWER
2327,35809A,ENAMEL PINK TEA CONTAINER
2328,35810A,ENAMEL PINK COFFEE CONTAINER
2329,20619,TROPICAL PASSPORT COVER 
2330,21633,SUNFLOWER DECORATIVE PARASOL
2331,35607A,PINK FLUFFY CHRISTMAS DECORATION
2332,22410,MONEY BOX HOUSEKEEPING DESIGN
2333,21389,IVORY HANGING DECORATION  BIRD
2334,84859A,SILVER DISCO HANDBAG
2335,85103,SILVER T-LIGHT SETTING
2336,85031B,BLOSSOM IMAGES SCRAP BOOK SET
2337,21286,RETROSPOT CANDLE  LARGE
2338,22249,DECORATION WHITE CHICK MAGIC GARDEN
2339,22407,MONEY BOX FIRST ADE DESIGN
2340,84584,PINK GINGHAM CAT WITH SCARF
2341,20696,FLORAL SOFT CAR TOY
2342,35914,PINK CHICK EGG WARMER + EGG CUP
2343,20794,BLUE  TILE HOOK
2344,85205B,PINK FELT EASTER RABBIT GARLAND
2345,22929,SCHOOL DESK AND CHAIR 
2346,85163A,WHITE BAROQUE WALL CLOCK 
2347,85163B,BLACK BAROQUE WALL CLOCK 
2348,85232A,SET/3 POLKADOT STACKING TINS
2349,22309,TEA COSY RED  STRIPE
2350,21424,WOODLAND STORAGE BOX LARGE 
2351,22221,CAKE STAND LOVEBIRD 2 TIER PINK
2352,46000U,POLYESTER FILLER PAD 30CMx30CM
2353,21698,MOCK LOBSTER FRIDGE MAGNET
2354,35400,WOODEN BOX ADVENT CALENDAR 
2355,90177D,DROP DIAMANTE EARRINGS PURPLE
2356,90161A,ANT COPPER RED BOUDICCA BRACELET
2357,90177B,DROP DIAMANTE EARRINGS BLACK DIAMON
2358,90198A,VINTAGE ROSE BEAD BRACELET RASPBERR
2359,90154,LAZER CUT NECKLACE W PASTEL BEADS
2360,90199D,5 STRAND GLASS NECKLACE AMBER
2361,90014A,SILVER/MOP ORBIT NECKLACE
2362,90170,DAISY HAIR BAND
2363,90178B,PURPLE CHUNKY GLASS+BEAD NECKLACE
2364,90114,SUMMER DAISIES BAG CHARM
2365,21793,CLASSIC FRENCH STYLE BASKET BROWN
2366,85023B,EAU DE NILE JEWELLED PHOTOFRAME
2367,85109,PINK BOUDOIR T-LIGHT HOLDER
2368,84804A,CREAM DELPHINIUM ARTIFICIAL FLOWER
2369,84800L,LARGE WHITE/PINK ROSE ART FLOWER
2370,84800M,MEDIUM WHITE/PINK ROSE ART FLOWER
2371,84802A,WHITE ANEMONE ARTIFICIAL FLOWER
2372,84806A,PINK CANDYSTUFT ARTIFICIAL FLOWER
2373,22668,PINK BABY BUNTING
2374,22286,"DECORATION , WOBBLY RABBIT , METAL "
2375,20941,FROG CANDLE
2376,22707,WRAP MONSTER FUN 
2377,21503,TOYBOX  WRAP 
2378,90108,BLUE BLOSSOM HAIR CLIP
2379,16207A,PINK STRAWBERRY HANDBAG 
2380,21372,MIRRORED WALL ART TABLE LAMP
2381,21747,SMALL SKULL WINDMILL
2382,84457,SET/3 RABBITS FLOWER SKIPPPING ROPE
2383,85130B,BEADED CRYSTAL HEART GREEN LARGE
2384,84249A,"GREETING CARD,SQUARE, DOUGHNUTS"
2385,21251,DINOSAUR HEIGHT CHART STICKER SET
2386,22837,HOT WATER BOTTLE BABUSHKA LARGE
2387,22953,BIRTHDAY BANNER TAPE
2388,22538,MINI JIGSAW GO TO THE FAIR
2389,21198,WHITE HEART CONFETTI IN TUBE
2390,90027A,GLASS BEAD HOOP EARRINGS BLACK
2391,90027D,GLASS BEAD HOOP EARRINGS AMETHYST
2392,90019A,SILVER M.O.P ORBIT BRACELET
2393,90040A,MURANO STYLE GLASS BRACELET RED
2394,90120C,GREEN MURANO TWIST BRACELET
2395,90040B,MURANO STYLE GLASS BRACELET BLACK
2396,44228,CANNABIS LEAF BEAD CURTAIN
2397,85230A,OPIUM SCENTED VOTIVE CANDLE
2398,90214D,"LETTER ""D"" BLING KEY RING"
2399,22066,LOVE HEART TRINKET POT
2400,20932,PINK POT PLANT CANDLE
2401,84199,GLOW IN DARK DOLPHINS
2402,72225C,LAVENDER SCENT CAKE CANDLE
2403,82613A,"METAL SIGN,CUPCAKE SINGLE HOOK"
2404,22682,FRENCH BLUE METAL DOOR SIGN 7
2405,85135A,YELLOW DRAGONFLY HELICOPTER
2406,22823,CHEST NATURAL WOOD 20 DRAWERS
2407,22526,WHEELBARROW FOR CHILDREN 
2408,22517,CHILDS GARDEN RAKE PINK
2409,22138,BAKING SET 9 PIECE RETROSPOT 
2410,15044A,PINK PAPER PARASOL 
2411,22282,12 EGG HOUSE PAINTED WOOD
2412,84459A,PINK METAL CHICKEN HEART 
2413,20700,GREEN CAT FLORAL CUSHION COVER 
2414,90022,EDWARDIAN DROP EARRINGS JET BLACK
2415,90104,PURPLE FRANGIPANI HAIRCLIP
2416,84499,BLACK FLOWER CANDLE PLATE
2417,21403,BLUE EGG  SPOON
2418,21067,VINTAGE RED TEATIME MUG
2419,16045,POPART WOODEN PENCILS ASST
2420,21394,RED POLKADOT BEAKER 
2421,21972,SET OF 36 DINOSAUR PAPER DOILIES
2422,22046,TEA PARTY  WRAPPING PAPER 
2423,90165B,WHITE ROSEBUD  PEARL EARRINGS
2424,16206B,RED PURSE WITH PINK HEART
2425,46138B,BLUE CHENILLE SHAGGY CUSHION COVER 
2426,20701,PINK CAT FLORAL CUSHION COVER 
2427,47585A,PINK FAIRY CAKE CUSHION COVER
2428,21661,VINTAGE GLASS TEA CADDY
2429,21359,RELAX LARGE WOOD LETTERS
2430,84926E,FLOWERS TILE COASTER
2431,85144,JARDIN ETCHED GLASS CHEESE DISH
2432,22293,HANGING CHICK GREEN DECORATION
2433,22285,HANGING HEN ON NEST DECORATION
2434,22148,EASTER CRAFT 4 CHICKS 
2435,21129,SILVER FISHING GNOME 
2436,84218,BOX/12 CHICK & EGG IN BASKET
2437,85194S,HANGING SPRING FLOWER EGG SMALL
2438,22134,MINI LADLE LOVE HEART RED 
2439,22715,CARD WEDDING DAY
2440,35911B,PINK/FLOWER RABBIT EGG WARMER 
2441,84989A,75 GREEN FAIRY CAKE CASES
2442,84968E,SET OF 16 VINTAGE BLACK CUTLERY
2443,79071B,ENGLISH ROSE METAL WASTE BIN
2444,16169M,WRAP DAISY CARPET 
2445,20934,SET/3 POT PLANT CANDLES
2446,22709,WRAP WEDDING DAY
2447,22288,HANGING METAL RABBIT DECORATION
2448,20785,FUSCHIA RETRO BAR STOOL
2449,37476,CONDIMENT TRAY 4 BOWLS AND 4 SPOONS
2450,85089,CANDY SPOT BUNNY
2451,84931A,PINK SCOTTIE DOG W FLOWER PATTERN
2452,84931B,BLUE SCOTTIE DOG W FLOWER PATTERN
2453,35909A,RABBIT EASTER DECORATION
2454,35910A,MULTICOLOUR EASTER RABBIT 
2455,85096,HILDA CANDY SPOT RABBIT
2456,21269,ANTIQUE CREAM CUTLERY SHELF 
2457,21763,VINTAGE WOODEN BAR STOOL
2458,20933,YELLOW POT PLANT CANDLE
2459,35972,DAISY FOLKART HEART DECORATION
2460,21455,PAINTED YELLOW WOODEN DAISY
2461,21204,DAISIES  HONEYCOMB GARLAND 
2462,47589,CONGRATULATIONS BUNTING
2463,84927F,PSYCHEDELIC TILE HOOK
2464,21278,VINTAGE KITCHEN PRINT PUDDINGS
2465,47518F,ICON PLACEMAT POP ART ELVIS
2466,22182,CAKE STAND VICTORIAN FILIGREE SMALL
2467,16156L,"WRAP, CAROUSEL"
2468,21318,GLASS CHALICE BLUE SMALL 
2469,85025B,EAU DE NILE HEART SHAPE PHOTO FRAME
2470,47351B,BLUE  VOILE LAMPSHADE
2471,21002,ROSE DU SUD DRAWSTRING BAG
2472,21084,SET/6 COLLAGE PAPER CUPS
2473,21088,SET/6 FRUIT SALAD PAPER CUPS
2474,21096,SET/6 FRUIT SALAD  PAPER PLATES
2475,85093,CANDY SPOT EGG WARMER HARE
2476,85094,CANDY SPOT EGG WARMER RABBIT
2477,84251B,"GREETING CARD, STICKY GORDON"
2478,84251G,"GREETING CARD, OVERCROWDED POOL."
2479,22250,DECORATION  BUTTERFLY  MAGIC GARDEN
2480,22248,DECORATION  PINK CHICK MAGIC GARDEN
2481,22247,BUNNY DECORATION MAGIC GARDEN
2482,84251C,"GREETING CARD, TWO SISTERS."
2483,84510C,SET OF 4 POLKADOT COASTERS
2484,84741C,CITRUS GARLAND FELT FLOWERS 
2485,21220,SET/4 BADGES DOGS
2486,21222,SET/4 BADGES BEETLES
2487,22266,EASTER DECORATION HANGING BUNNY
2488,22268,EASTER DECORATION SITTING BUNNY
2489,22267,EASTER DECORATION EGG BUNNY 
2490,21003,ROSE DU SUD CUSHION COVER
2491,21757,LIGHTHOUSE PRINTED METAL SIGN
2492,90123B,TURQUOISE HEART OF GLASS BRACELET
2493,90123C,GREEN HEART OF GLASS BRACELET
2494,90122A,PINK CRYSTAL+GLASS BRACELET
2495,90184C,BLACK CHUNKY BEAD BRACELET W STRAP
2496,90122C,TURQUOISE CRYSTAL+GLASS BRACELET
2497,90156,RESIN BRACELET W PASTEL BEADS
2498,90155,RESIN NECKLACE W PASTEL BEADS
2499,75049L,LARGE CIRCULAR MIRROR MOBILE
2500,84600,NEW BAROQUE JEWELLERY BOX 
2501,84617,NEW BAROQUE BLACK BOXES
2502,21332,MOROCCAN BEATEN METAL MIRROR
2503,44091A,BLUE CRUSOE CHECK LAMPSHADE
2504,21280,VINTAGE KITCHEN PRINT VEGETABLES
2505,85203,HANGING WOOD AND FELT BUTTERFLY 
2506,85204,HANGING WOOD AND FELT FLOWER
2507,85197,SET OF 12 MINI BUNNIES IN A BUCKET
2508,21028,NINJA RABBIT BLACK
2509,21775,DECORATIVE FLORE BATHROOM BOTTLE
2510,85019B,BLOSSOM  IMAGES NOTEBOOK SET
2511,16207B,PINK HEART RED HANDBAG
2512,20698,LITTLE PINK MONSTER SOFT TOY
2513,47556B,TEA TIME TEA TOWELS 
2514,21208,PASTEL COLOUR HONEYCOMB FAN
2515,79323P,PINK CHERRY LIGHTS
2516,21655,HANGING RIDGE GLASS T-LIGHT HOLDER
2517,35265,COLOURFUL FLOWER FRUIT BOWL
2518,22281,EASTER TREE YELLOW BIRDS
2519,20662,FIRST CLASS HOLIDAY PURSE 
2520,21667,GLASS CAKE COVER AND PLATE
2521,22322,BIRD DECORATION GREEN POLKADOT
2522,22323,PINK POLKADOT KIDS BAG
2523,22103,MIRROR MOSAIC T-LIGHT HOLDER ROUND
2524,23231,WRAP DOILEY DESIGN
2525,62086A,PINK RETRO BIG FLOWER BAG
2526,22135,MINI LADLE LOVE HEART PINK
2527,35912B,WHITE/PINK CHICK DECORATION
2528,23230,WRAP ALPHABET DESIGN
2529,85206B,PINK FELT EASTER EGG BASKET
2530,84748,FOLK FELT HANGING MULTICOL GARLAND
2531,85189,HANGING BUTTERFLY  EGG
2532,84745A,PINK HANGING GINGHAM EASTER HEN
2533,84745B,BLUE HANGING GINGHAM EASTER HEN
2534,22287,"DECORATION , WOBBLY CHICKEN, METAL "
2535,85186C,BUNNY EGG GARLAND
2536,21117,BLOND DOLL DOORSTOP
2537,90010B,BLACK/WHITE GLASS/SILVER BRACELET
2538,21459,YELLOW EASTER EGG HUNT START POST
2539,21460,GREEN EASTER EGG HUNT START POST
2540,85186A,EASTER BUNNY GARLAND OF FLOWERS
2541,85087,CANDY SPOT CUSHION COVER
2542,90125B,AQUA BERTIE GLASS BEAD BAG CHARM
2543,22967,SET 3 SONG BIRD PAPER EGGS ASSORTED
2544,22957,SET 3 PAPER VINTAGE CHICK PAPER EGG
2545,22896,PEG BAG APPLE DESIGN
2546,22199,FRYING PAN RED POLKADOT 
2547,20914,SET/5 RED SPOTTY LID GLASS BOWLS
2548,20725,LUNCH BAG RED SPOTTY
2549,21368,MIRRORED WALL ART LADIES
2550,85131D,BEADED CRYSTAL HEART PINK ON STICK
2551,85131C,BEADED CRYSTAL HEART BLUE ON STICK
2552,85131B,BEADED CRYSTAL HEART GREEN ON STICK
2553,17174,ASSTD RASTA KEY-CHAINS
2554,23233,WRAP POPPIES  DESIGN
2555,35921,EASTER BUNNY HANGING GARLAND
2556,85200,BUNNY EGG BOX
2557,84231,EASTER BUNNY WITH BASKET ON BACK
2558,21461,BLUE EASTER EGG HUNT START POST
2559,84462,3 PINK HEN+CHICKS IN BASKET
2560,84461,12 PINK HEN+CHICKS IN BASKET
2561,35922,EASTER BUNNY WREATH
2562,84675,FROG KING WATERING CAN
2563,22447,PIN CUSHION BABUSHKA BLUE
2564,47481,50CM METAL STRING WITH  7 CLIPS
2565,47469,ASSORTED SHAPES PHOTO CLIP SILVER 
2566,23232,WRAP VINTAGE PETALS  DESIGN
2567,84905,PINK BUTTERFLY CUSHION COVER 
2568,84806B,WHITE CANDYSTUFT ARTIFICIAL FLOWER
2569,21458,2 PICTURE BOOK EGGS EASTER BUNNY
2570,85188B,PINK METAL SWINGING BUNNY
2571,85198,ASSORTED FARMYARD ANIMALS IN BUCKET
2572,15044D,RED PAPER PARASOL
2573,85213,MINI  ZINC GARDEN DECORATIONS 
2574,23166,MEDIUM CERAMIC TOP STORAGE JAR
2575,20845,ZINC HEART LATTICE 2 WALL PLANTER
2576,84033,FLAG OF ST GEORGE 
2577,35095A,BLUE VICTORIAN FABRIC OVAL BOX
2578,84796B,BLUE SAVANNAH PICNIC HAMPER FOR 2
2579,84226,HEN HOUSE W FAMILY IN BARN & NEST
2580,21926,RED/CREAM STRIPE CUSHION COVER 
2581,37379A,PINK CHERRY BLOSSOM CUP & SAUCER
2582,22165,"DIAMANTE HEART SHAPED WALL MIRROR, "
2583,90214R,"LETTER ""R"" BLING KEY RING"
2584,35920,FOUR RABBIT EASTER DECORATIONS
2585,84510E,SET OF 4 GREEN CAROUSEL COASTERS
2586,85125,SMALL ROUND CUT GLASS CANDLESTICK
2587,84801A,PINK HYDRANGEA ART FLOWER
2588,84592,CROCHET ROSE PURSE WITH SUEDE BACK
2589,84927D,LA PALMIERA TILE HOOK
2590,84800S,SMALL WHITE/PINK ROSE ART FLOWER
2591,79192A,RETRO PLASTIC 70'S TRAY
2592,21420,OYSTER TRINKET BOX
2593,85130C,BEADED CRYSTAL HEART BLUE  LARGE
2594,20756,GREEN FERN POCKET BOOK
2595,21371,MIRRORED WALL ART POPPIES
2596,21095,SET/6 POSIES PAPER PLATES
2597,22317,FIVE CATS HANGING DECORATION
2598,40046A,RED DAISY PAPER LAMPSHADE
2599,37467,PIG MUG IN TWO COLOUR DESIGNS
2600,84527,FLAMES SUNGLASSES PINK LENSES
2601,72799C,PINK PILLAR CANDLE SILVER FLOCK
2602,71101E,STANDING FAIRY POLE SUPPORT 
2603,21457,2 PICTURE BOOK EGGS EASTER DUCKS
2604,90072,RUBY DROP CHANDELIER EARRINGS
2605,90073,VINTAGE ENAMEL & CRYSTAL EARRINGS
2606,79191D,RETRO PLASTIC DAISY TRAY
2607,72134,COLUMBIAN  CUBE CANDLE 
2608,21456,2 PICTURE BOOK EGGS EASTER CHICKS
2609,21317,GLASS SPHERE CANDLE STAND MEDIUM
2610,35647,VINTAGE BEAD PINK SHADE 
2611,90214G,"LETTER ""G"" BLING KEY RING"
2612,46775D,SUNSET COLOUR CHUNKY KNITTED THROW
2613,20795,LARGE BLUE PROVENCAL CERAMIC BALL
2614,84976,RECTANGULAR SHAPED MIRROR
2615,84632,DECORATIVE HANGING SHELVING UNIT
2616,90197B,BLACK GLASS BRACELET W HEART CHARMS
2617,90125C,TURQUOISE BERTIE GLASS BEAD CHARM
2618,35913B,WHITE/PINK CHICK EASTER DECORATION
2619,85202,HANGING WOOD AND FELT HEART
2620,22146,EASTER CRAFT IVY WREATH WITH CHICK
2621,85047,WHITE BEADED GARLAND STRING 20LIGHT
2622,21476,STEEL SWEETHEART ROUND TABLE CREAM
2623,16052,TEATIME PUSH DOWN RUBBER
2624,72815,3 WICK CHRISTMAS BRIAR CANDLE 
2625,84974,S/2 ZINC HEART DESIGN PLANTERS
2626,72821,CUPID SCENTED CANDLE IN GLASS
2627,22246,MAGIC GARDEN FELT GARLAND 
2628,90123D,WHITE HEART OF GLASS BRACELET
2629,90123A,PINK HEART OF GLASS BRACELET
2630,90010E,AMBER GLASS/SILVER BRACELET
2631,90148,LONG SILVER NECKLACE PASTEL FLOWER
2632,90016B,GOLD/M.O.P PENDANT ORBIT NECKLACE
2633,90016A,SILVER/M.O.P PENDANT ORBIT NECKLACE
2634,84847,FLORAL BATHROOM SET
2635,85188A,GREEN METAL SWINGING BUNNY
2636,20898,VINTAGE NOTEBOOK TRAVELOGUE
2637,21316,SMALL CHUNKY GLASS ROMAN  BOWL
2638,21320,GLASS CHALICE GREEN  LARGE 
2639,20818,GOLD TEDDY BEAR
2640,85160B,BLACK BIRD GARDEN DESIGN MUG
2641,84465,15 PINK FLUFFY CHICKS IN BOX
2642,20851,ZINC HEART LATTICE TRAY OVAL 
2643,84715,SET OF 6 ICE CREAM SKITTLES
2644,84919,BLUE CUSHION COVER WITH FLOWER
2645,84907,PINK YELLOW PATCH CUSHION COVER
2646,85024B,EAU DE NILE JEWELLED PHOTOFRAME
2647,71496B,A4 WALL TIDY RED FLOWERS
2648,35915C,PEACH KNITTED HEN 
2649,17028J,INCENSE BAZAAR PEACH
2650,17084A,TRANQUILITY MASALA INCENSE
2651,84795C,OCEAN STRIPE HAMMOCK 
2652,21758,VINTAGE SHELLS PRINT
2653,62074B,ELEPHANT CLIP W SUCTION CUP
2654,84279B,CHERRY BLOSSOM DECORATIVE FLASK
2655,84801B,WHITE HYDRANGEA ART FLOWER
2656,84805A,CREAM CLIMBING HYDRANGA ART FLOWER
2657,17136A,BLUE STONES ON WIRE FOR CANDLE
2658,35923,CANDY HEART HANGING DECORATION
2659,21818,GLITTER HEART DECORATION
2660,84712B,PINK JEWELLED PHOTO FRAME
2661,84708B,PINK JEWELLED PHOTO FRAME 
2662,22595,GINGHAM HEART DECORATION
2663,44089A,PINK GAUZE BUTTERFLY LAMPSHADE
2664,84723,CHERRY BLOSSOM CANVAS ART PICTURE
2665,22038,BOTANICAL LAVENDER GIFT WRAP 
2666,84086C,PINK/PURPLE RETRO RADIO
2667,84429A,MEDIUM PINK BUDDHA HEAD 
2668,37462E,"PET MUG, GOLDFISH"
2669,90037B,TINY CRYSTAL BRACELET GREEN
2670,90098,NECKLACE+BRACELET PINK BUTTERFLY
2671,15058C,ICE CREAM DESIGN GARDEN PARASOL
2672,22989,SET 2 PANTRY DESIGN TEA TOWELS
2673,22541,MINI JIGSAW LEAP FROG
2674,84452,METAL RABBIT LADDER EASTER 
2675,22353,LUNCH BOX WITH CUTLERY FAIRY CAKES 
2676,22990,COTTON APRON PANTRY DESIGN
2677,84568,GIRLS ALPHABET IRON ON PATCHES 
2678,84598,BOYS ALPHABET IRON ON PATCHES
2679,84659A,WHITE TRAVEL ALARM CLOCK
2680,20694,FLORAL PINK MONSTER
2681,85092,CANDY SPOT TEA COSY
2682,37413,ICON MUG REVOLUTIONARY
2683,35815P,"ACRYLIC JEWEL SNOWFLAKE, PINK"
2684,21228,"POCKET MIRROR ""GLAMOROUS"""
2685,90202B,WHITE ENAMEL FLOWER HAIR TIE
2686,90202C,GREEN ENAMEL FLOWER HAIR TIE
2687,90174,BUTTERFLY HAIR BAND
2688,90039C,FIRE POLISHED GLASS BRACELET BLACK
2689,90120B,BLUE MURANO TWIST BRACELET
2690,90122B,JADE CRYSTAL+GLASS BRACELET
2691,90070,RUBY GLASS CLUSTER BRACELET
2692,90010A,MIDNIGHT BLUE GLASS/SILVER BRACELET
2693,75172,PAINTED SEA SHELL METAL WINDCHIME
2694,45013,FOLDING SHOE TIDY
2695,21636,MADRAS NOTEBOOK MEDIUM
2696,71510,SQUARE METAL CANDLEHOLDER BASE
2697,21641,ASSORTED TUTTI FRUTTI KEYRING BALL
2698,44265,M/COLOUR POM-POM CURTAIN
2699,79323B,BLACK CHERRY LIGHTS
2700,90055,CRACKED GLAZE EARRINGS BROWN
2701,90064B,BLACK VINTAGE  CRYSTAL EARRINGS
2702,90011B,BLACK CRYSTAL DROP EARRINGS
2703,90064A,WHITE VINTAGE CRYSTAL EARRINGS
2704,90063A,WHITE VINT ART DECO CRYSTAL NECKLAC
2705,90063B,BLACK VINT ART DEC CRYSTAL NECKLACE
2706,90029,NEW BAROQUE SMALL NECKLACE BLACK
2707,84840,SWEETHEART CARRY-ALL BASKET
2708,44089C,LILAC GAUZE BUTTERFLY LAMPSHADE
2709,44236,PINK/PURPLE CIRCLE CURTAIN
2710,21681,GIANT MEDINA STAMPED METAL BOWL 
2711,35909B,PINK FLOWERS RABBIT EASTER
2712,90180B,PURPLE AMETHYST NECKLACE W TASSEL
2713,90152C,BLUE/NAT SHELL NECKLACE W PENDANT
2714,90152A,SILVER/NAT SHELL NECKLACE W PENDANT
2715,90018A,SILVER M.O.P ORBIT DROP EARRINGS
2716,90023,FILIGREE DIAMANTE EARRINGS
2717,90192,JADE DROP EARRINGS W FILIGREE
2718,84663A,GRASS HOPPER WOODEN WALL CLOCK 
2719,35637A,IVORY STRING CURTAIN WITH POLE 
2720,84661C,PINK SQUARE TABLE CLOCK
2721,84857C,PINK MONTE CARLO HANDBAG
2722,84859C,PINK DISCO HANDBAG
2723,22597,MUSICAL ZINC HEART DECORATION 
2724,22602,RETROSPOT WOODEN HEART DECORATION
2725,79406,FROSTED WHITE BASE 
2726,22289,HANGING METAL CHICKEN DECORATION
2727,22980,PANTRY SCRUBBING BRUSH
2728,21811,HANGING HEART WITH BELL
2729,22993,SET OF 4 PANTRY JELLY MOULDS
2730,23006,TRAVEL CARD WALLET FLOWER MEADOW
2731,23004,TRAVEL CARD WALLET PANTRY
2732,23002,TRAVEL CARD WALLET SKULLS
2733,23003,TRAVEL CARD WALLET VINTAGE ROSE 
2734,23000,TRAVEL CARD WALLET TRANSPORT
2735,22994,TRAVEL CARD WALLET RETROSPOT
2736,22998,TRAVEL CARD WALLET KEEP CALM
2737,22991,GIRAFFE WOODEN RULER
2738,22992,REVOLVER WOODEN RULER 
2739,21898,POTTING SHED ROSE CANDLE
2740,79063D,"RETRO PILL BOX , REVOLUTIONARY"
2741,22999,TRAVEL CARD WALLET RETRO PETALS
2742,22995,TRAVEL CARD WALLET SUKI
2743,22996,TRAVEL CARD WALLET VINTAGE TICKET
2744,22978,PANTRY ROLLING PIN
2745,22997,TRAVEL CARD WALLET UNION JACK
2746,23005,TRAVEL CARD WALLET I LOVE LONDON
2747,79062D,"RETRO TIN ASHTRAY,REVOLUTIONARY"
2748,20837,FRENCH FLORAL CUSHION COVER 
2749,47341A,FUSCHIA TABLE RUN FLOWER 
2750,22351,DOTCOMGIFTSHOP TEA TOWEL
2751,84997C,CHILDRENS CUTLERY POLKADOT BLUE
2752,84997D,CHILDRENS CUTLERY POLKADOT PINK
2753,79331,PINK FLOCK GLASS CANDLEHOLDER
2754,84306,S/3 PINK SQUARE PLANTERS ROSES
2755,44092C,PURPLE/COPPER HANGING LAMPSHADE
2756,44092B,BLUE WHITE PLASTIC RINGS LAMPSHADE
2757,90018B,GOLD M.O.P ORBIT DROP EARRINGS
2758,90065A,WHITE VINTAGE CRYSTAL BRACELET
2759,90191,SILVER LARIAT 40CM
2760,90024F,NEW BAROQUE B'FLY NECKLACE CRYSTAL
2761,90026D,GLASS BEAD HOOP NECKLACE AMETHYST
2762,90143,SILVER BRACELET W PASTEL FLOWER
2763,90024C,NEW BAROQUE B'FLY NECKLACE GREEN
2764,90000B,MIDNIGHT BLUE COPPER FLOWER NECKLAC
2765,90000D,COPPER/OLIVE GREEN FLOWER NECKLACE
2766,90000A,RASPBERRY ANT COPPER FLOWER NECKLAC
2767,90026C,GLASS BEAD HOOP NECKLACE GREEN
2768,90026B,GLASS BEAD HOOP NECKLACE MONTANA
2769,35638A,PINK AND BLACK STRING CURTAIN
2770,84691,PACK 20 DOLLY PEGS
2771,21112,SWISS ROLL TOWEL PINK  SPOTS
2772,22383,LUNCH BAG SUKI DESIGN 
2773,84997B,CHILDRENS CUTLERY RETROSPOT RED 
2774,84997A,CHILDRENS CUTLERY POLKADOT GREEN 
2775,90209B,GREEN ENAMEL+GLASS HAIR COMB
2776,84876B,GREEN HEART COMPACT MIRROR
2777,46776B,WOVEN BERRIES CUSHION COVER 
2778,22216,T-LIGHT HOLDER WHITE LACE
2779,21414,SCALLOP SHELL SOAP DISH
2780,82095,HEART BUTTONS JEWELLERY BOX
2781,35637C,PINK STRING CURTAIN WITH POLE
2782,84466,TOP SECRET PEN SET
2783,90214A,"LETTER ""A"" BLING KEY RING"
2784,90100,NECKLACE+BRACELET SET PINK DAISY
2785,90096,NECKLACE+BRACELET SET BLUE BLOSSOM
2786,21087,SET/6 POSIES PAPER CUPS
2787,21928,JUMBO BAG SCANDINAVIAN BLUE PAISLEY
2788,84809B,PINK CHRYSANTHEMUMS ART FLOWER
2789,21418,STARFISH SOAP DISH
2790,84858C,PINK RIVIERA HANDBAG
2791,72140E,BEST DAD CANDLE LETTERS
2792,10080,GROOVY CACTUS INFLATABLE
2793,17001,HEAVENS SCENT FRAGRANCE OILS ASSTD
2794,71050,SMALL SINGLE FLAME CANDLE HOLDER
2795,35916C,PINK FELT HANGING HEART W FLOWER
2796,84687,BEACH HUT SHELF W 3 DRAWERS
2797,46118,FUNKY MONKEY CUSHION COVER
2798,84802B,PURPLE ANEMONE ARTIFICIAL FLOWER
2799,84803B,WHITE ALLIUM  ARTIFICIAL FLOWER
2800,84798A,PINK FOXGLOVE ARTIIFCIAL FLOWER
2801,21293,MIRRORED DOVE WALL DECORATION
2802,23182,TOILET SIGN OCCUPIED OR VACANT
2803,20796,SMALL BLUE PROVENCAL CERAMIC BALL
2804,22979,PANTRY WASHING UP BRUSH
2805,23177,TREASURE ISLAND BOOK BOX
2806,23193,BUFFALO BILL TREASURE BOOK BOX
2807,23194,GYMKHANNA TREASURE BOOK BOX
2808,23176,ABC TREASURE BOOK BOX 
2809,22982,PANTRY PASTRY BRUSH
2810,23126,DOLLCRAFT GIRL AMELIE KIT
2811,23127,DOLLCRAFT GIRL NICOLE
2812,16020C,CLEAR STATIONERY BOX SET 
2813,23127,FELTCRAFT GIRL NICOLE KIT
2814,46776C,WOVEN FROST CUSHION COVER
2815,23128,FELTCRAFT BOY JEAN-PAUL KIT
2816,23126,FELTCRAFT GIRL AMELIE KIT
2817,23194,GYMKHANA TREASURE BOOK BOX
2818,23183,MOTHER'S KITCHEN SPOON REST 
2819,23179,CLOCK MAGNET MUM'S KITCHEN
2820,23178,JAM CLOCK MAGNET
2821,22981,PANTRY APPLE CORER
2822,90166,PINK & WHITE ROSEBUD RING
2823,37423,WHITE WITH BLACK CATS PLATE
2824,23180,MUM'S KITCHEN CLOCK
2825,21634,ASSORTED MINI MADRAS NOTEBOOK
2826,90141C,TURQ PENDANT TRIPLE SHELL NECKLACE
2827,90141A,GREEN PENDANT TRIPLE SHELL NECKLACE
2828,90183C,BLACK DROP EARRINGS W LONG BEADS
2829,90124B,BLUE MURANO TWIST NECKLACE
2830,23049,RECYCLED ACAPULCO MAT RED
2831,23053,RECYCLED ACAPULCO MAT PINK
2832,23054,RECYCLED ACAPULCO MAT LAVENDER
2833,23050,RECYCLED ACAPULCO MAT GREEN
2834,23052,RECYCLED ACAPULCO MAT TURQUOISE
2835,23051,RECYCLED ACAPULCO MAT BLUE
2836,79026B,"S/4 ICON COASTER,ELVIS LIVES"
2837,23128,DOLLCRAFT BOY JEAN-PAUL 
2838,23185,FRENCH STYLE STORAGE JAR JAM
2839,23184,BULL DOG BOTTLE OPENER
2840,90084,PINK CRYSTAL GUITAR PHONE CHARM
2841,35607B,BLACK FEATHER CHRISTMAS DECORATION
2842,84798B,PURPLE FOXGLOVE ARTIIFCIAL FLOWER
2843,90040C,MURANO STYLE GLASS BRACELET GOLD
2844,90038B,GLASS AND PAINTED BEADS BRACELET OL
2845,90038C,GLASS AND BEADS BRACELET IVORY
2846,90214P,"LETTER ""P"" BLING KEY RING"
2847,21369,MIRRORED WALL ART SPLODGES
2848,35916A,YELLOW FELT HANGING HEART W FLOWER
2849,62096B,PURPLE/TURQ FLOWERS HANDBAG
2850,84593,CROCHET ROSE DES CLOTHES HANGER
2851,16248B,BLUE HOLE PUNCH
2852,21841,BABY MOUSE RED GINGHAM DRESS
2853,23181,BULL DOG BOTTLE TOP WALL CLOCK
2854,23187,FRENCH STYLE STORAGE JAR BONBONS
2855,23126,DOLLCRAFT GIRL AMELIE
2856,23186,FRENCH STYLE STORAGE JAR CAFE 
2857,22764,"RUSTIC WOODEN CABINET, GLASS DOORS"
2858,84086B,YELLOW/BLUE RETRO RADIO
2859,79063C,"RETRO PILL BOX KEY CHAIN,THE KING"
2860,23009,I LOVE LONDON BABY GIFT SET
2861,23007, SPACEBOY BABY GIFT SET
2862,23008,DOLLY GIRL BABY GIFT SET
2863,85088,CANDY SPOT HAND BAG
2864,23010,CIRCUS PARADE BABY GIFT SET
2865,20653,CHERRY BLOSSOM LUGGAGE TAG
2866,84535A,ENGLISH ROSE NOTEBOOK A6 SIZE
2867,16202A,PASTEL PINK PHOTO ALBUM 
2868,21402,RED  EGG  SPOON
2869,84842,HELLO SAILOR BATHROOM SET
2870,17129F,BLUE GLASS GEMS IN BAG
2871,84227,HEN HOUSE W CHICK IN NEST
2872,16161G,WRAP BAD HAIR DAY
2873,90201B,BLACK ENAMEL FLOWER RING
2874,85161,ACRYLIC GEOMETRIC LAMP
2875,16259,PIECE OF CAMO STATIONERY SET
2876,47013A,WINE BOTTLE DRESSING LT.BLUE
2877,84968B,SET OF 16 VINTAGE IVORY CUTLERY
2878,21750,LARGE SKULL WINDMILL
2879,35910B,PINK FLOWERS RABBIT EASTER
2880,46776E,WOVEN CANDY CUSHION COVER 
2881,84828,JUNGLE POPSICLES ICE LOLLY MOULDS
2882,84750A,PINK SMALL GLASS CAKE STAND
2883,78033,FLAG OF ST GEORGE CHAIR
2884,21395,BLUE POLKADOT BEAKER 
2885,84946,ANTIQUE SILVER T-LIGHT GLASS
2886,37351,ORANGE FLOWER MUG 
2887,37488A,YELLOW PINK FLOWER DESIGN BIG BOWL
2888,85030,FRENCH CHATEAU OVAL PLATTER
2889,21637,ASSORTED SANSKRIT MINI NOTEBOOK
2890,47344B,BLUE FLOWER DES PURSE
2891,46126A,ELVIS WALLHANGING / CURTAIN
2892,37330,BIG POLKADOT MUG
2893,90036F,"FLOWER GLASS GARLD NECKL36""TURQUOIS"
2894,90030B,RED KUKUI COCONUT SEED NECKLACE
2895,90131,PINK/AMETHYST/GOLD NECKLACE
2896,85224,ASSORTED COLOUR SILK GLASSES CASE
2897,23077,DOUGHNUT LIP GLOSS 
2898,23076,ICE CREAM SUNDAE LIP GLOSS
2899,23078,ICE CREAM PEN LIP GLOSS 
2900,21770,OPEN CLOSED METAL SIGN
2901,47013C,WINE BOTTLE DRESSING DARK BLUE
2902,84548,CROCHET BEAR RED/BLUE  KEYRING
2903,84796A,PINK HAWAIIAN PICNIC HAMPER FOR 2
2904,15030,FAN BLACK FRAME 
2905,21897,POTTING SHED CANDLE CITRONELLA
2906,22985,WRAP BILLBOARD FONTS DESIGN
2907,23159,SET OF 5 PANCAKE DAY MAGNETS
2908,23154,SET OF 4 JAM JAR MAGNETS
2909,23156,SET OF 5 MINI GROCERY MAGNETS
2910,23155,KNICKERBOCKERGLORY MAGNET ASSORTED 
2911,84569C,PACK 4 FLOWER/BUTTERFLY PATCHES
2912,23158,SET OF 5 LUCKY CAT MAGNETS 
2913,85145,JARDIN ETCHED GLASS LARGE BELL JAR
2914,21839,MUMMY MOUSE RED GINGHAM RIBBON
2915,85028S,FRENCH CHATEAU SMALL FRUITBOWL
2916,85028L,FRENCH CHATEAU LARGE FRUIT BOWL 
2917,21270,ANTIQUE CREAM CUTLERY CUPBOARD
2918,85017A,ENVELOPE 50 ROMANTIC IMAGES
2919,90164A,PINK ROSEBUD PEARL BRACELET
2920,90124A,PINK MURANO TWIST NECKLACE
2921,90124C,GREEN MURANO TWIST NECKLACE
2922,21847,GREEN  DIAMANTE PEN IN GIFT BOX
2923,16156L,WRAP CAROUSEL
2924,90099,NECKLACE+BRACELET SET BLUE HIBISCUS
2925,84743C,ORANGE FELT VASE + FLOWERS
2926,23157,SET OF 6 NATIVITY MAGNETS 
2927,90014C,SILVER/BLACK ORBIT NECKLACE
2928,35649,VINTAGE BEAD COSMETIC BAG 
2929,35809B,ENAMEL BLUE RIM TEA CONTAINER
2930,84686,BEACH HUT MIRROR
2931,22104,MIRROR MOSAIC CANDLE PLATE
2932,84228,HEN HOUSE WITH CHICK STANDING
2933,16202E,BLACK PHOTO ALBUM 
2934,79030D,TUMBLER BAROQUE
2935,20821,GOLDIE LOOKING MIRROR
2936,84877A,PINK ROUND COMPACT MIRROR
2937,84875D,BLUE SQUARE COMPACT MIRROR
2938,22106,MIRROR MOSAIC HURRICANE LAMP 
2939,22287,DECORATION WOBBLY CHICKEN
2940,22286,DECORATION WOBBLY RABBIT METAL 
2941,84872A,TEATIME FUNKY FLOWER BACKPACK FOR 2
2942,23254,CHILDRENS CUTLERY DOLLY GIRL 
2943,23256,CHILDRENS CUTLERY SPACEBOY 
2944,90024D,NEW BAROQUE B'FLY NECKLACE PINK
2945,23255,CHILDRENS CUTLERY CIRCUS PARADE
2946,79030G,TUMBLER NEW ENGLAND
2947,22039,BOTANICAL LILY GIFT WRAP
2948,90001C,ANTIQUE OPAL WHITE FLOWER EARRINGS
2949,90025A,BAROQUE BUTTERFLY EARRINGS BLACK
2950,90142D,MOP PENDANT SHELL NECKLACE
2951,37487B,YELLOW/ORANGE FLOWER DESIGN PLATE
2952,23205,CHARLOTTE BAG VINTAGE ALPHABET 
2953,23201,JUMBO BAG ALPHABET
2954,23207,LUNCH BAG ALPHABET DESIGN
2955,23199,JUMBO BAG APPLES
2956,23206,LUNCH BAG APPLE DESIGN
2957,23204,CHARLOTTE BAG APPLES DESIGN
2958,23205,CHARLOTTE BAG ALPHABET  DESIGN
2959,23256,KIDS CUTLERY SPACEBOY 
2960,23254,KIDS CUTLERY DOLLY GIRL 
2961,23208,LUNCH BAG VINTAGE LEAF DESIGN
2962,37468,HARDMAN MUG 3 ASSORTED
2963,84689,S/2 BEACH HUT TREASURE CHESTS
2964,20703,BLUE PADDED SOFT MOBILE
2965,44242B,PINK FEATHERS CURTAIN
2966,46776A,WOVEN BUBBLE GUM CUSHION COVER
2967,46776F,WOVEN ROSE GARDEN CUSHION COVER 
2968,46776D,WOVEN SUNSET CUSHION COVER 
2969,PADS,PADS TO MATCH ALL CUSHIONS
2970,22785,SQUARECUSHION COVER PINK UNION JACK
2971,84731,3 BIRDS CANVAS SCREEN
2972,23065,LARGE DECO JEWELLERY STAND
2973,16202B,PASTEL BLUE PHOTO ALBUM 
2974,23060,HEART BEADED TRELLIS DECORATION
2975,23057,GEMSTONE CHANDELIER T-LIGHT HOLDER
2976,23057,BEADED CHANDELIER T-LIGHT HOLDER
2977,23066,SMALL DECO JEWELLERY STAND
2978,23068,ALUMINIUM STAMPED HEART
2979,23075,DOUBLE CERAMIC PARLOUR HOOK
2980,23153,ZINC SWEETHEART WIRE LETTER RACK
2981,23075,PARLOUR CERAMIC WALL HOOK
2982,23073,GEORGIAN TRINKET BOX
2983,84549,CROCHET WHITE RABBIT KEYRING 
2984,21614,SET OF 12 ROSE BOTANICAL T-LIGHTS
2985,84576,BLUE CAT BISCUIT BARREL PINK HEART
2986,23146,TRIPLE HOOK ANTIQUE IVORY ROSE
2987,23061,VINTAGE EMBOSSED HEART
2988,20823,GOLD WINE GOBLET
2989,20827,GOLD APERITIF GLASS
2990,23055,IVORY CHANDELIER T-LIGHT HOLDER
2991,23056,FLOWERS CHANDELIER T-LIGHT HOLDER
2992,23140,TRIPLE WIRE HOOK IVORY HEART
2993,23141,TRIPLE WIRE HOOK PINK HEART
2994,23135,SMALL ZINC HEART WALL ORGANISER
2995,23132,SMALL IVORY HEART WALL ORGANISER
2996,23071,MARIE ANTOIENETT TRINKET BOX GOLD
2997,23152,IVORY SWEETHEART WIRE LETTER RACK 
2998,23134,LARGE ZINC HEART WALL ORGANISER
2999,23133,LARGE IVORY HEART WALL ORGANISER
3000,84990,60 GOLD AND SILVER FAIRY CAKE CASES
3001,23147,SINGLE ANTIQUE ROSE HOOK IVORY
3002,23148,MINIATURE ANTIQUE ROSE HOOK IVORY
3003,23144,ZINC T-LIGHT HOLDER STARS SMALL
3004,23142,IVORY WIRE KITCHEN ORGANISER
3005,23136,IVORY WIRE SWEETHEART LETTER TRAY
3006,23139,SINGLE WIRE HOOK PINK HEART
3007,23138,SINGLE WIRE HOOK IVORY HEART
3008,23150,IVORY SWEETHEART SOAP DISH
3009,23145,ZINC T-LIGHT HOLDER STAR LARGE
3010,23253,16 PIECE CUTLERY SET PANTRY DESIGN
3011,84906,PINK BUTTERFLY CUSHION COVER
3012,23137,ZINC WIRE SWEETHEART LETTER TRAY
3013,79144C,PAINTED LIGHTBULB RAINBOW DESIGN
3014,72024U,LILAC VOTIVE CANDLE
3015,16049,TEATIME GEL PENS ASST
3016,90135,ORANGE/WHT/FUSCHIA STONES NECKLACE
3017,90138,WHITE/PINK MINI CRYSTALS NECKLACE
3018,90159,COTE D'AZURE NECKLACE
3019,90164B,WHITE  ROSEBUD PEARL BRACELET
3020,90163A,PINK ROSEBUD & PEARL NECKLACE
3021,90163B,WHITE ROSEBUD & PEARL NECKLACE
3022,90158,ST TROPEZ NECKLACE
3023,90157,RIVIERA NECKLACE
3024,90051,CRACKED GLAZE NECKLACE RED
3025,23069,EDWARDIAN PHOTO FRAME
3026,16244B,MAXWELL 2 TONE BLUE 60 PAGE PHOTO A
3027,23131,MISTLETOE HEART WREATH CREAM
3028,23067,HANGING ENGRAVED METAL HEART
3029,47341B,BLUE TABLE RUN FLOWER
3030,62097B,BLUE STRIPES SHOULDER BAG
3031,62043B,BLUE CHECK BAG W HANDLE 34X20CM
3032,90021,LASER CUT MULTI STRAND NECKLACE
3033,23163,REGENCY SUGAR TONGS
3034,23284,DOORMAT KEEP CALM AND COME IN
3035,23283,DOORMAT VINTAGE LEAVES DESIGN 
3036,90201D,GREEN ENAMEL FLOWER RING
3037,90201C,RED ENAMEL FLOWER RING
3038,90201A,PURPLE ENAMEL FLOWER RING
3039,71495A,CD WALL TIDY BLUE OFFICE
3040,23162,REGENCY TEA STRAINER
3041,20840,FRENCH FLORAL CUSHION COVER 
3042,72811,SMALL ZINC/GLASS CANDLEHOLDER
3043,20816,GOLD FLOWER CUSHION COVER 
3044,23048,SET OF 10 LANTERNS FAIRY LIGHT STAR
3045,23042,PAPER LANTERN 7 POINT SNOW STAR
3046,23041,PAPER LANTERN 9 POINT SNOW STAR
3047,23040,PAPER LANTERN 9 POINT SNOW STAR 
3048,23064,CINDERELLA CHANDELIER 
3049,85225,BLING KEY RING STAND
3050,23130,MISTLETOE HEART WREATH GREEN
3051,84629,WHITE 3 FRAME BIRDS AND TREE 
3052,20835,FRENCH LATTICE CUSHION COVER 
3053,22987,WRAP SUMMER ROSE DESIGN
3054,20836,FRENCH PAISLEY CUSHION COVER
3055,20838,FRENCH LATTICE CUSHION COVER 
3056,23160,REGENCY TEA SPOON
3057,23161,REGENCY CAKE FORK
3058,23164,REGENCY CAKE SLICE
3059,23149,ANTIQUE IVORY WIRE BOWL SMALL
3060,23148,MINITURE ANTIQUE ROSE HOOK IVORY
3061,84705C,PINK FLOCK PHOTO FRAME 
3062,23143,ZINC WIRE KITCHEN ORGANISER
3063,23299,FOOD COVER WITH BEADS SET 2 
3064,23298,SPOTTY BUNTING
3065,23070,EDWARDIAN HEART PHOTO FRAME
3066,23151,ZINC SWEETHEART SOAP DISH
3067,90058A,CRYSTAL STUD EARRINGS CLEAR DISPLAY
3068,23040,PAPER LANTERN 9 POINT SNOW STAR
3069,23043,PAPER LANTERN 9 POINT HOLLY STAR 40
3070,23045,PAPER LANTERN 5 POINT STAR MOON 30
3071,23041,PAPER LANTERN 6 POINT SNOW STAR
3072,35599D,PINK AND WHITE CHRISTMAS TREE 120CM
3073,23298,"BUNTING , SPOTTY "
3074,20964,POLYESTER FILLER PAD 60x40cm
3075,84859B,BLUE DISCO HANDBAG
3076,23209,LUNCH BAG DOILEY PATTERN 
3077,23200,JUMBO BAG PEARS
3078,23203,JUMBO BAG DOILEY PATTERNS
3079,90076,MONTANA DIAMOND CLUSTER EARRINGS
3080,23071,MARIE ANTOINETTE TRINKET BOX GOLD
3081,23072,MARIE ANTOINETTE TRINKET BOX SILVER
3082,23202,JUMBO BAG VINTAGE LEAF
3083,23043,PAPER LANTERN 9 POINT HOLLY STAR L
3084,23046,PAPER LANTERN 9 POINT DELUXE STAR
3085,23047,PAPER LANTERN 5 POINT SEQUIN STAR
3086,23044,PAPER LANTERN 9 POINT HOLLY STAR S
3087,23044,PAPER LANTERN 9 POINT HOLLY STAR 23
3088,23047,PAPER LANTERN 5 POINT STUDDED STAR
3089,23299,"FOOD COVER WITH BEADS , SET 2 SIZES"
3090,35443,RASTA IN BATH W SPLIFF ASHTRAY
3091,90036A,FLOWER GARLAND NECKLACE RED
3092,90033,IVORY SHELL HEART EARRINGS
3093,90130B,TURQ STONE/CRYSTAL EARRINGS
3094,90036C,"FLOWER GLASS GARLAND NECKL.36""BLUE"
3095,23282,FOLDING BUTTERFLY MIRROR IVORY 
3096,23280,FOLDING BUTTERFLY MIRROR HOT PINK 
3097,23190,BUNDLE OF 3 SCHOOL EXERCISE BOOKS  
3098,23191,BUNDLE OF 3 RETRO NOTE BOOKS
3099,21263,GREEN GOOSE FEATHER TREE 60CM
3100,21265,PINK GOOSE FEATHER TREE 60CM
3101,21264,WHITE GOOSE FEATHER TREE 60CM 
3102,23191,BUNDLE OF 3 RETRO EXERCISE BOOKS
3103,23175,REGENCY MILK JUG PINK 
3104,23174,REGENCY SUGAR BOWL GREEN
3105,23173,REGENCY TEAPOT ROSES 
3106,23172,REGENCY TEA PLATE PINK
3107,23171,REGENCY TEA PLATE GREEN 
3108,23170,REGENCY TEA PLATE ROSES 
3109,23081,GREEN METAL BOX ARMY SUPPLIES
3110,23084,RABBIT NIGHT LIGHT
3111,23281,FOLDING BUTTERFLY MIRROR RED  
3112,23118,PARISIENNE JEWELLERY DRAWER 
3113,23096,PETIT TRAY CHIC
3114,23091,ZINC HERB GARDEN CONTAINER
3115,23094,LE GRAND TRAY CHIC SET
3116,23108,SET OF 10 LED DOLLY LIGHTS
3117,23080,RED METAL BOX TOP SECRET
3118,23081,GREEN METAL BOX TOP SECRET
3119,23110,PARISIENNE KEY CABINET 
3120,23192,BUNDLE OF 3 ALPHABET EXERCISE BOOKS
3121,23100,SILVER BELLS TABLE DECORATION
3122,23102,SILVER HEARTS TABLE DECORATION
3123,23061,VINTAGE ENGRAVED HEART
3124,23082,SET 6 PAPER TABLE LANTERN HEARTS 
3125,16151A,FLOWERS HANDBAG blue and orange
3126,23093,SMALL PARISIENNE HEART PHOTO FRAME 
3127,23280,FOLDING MIRROR HOT PINK 
3128,23109,LED TEA LIGHTS
3129,23103,BELL HEART DECORATION
3130,23068,ALUMINIUM HEART
3131,23056,CRYSTAL CHANDELIER T-LIGHT HOLDER
3132,23112,PARISIENNE CURIO CABINET
3133,23111,PARISIENNE SEWING BOX
3134,23079,TOADSTOOL BEDSIDE LIGHT 
3135,23167,SMALL CERAMIC TOP STORAGE JAR 
3136,23104,IVORY PANTRY HANGING LAMP 
3137,23168,CLASSIC SUGAR DISPENSER
3138,72812,LARGE ZINC GLASS CANDLEHOLDER
3139,23131,MISELTOE HEART WREATH WHITE
3140,23130,MISELTOE HEART WREATH 
3141,23169,CLASSIC GLASS SWEET JAR
3142,23165,LARGE CERAMIC TOP STORAGE JAR
3143,23065,LARGE JEWELLERY STAND
3144,23066,SMALL JEWELLERY STAND
3145,23101,SILVER STARS TABLE DECORATION
3146,23089,GLASS BON BON JAR
3147,23107,WHITE WIRE PLANT POT HOLDER
3148,23169,CLASSIC GLASS COOKIE JAR
3149,90039D,FIRE POLISHED GLASS BRACELET GREEN
3150,90039B,FIRE POLISHED GLASS BRACELET MONTAN
3151,90039A,FIRE POLISHED GLASS BRACELET RED
3152,23168,CLASSIC CAFE SUGAR DISPENSER
3153,23103,JINGLE BELL HEART DECORATION
3154,23106,ZINC HEARTS PLANT POT HOLDER
3155,23107,WHITE HEARTS WIRE PLANT POT HOLDER
3156,23087,ZINC  HEART T-LIGHT HOLDER
3157,23088,ZINC HEART FLOWER T-LIGHT HOLDER
3158,23091,METAL HERB GERDEN CONTAINER
3159,23106,ZINC PLANT POT HOLDER
3160,23282,FOLDING MIRROR IVORY 
3161,23281,FOLDING MIRROR RED  
3162,90035C,"PEARL & SHELL 42""NECKL. IVORY"
3163,23301,GARDENERS KNEELING PAD KEEP CALM 
3164,23300,GARDENERS KNEELING PAD CUP OF TEA 
3165,23302,KNEELING MAT HOUSEWORK  DESIGN
3166,47574B,ENGLISH ROSE SCENTED HANGING HEART
3167,23090,VINTAGE GLASS T-LIGHT HOLDER
3168,23083,SET 6 PAPER TABLE LANTERN STARS 
3169,23092,LARGE ANTIQUE WHITE PHOTO FRAME
3170,23085,ANTIQUE SILVER BAUBLE LAMP  
3171,23099,FRENCH CARRIAGE LANTERN
3172,23086,ZINC  STAR T-LIGHT HOLDER 
3173,84661A,WHITE SQUARE TABLE CLOCK
3174,90214Y,"LETTER ""Y"" BLING KEY RING"
3175,84873A,FUNKY FLOWER PICNIC BAG FOR 4
3176,21015,DARK BIRD HOUSE TREE DECORATION
3177,37471,MULTICOLOUR POLKADOT PLATE
3178,22179,SET 10 NIGHT OWL LIGHTS
3179,23129,HEART SHAPED HOLLY WREATH
3180,84804B,BLUE DELPHINIUM ARTIFICIAL FLOWER
3181,23104,IVORY CAFE HANGING LAMP 
3182,90202D,PINK ENAMEL FLOWER HAIR TIE
3183,84984B,RED PEONY CUSHION COVER 
3184,84984A,GREEN PEONY CUSHION COVER
3185,90093,CLEAR CRYSTAL STAR PHONE CHARM
3186,90085,CRYSTAL STILETTO PHONE CHARM
3187,90149,SILVER FLOWR PINK SHELL NECKLACE
3188,90144,SILVER DROP EARRINGS WITH FLOWER
3189,90013C,GREEN VINTAGE EARRINGS 
3190,90050,CRACKED GLAZE NECKLACE IVORY
3191,90141B,IVORY PENDANT TRIPLE SHELL NECKLACE
3192,23145,ZINC T-LIGHT HOLDER STARS LARGE
3193,23253,16 PC CUTLERY SET PANTRY DESIGN
3194,21310,CAPIZ CHANDELIER
3195,90041,PEARL AND CHERRY QUARTZ BRACLET
3196,23228,FILIGREE HEART BIRD WHITE 
3197,23227,FILIGREE HEART BUTTERFLY WHITE 
3198,23086,ZINC STAR T-LIGHT HOLDER 
3199,90125E,AMBER BERTIE GLASS BEAD BAG CHARM
3200,23444,Next Day Carriage
3201,22268,DECORATION SITTING BUNNY
3202,20667,CHERRY BLOSSOM PURSE
3203,23226,FILIGREE HEART DAISY WHITE
3204,84711B,PINK OVAL SHAPE TRINKET BOX
3205,84206C,CHAMPAGNE TRAY BLANK CARD
3206,23214,JINGLE BELL HEART ANTIQUE GOLD
3207,23215,JINGLE BELL HEART ANTIQUE SILVER
3208,90059F,DIAMANTE HAIR GRIP PACK/2 LT ROSE
3209,90208,PAIR OF PINK FLOWER CLUSTER SLIDE
3210,23210,WHITE ROCKING HORSE HAND PAINTED
3211,23213,STAR WREATH DECORATION WITH BELL
3212,23212,HEART WREATH DECORATION WITH BELL
3213,23219,LAUREL STAR ANTIQUE SILVER 
3214,23224,CHERUB HEART DECORATION GOLD
3215,23221,REINDEER HEART DECORATION SILVER
3216,23211,RED ROCKING HORSE HAND PAINTED
3217,23216,LAUREL HEART ANTIQUE GOLD
3218,23217,LAUREL HEART ANTIQUE SILVER
3219,23225,CHERUB HEART DECORATION SILVER 
3220,22900,SET 2 TEA TOWELS I LOVE LONDON 
3221,23275,SET OF 3 HANGING OWLS OLLIE BEAK
3222,23263,SET OF 3 WOODEN HEART DECORATIONS
3223,23045,PAPER LANTERN 5 POINT STAR MOON 
3224,23309,SET OF 60 I LOVE LONDON CAKE CASES 
3225,72586,SET OF 6 HALLOWEEN GHOST T-LIGHTS
3226,23270,SET OF 2 CERAMIC PAINTED HEARTS 
3227,90206C,CRYSTAL DIAMANTE STAR BROOCH
3228,90206A,GOLD DIAMANTE STAR BROOCH
3229,84422,PINK/BLUE DISC/MIRROR STRING
3230,23307,SET OF 60 PANTRY DESIGN CAKE CASES 
3231,23306,SET OF 36 DOILIES PANTRY DESIGN
3232,23308,SET OF 60 VINTAGE LEAF CAKE CASES 
3233,23273,HEART T-LIGHT HOLDER WILLIE WINKIE
3234,23274,STAR T-LIGHT HOLDER WILLIE WINKIE
3235,85184C,SET 4 VALENTINE DECOUPAGE HEART BOX
3236,35818P,"ACRYLIC JEWEL ICICLE, PINK"
3237,22986,WRAP GINGHAM ROSE 
3238,21373,MIRRORED WALL ART SNOWFLAKES
3239,16043,POP ART PUSH DOWN RUBBER 
3240,90214E,"LETTER ""E"" BLING KEY RING"
3241,90102,WHITE FRANGIPANI HAIR CLIP
3242,23240,SET OF 4 KNICK KNACK TINS DOILEY 
3243,23238,SET OF 4 KNICK KNACK TINS LONDON 
3244,23243,SET OF TEA COFFEE SUGAR TINS PANTRY
3245,84661B,BLACK SQUARE TABLE CLOCK
3246,84415A,PINK FLOCK SUEDE CUSHION COVER 
3247,23245,SET OF 3 REGENCY CAKE TINS
3248,23239,SET OF 4 KNICK KNACK TINS POPPIES
3249,23236,DOILEY STORAGE TIN
3250,23235,STORAGE TIN VINTAGE LEAF
3251,23241,TREASURE TIN GYMKHANA DESIGN
3252,23242,TREASURE TIN BUFFALO BILL 
3253,23247,BISCUIT TIN 50'S CHRISTMAS
3254,23244,ROUND STORAGE TIN VINTAGE LEAF
3255,23237,SET OF 4 KNICK KNACK TINS LEAVES 
3256,22950,36 DOILIES VINTAGE CHRISTMAS
3257,35966,FOLKART CHRISTMAS TREE T-LIGHT HOLD
3258,23244,STORAGE TIN VINTAGE LEAF
3259,23321,SMALL WHITE HEART OF WICKER
3260,23236,DOILEY BISCUIT TIN
3261,23310,BUBBLEGUM RING ASSORTED
3262,90214L,"LETTER ""L"" BLING KEY RING"
3263,90214N,"LETTER ""N"" BLING KEY RING"
3264,90214H,"LETTER ""H"" BLING KEY RING"
3265,23220,REINDEER HEART DECORATION GOLD
3266,90116,FRUIT SALAD BAG CHARM
3267,84824,DANISH ROSE UMBRELLA STAND
3268,16162L,THE KING GIFT BAG
3269,22502,PICNIC BASKET WICKER 60 PIECES
3270,35970,ZINC FOLKART SLEIGH BELLS
3271,23266,SET OF 3 WOODEN STOCKING DECORATION
3272,23265,SET OF 3 WOODEN TREE DECORATIONS
3273,23264,SET OF 3 WOODEN SLEIGH DECORATIONS
3274,23269,SET OF 2 CERAMIC CHRISTMAS TREES
3275,23268,SET OF 2 CERAMIC CHRISTMAS REINDEER
3276,23252,VINTAGE RED ENAMEL TRIM JUG 
3277,23322,LARGE WHITE HEART OF WICKER
3278,22197,POPCORN HOLDER
3279,77079,DOLPHIN WINDMILL
3280,23286,BLUE VINTAGE SPOT BEAKER
3281,23338,EGG FRYING PAN RED 
3282,23285,PINK VINTAGE SPOT BEAKER
3283,23288,GREEN VINTAGE SPOT BEAKER
3284,20901,VINTAGE KEEPSAKE BOX PINK FLOWER
3285,23343,JUMBO BAG VINTAGE CHRISTMAS 
3286,47310M,SMALL POP BOX FUNKY MONKEY
3287,22596,CHRISTMAS STAR WISH LIST CHALKBOARD
3288,90026A,GLASS BEAD HOOP NECKLACE BLACK
3289,90036B,"FLOWER GLASS GARLAND NECKL.36""GREEN"
3290,90079,VINTAGE ENAMEL & CRYSTAL NECKLACE
3291,90001A,ANTIQUE RASPBERRY FLOWER EARRINGS
3292,90001D,ANTIQUE OLIVE GREEN FLOWER EARRINGS
3293,90001B,ANTIQUE MID BLUE FLOWER EARRINGS
3294,90190B,GOLD/AMBER DROP EARRINGS W LEAF
3295,90190A,SILVER/CRYSTAL DROP EARRINGS W LEAF
3296,90187B,GREEN DROP EARRINGS W BEAD CLUSTER
3297,23271,CHRISTMAS TABLE CANDLE SILVER SPIKE
3298,23335,EGG FRYING PAN IVORY 
3299,23339,EGG FRYING PAN BLUE 
3300,23336,EGG FRYING PAN PINK 
3301,23337,EGG FRYING PAN MINT 
3302,23292,SPACE BOY CHILDRENS CUP
3303,23291,DOLLY GIRL CHILDRENS CUP
3304,23289,DOLLY GIRL CHILDRENS BOWL
3305,23290,SPACEBOY CHILDRENS BOWL
3306,23287,RED VINTAGE SPOT BEAKER
3307,20997,ROSE DU SUD CUSHION COVER 
3308,23188,VINTAGE  2 METER FOLDING RULER
3309,23235,BISCUIT TIN VINTAGE LEAF
3310,23244,CANNISTER VINTAGE LEAF DESIGN
3311,23251,VINTAGE RED ENAMEL TRIM MUG 
3312,23249,VINTAGE RED ENAMEL TRIM PLATE
3313,23250,VINTAGE RED TRIM ENAMEL BOWL 
3314,23229,VINTAGE DONKEY TAIL GAME 
3315,23234,BISCUIT TIN VINTAGE CHRISTMAS
3316,23012,GLASS APOTHECARY BOTTLE PERFUME
3317,23014,GLASS APOTHECARY BOTTLE ELIXIR
3318,23035,DRAWER KNOB CERAMIC IVORY
3319,84551,CROCHET DOG KEYRING
3320,23020,GLASS  SONGBIRD STORAGE JAR
3321,23032,DRAWER KNOB CRACKLE GLAZE IVORY
3322,23028,DRAWER KNOB CRACKLE GLAZE BLUE
3323,23031,DRAWER KNOB CRACKLE GLAZE PINK
3324,23029,DRAWER KNOB CRACKLE GLAZE GREEN
3325,23033,DRAWER KNOB CERAMIC RED
3326,23034,DRAWER KNOB CERAMIC BLACK
3327,23013,GLASS APOTHECARY BOTTLE TONIC
3328,23229,DONKEY TAIL GAME 
3329,16254,TRANSPARENT ACRYLIC TAPE DISPENSER
3330,23079, TOADSTOOL BEDSIDE LIGHT 
3331,23344,JUMBO BAG 50'S CHRISTMAS 
3332,20869,GOLD FABRIC MIRROR
3333,23032,DOORKNOB CRACKED GLAZE IVORY
3334,23028,DOORKNOB CRACKED GLAZE BLUE
3335,23022,SMALL BONNE JAM JAR  T-LIGHT HOLDER
3336,23016,GLASS TWIST BON BON JAR
3337,23026,DRAWER KNOB VINTAGE GLASS STAR
3338,23119,PACK OF 6 LARGE FRUIT STRAWS 
3339,23292,SPACEBOY CHILDRENS CUP
3340,23123,COCKTAIL SWORDS 50 PIECES
3341,23122,PARTY CHARMS 50 PIECES
3342,23120,PACK OF 6 SMALL FRUIT STRAWS
3343,23121,PACK OF 6 COCKTAIL PARASOL STRAWS
3344,23124,18PC WOODEN CUTLERY SET DISPOSABLE
3345,23125,6PC WOOD PLATE SET DISPOSABLE
3346,23039,T-LIGHT HOLDER SILVER HEART HANDLE
3347,85168B,BLACK BAROQUE CARRIAGE CLOCK
3348,35933,PINK STOCKING CHRISTMAS DECORATION
3349,23023,RIDGED BONNE JAM JAR T-LIGHT HOLDER
3350,84679,CLASSICAL ROSE TABLE LAMP
3351,23019,SMALL APOTHECARY MEASURING JAR 
3352,72369A,PINK CLEAR GLASS CANDLE PLATE
3353,23272,TREE T-LIGHT HOLDER WILLIE WINKIE
3354,23036,T-LIGHT HOLDER SILVER PETIT FOUR 
3355,23021,GLASS BONNE JAM JAR
3356,23232,WRAP VINTAGE LEAF DESIGN
3357,23198,PANTRY MAGNETIC  SHOPPING LIST
3358,23027,DRAWER KNOB VINTAGE GLASS HEXAGON
3359,23015,CORDIAL GLASS JUG
3360,23024,LARGE BONNE JAM JAR  T-LIGHT HOLDER
3361,23223,CHRISTMAS TREE HANGING SILVER 
3362,23222,CHRISTMAS TREE HANGING GOLD
3363,23197,SKETCHBOOK MAGNETIC SHOPPING LIST
3364,23196,RETRO LEAVES MAGNETIC NOTEPAD
3365,22687,DOORMAT CHRISTMAS VILLAGE
3366,23267,SET OF 4 SANTA PLACE SETTINGS
3367,23323,WHITE WICKER STAR 
3368,23315,IVORY REFECTORY CLOCK
3369,23316,RED REFECTORY CLOCK 
3370,23342,MINT DINER WALL CLOCK
3371,23341,PINK DINER WALL CLOCK
3372,23196,RETO LEAVES MAGNETIC SHOPPING LIST
3373,23037,CANDLE HOLDER SILVER MADELINE
3374,23197,VEGETABLE MAGNETIC  SHOPPING LIST
3375,23271,CHRISTMAS TABLE SILVER CANDLE SPIKE
3376,90176D,DIAMANTE NECKLACE PURPLE
3377,23317,BLUE REFECTORY CLOCK 
3378,23017,APOTHECARY MEASURING JAR
3379,23018,LARGE APOTHECARY MEASURING JAR 
3380,23031,DOORKNOB CRACKED GLAZE PINK
3381,23029,DOORKNOB CRACKED GLAZE GREEN
3382,23025,DRAWER KNOB VINTAGE GLASS BALL
3383,23020,GLASS SONGBIRD STORAGE JAR
3384,22124,SET OF 2 TEA TOWELS PING MICROWAVE
3385,71143,SILVER BOOK MARK WITH BEADS
3386,23214,BELL HEART ANTIQUE GOLD
3387,22999,TRAVEL CARD WALLET VINTAGE LEAF
3388,84746,PINK EASTER HENS+FLOWER
3389,23196,LEAVES MAGNETIC  SHOPPING LIST
3390,20622,VIP PASSPORT COVER 
3391,21899,GARAGE KEY FOB
3392,81952B,ROUND BLUE CLOCK WITH SUCKER
3393,81952V,ROUND PURPLE CLOCK WITH SUCKER
3394,81950V,FLOWER PURPLE CLOCK WITH SUCKER
3395,81950B,FLOWER BLUE CLOCK WITH SUCKER
3396,23237,SET OF 4 KNICK KNACK TINS LEAF
3397,23320,GIANT 50'S CHRISTMAS CRACKER
3398,21344,MOROCCAN BEATEN METAL DISH
3399,23574,PACKING CHARGE
3400,23196,VINTAGE LEAF MAGNETIC NOTEPAD
3401,23318,BOX OF 6 MINI VINTAGE CRACKERS
3402,23319,BOX OF 6 MINI 50'S CRACKERS
3403,90043,COPPER AND BRASS BAG CHARM
3404,90049,IVORY GOLD METAL BAG CHARM
3405,90046,WHITE WITH METAL BAG CHARM
3406,90048,GREEN WITH METAL BAG CHARM
3407,90205C,LARGE CRYSTAL DIAMANTE HAIRSLIDE
3408,90205A,LARGE MINT DIAMANTE HAIRSLIDE
3409,23283,DOORMAT VINTAGE LEAF
3410,84706F,RED PEONY TABLE CLOCK
3411,84539,KNITTED RABBIT DOLL 
3412,44242A,LILAC FEATHERS CURTAIN
3413,35645,VINTAGE BEAD PINK JEWEL BOX
3414,23038,T-LIGHT HOLDER SILVER SAUCER
3415,23313,VINTAGE CHRISTMAS BUNTING
3416,23296,SET OF 6 TEA TIME BAKING CASES
3417,23294,SET OF 6 SNACK LOAF BAKING CASES
3418,23293,SET OF 12 FAIRY CAKE BAKING CASES
3419,23295,SET OF 12 MINI LOAF BAKING CASES
3420,23297,SET 40 HEART SHAPE PETIT FOUR CASES
3421,84924F,PSYCHEDELIC METAL SIGN CALENDAR
3422,81953B,ROUND BLUE CLOCK WITH SUCKER
3423,81953P,ROUND ARTICULATED PINK CLOCK W/SUCK
3424,90214I,"LETTER ""I"" BLING KEY RING"
3425,23252,ENAMEL JUG PANTRY
3426,23250,ENAMEL BOWL PANTRY
3427,23251,ENAMEL MUG PANTRY
3428,23311,VINTAGE CHRISTMAS STOCKING 
3429,23314,VINTAGE CHRISTMAS TABLECLOTH
3430,23109,PACK OF SIX LED TEA LIGHTS
3431,23312,VINTAGE CHRISTMAS GIFT SACK
3432,22959,WRAP CHRISTMAS VILLAGE
3433,90030C,BROWN KUKUI COCONUT SEED NECKLACE
3434,90031,BILI NUT AND WOOD NECKLACE
3435,90030A,SPOTTED WHITE NATURAL SEED NECKLACE
3436,90101,WHITE FRANGIPANI NECKLACE
3437,90103,PURPLE FRANGIPANI NECKLACE
3438,90141D,ROSE PENDANT TRIPLE SHELL NECKLACE
3439,90141E,ORANGE PENDANT TRIPLE SHELL NECKLAC
3440,23550,WRAP ALPHABET POSTER  
3441,23218,LAUREL STAR ANTIQUE GOLD
3442,37491D,PURPLE/BLUE CERAMIC CANDLE HOLDER
3443,37491B,BLUE/YELLOW CERAMIC CANDLE HOLDER
3444,37491C,GREEN/BLUE CERAMIC CANDLE HOLDER
3445,84402B,PURPLE DRESS JEWELLERY STAND
3446,23549,WRAP BIRD GARDEN 
3447,23546,WRAP PAISLEY PARK 
3448,16162M,THE KING GIFT BAG 25x24x12cm
3449,84732D,CUTE RABBIT CEATURE SCREEN 
3450,84732B,CUTE BIRD CEATURE SCREEN
3451,23545,WRAP RED DOILEY
3452,23547,WRAP FLOWER SHOP  
3453,23548,WRAP MAGIC FOREST 
3454,84387A,BIRD ON BRANCH CANVAS SCREEN
3455,16169E,WRAP 50'S  CHRISTMAS
3456,84857B,BLUE MONTE CARLO HANDBAG
3457,35638B,PINK/BLUE STRING CURTAIN 
3458,23347,I LOVE LONDON BEAKER
3459,23345, DOLLY GIRL BEAKER
3460,23346,SPACEBOY BEAKER
3461,23035,DOORKNOB CERAMIC IVORY
3462,84984D,ORIENTAL RED CUSHION COVER 
3463,85179C,PINK BITTY LIGHT CHAIN
3464,79336,LIGHT PINK FLOCK GLASS CANDLEHOLDER
3465,22407,MONEY BOX FIRST AID DESIGN
3466,23340,VINTAGE CHRISTMAS CAKE FRILL
3467,23131,MISELTOE HEART WREATH CREAM
3468,35650,VINTAGE BEAD PINK JEWEL STAND
3469,90019B,GOLD M.O.P ORBIT BRACELET
3470,23360,SET 8 CANDLES VINTAGE DOILEY
3471,23359,SET OF 12 T-LIGHTS VINTAGE DOILEY
3472,23373,VINTAGE CHRISTMAS PAPER GIFT BAG
3473,23436,GIFT BAG LARGE VINTAGE CHRISTMAS
3474,23353,6 GIFT TAGS VINTAGE CHRISTMAS 
3475,23354,6 GIFT TAGS 50'S CHRISTMAS 
3476,23374,RED SPOT PAPER GIFT BAG
3477,23438, RED SPOT GIFT BAG LARGE
3478,23189,SET OF 12 FORK CANDLES
3479,84963B,BLUE PAINTED KASHMIRI CHAIR
3480,23349,ROLL WRAP VINTAGE CHRISTMAS
3481,23350,ROLL WRAP VINTAGE SPOT 
3482,23438,GIFT BAG LARGE SPOT 
3483,23352,ROLL WRAP 50'S RED CHRISTMAS 
3484,23351,ROLL WRAP 50'S CHRISTMAS
3485,23203,JUMBO BAG VINTAGE DOILEY 
3486,22939,ADULT APRON APPLE DELIGHT
3487,23231,WRAP  VINTAGE DOILEY 
3488,23240,SET OF 4 KNICK KNACK TINS DOILY 
3489,23324,RUSTIC STRAWBERRY JAMPOT LARGE 
3490,90209A,PURPLE ENAMEL+GLASS HAIR COMB
3491,23203,JUMBO BAG VINTAGE DOILY 
3492,23209,LUNCH BAG VINTAGE DOILY 
3493,23360,SET 8 CANDLES VINTAGE DOILY
3494,23236,STORAGE TIN VINTAGE DOILY 
3495,23332,IVORY WICKER HEART LARGE
3496,23329,DECORATIVE WICKER HEART LARGE
3497,44235,ASSORTED COLOURED CIRCLE MOBILE 
3498,90013A,MIDNIGHT BLUE VINTAGE EARRINGS
3499,23330,DECORATIVE WICKER HEART MEDIUM
3500,23334,IVORY WICKER HEART SMALL
3501,23333,IVORY WICKER HEART MEDIUM
3502,23209,LUNCH BAG VINTAGE DOILEY 
3503,23231,WRAP  VINTAGE DOILY 
3504,23236,STORAGE TIN VINTAGE DOILEY 
3505,23240,SET OF 4 KNICK KNACK TINS  DOILEY 
3506,23328,SET 6 SCHOOL MILK BOTTLES IN CRATE
3507,23331,DECORATIVE WICKER HEART SMALL
3508,23327,HANGING CLEAR MINI BOTTLE
3509,23359,SET OF 12 T-LIGHTS VINTAGE DOILY
3510,23326,HANGING MINI COLOURED BOTTLES
3511,23325,RUSTIC STRAWBERRY JAMPOT SMALL
3512,35817P,PINK ACRYLIC JEWEL SNOWFLAKE
3513,35816P,"ACRYLIC JEWEL ANGEL,PINK"
3514,23545,WRAP RED VINTAGE DOILY
3515,23325,RUSTIC STRAWBERRY JAM POT SMALL
3516,35597D,PINK/WHITE CHRISTMAS TREE 30CM
3517,35818B,"ACRYLIC JEWEL ICICLE, BLUE"
3518,23324,RUSTIC STRAWBERRY JAM POT LARGE 
3519,23436,VINTAGE CHRISTMAS GIFT BAG LARGE 
3520,35916B,BLUE FELT HANGING HEART WITH FLOWER
3521,23357,HOT WATER BOTTLE SEX BOMB
3522,23358,HOT STUFF HOT WATER BOTTLE
3523,23375,50'S CHRISTMAS PAPER GIFT BAG
3524,23356,LOVE HOT WATER BOTTLE
3525,84206A,3 BLACK CATS W HEARTS BLANK CARD
3526,84201B,HAPPY BIRTHDAY CARD STRIPEY TEDDY
3527,23355,HOT WATER BOTTLE KEEP CALM
3528,90176C,DIAMANTE NECKLACE
3529,90176E,DIAMANTE NECKLACE GREEN
3530,23437, 50'S CHRISTMAS GIFT BAG LARGE
3531,90003E,GREEN PAIR HEART HAIR SLIDES
3532,23015,CORDIAL JUG
3533,23445,ICE CREAM BUBBLES
3534,22340,NOEL GARLAND PAINTED ZINC 
3535,23439,HAND WARMER RED LOVE HEART
3536,90018C,SILVER BLACK ORBIT DROP EARRINGS
3537,90024B,NEW BAROQUE B'FLY NECKLACE RED
3538,90211A,DIAMOND LAS VEGAS NECKLACE 45CM
3539,23431,NATURAL HANGING QUILTED HEARTS 
3540,23433,HANGING QUILTED PATCHWORK APPLES
3541,23348,CHILDRENS TOY COOKING UTENSIL SET
3542,84201C,HAPPY BIRTHDAY CARD TEDDY/CAKE
3543,82486,3 DRAWER ANTIQUE WHITE WOOD CABINET
3544,17107D,FLOWER FAIRY 5 DRAWER LINERS
3545,21507,ELEPHANT BIRTHDAY CARD 
3546,DOT,DOTCOM POSTAGE
3547,35819B,"ACRYLIC HANGING JEWEL,BLUE"
3548,23432,PRETTY HANGING QUILTED HEARTS
3549,71459,HANGING JAM JAR T-LIGHT HOLDERS
3550,22776,SWEETHEART 3 TIER CAKE STAND 
3551,23376,PACK OF 12 VINTAGE CHRISTMAS TISSUE
3552,23378,PACK OF 12 50'S CHRISTMAS TISSUES
3553,90183A,AMBER DROP EARRINGS W LONG BEADS
3554,23551,PACK OF 12 PAISLEY PARK TISSUES 
3555,23342,MINT DINER CLOCK
3556,23396,BUTTERFLY CUSHION COVER
3557,23395,BELLE JARDINIERE CUSHION COVER
3558,23394,POSTE FRANCE CUSHION COVER
3559,23407,SET OF 2 TRAYS HOME SWEET HOME
3560,23393,HOME SWEET HOME CUSHION COVER 
3561,23427,STOOL HOME SWEET HOME 
3562,23397,FOOT STOOL HOME SWEET HOME 
3563,23377,PACK OF 12 DOLLY GIRL TISSUES
3564,23399,HOME SWEET HOME HANGING HEART
3565,23411, TRELLIS COAT RACK
3566,23398,HANGING HEART BONHEUR
3567,23396,LA JARDIN BOTANIQUE CUSHION COVER
3568,23404,HOME SWEET HOME BLACKBOARD
3569,23424,GINGHAM RECIPE BOOK BOX
3570,23406,HOME SWEET HOME KEY HOLDER
3571,23414,ZINC BOX SIGN HOME
3572,23405,HOME SWEET HOME 2 DRAWER CABINET
3573,23379,PACK OF 12 RED APPLE TISSUES
3574,23381,PACK OF 12 VINTAGE LEAF TISSUES 
3575,23380,PACK OF 12 VINTAGE DOILY TISSUES
3576,23402,HOME SWEEET HOME 3 PEG HANGER 
3577,23403,LETTER HOLDER HOME SWEET HOME
3578,23437,GIFT BAG LARGE 50'S CHRISTMAS
3579,23426,METAL SIGN DROP YOUR PANTS
3580,23425,STORAGE TIN HOME SWEET HOME
3581,23412,HEART MIRROR ANTIQUE WHITE
3582,23392,SPACEBOY ROCKET LOLLY MAKERS
3583,23400,SHELF WITH 4 HOOKS HOME SWEET HOME
3584,23249,ENAMEL DINNER PLATE PANTRY
3585,90019C,SILVER BLACK ORBIT BRACELET
3586,90038A,GLASS AND PAINTED BEADS BRACELET TO
3587,22466,FAIRY TALE COTTAGE NIGHT LIGHT
3588,23415,HOME SWEET HOME HOOK
3589,23417,BATHROOM HOOK
3590,23402,HOME SWEET HOME 3 PEG HANGER 
3591,23413,VINTAGE COFFEE GRINDER BOX
3592,23409,PHOTO FRAME LINEN AND LACE LARGE
3593,23408,PHOTO FRAME LINEN AND LACE SMALL
3594,23401,RUSTIC MIRROR WITH LACE HEART
3595,23410,CURIO CABINET LINEN AND LACE 
3596,23559,WOODLAND BUNNIES LOLLY MAKERS
3597,23423,PANTRY 3 HOOK ROLLING PIN HANGER
3598,23421,PANTRY HOOK SPATULA
3599,23422,PANTRY HOOK BALLOON WHISK 
3600,90119,METALIC LEAVES BAG CHARMS
3601,23418,LAVENDER TOILETTE BOTTLE
3602,23419,HOME SWEET HOME BOTTLE 
3603,23435,3 RAFFIA RIBBONS VINTAGE CHRISTMAS
3604,23434,3 RAFFIA RIBBONS 50'S CHRISTMAS 
3605,23391, I LOVE LONDON MINI BACKPACK
3606,23390,DOLLY GIRL MINI BACKPACK
3607,23389,SPACEBOY MINI BACKPACK
3608,23074,EMBOSSED HEART TRINKET BOX
3609,23388,WOODLAND MINI BACKPACK
3610,23212,PAINTED HEART WREATH WITH BELL
3611,23416,CHAMBRE HOOK
3612,23058,CHRISTMAS HANGING SNOWFLAKE
3613,84016,FLAG OF ST GEORGE CAR FLAG
3614,23420,PANTRY HOOK TEA STRAINER 
3615,23113,PANTRY CHOPPING BOARD
3616,35819P,"ACRYLIC HANGING JEWEL,PINK"
3617,84805B,BLUE CLIMBING HYDRANGA ART FLOWER
3618,23396,LE JARDIN BOTANIQUE CUSHION COVER
3619,17107D,FLOWER FAIRY 5 SUMMER DRAW LINERS
3620,90087,CRYSTAL SEA HORSE PHONE CHARM
3621,23630,SET 10 CARDS HANGING BAUBLES 17080
3622,23503,PLAYING CARDS KEEP CALM & CARRY ON
3623,23366,SET 12 COLOURING PENCILS DOILY
3624,23367,SET 12 COLOUR PENCILS SPACEBOY 
3625,23504,PLAYING CARDS JUBILEE UNION JACK
3626,23371,SET 36 COLOUR PENCILS SPACEBOY 
3627,23506,MINI PLAYING CARDS SPACEBOY 
3628,23502,PLAYING CARDS VINTAGE DOILEY 
3629,23370,SET 36 COLOUR PENCILS DOILEY
3630,23366,SET 12 COLOUR PENCILS DOILEY
3631,23380,PACK OF 12 DOILEY TISSUES
3632,23493,VINTAGE DOILY TRAVEL SEWING KIT
3633,23365,SET 12 COLOUR PENCILS LOVE LONDON
3634,23369,SET 36 COLOUR PENCILS LOVE LONDON
3635,23520,EMBROIDERED RIBBON REEL RUBY 
3636,23511,EMBROIDERED RIBBON REEL EMILY 
3637,23517,EMBROIDERED RIBBON REEL REBECCA 
3638,23370,SET 36 COLOURING PENCILS DOILY
3639,23368,SET 12 COLOUR PENCILS DOLLY GIRL 
3640,23505,PLAYING CARDS I LOVE LONDON 
3641,23372,SET 36 COLOUR PENCILS DOLLY GIRL
3642,23512,EMBROIDERED RIBBON REEL ROSIE
3643,23515,EMBROIDERED RIBBON REEL DAISY 
3644,23514,EMBROIDERED RIBBON REEL SALLY 
3645,23518,EMBROIDERED RIBBON REEL RACHEL 
3646,23510,MINI PLAYING CARDS GYMKHANA
3647,23508,MINI PLAYING CARDS DOLLY GIRL 
3648,23509,MINI PLAYING CARDS FUN FAIR 
3649,23507,MINI PLAYING CARDS BUFFALO BILL 
3650,23513,EMBROIDERED RIBBON REEL SUSIE 
3651,35964,FOLKART CLIP ON STARS
3652,20935,ROUND CACTUS CANDLE
3653,23390,DOLLY GIRL MINI RUCKSACK
3654,23389,SPACEBOY MINI RUCKSACK
3655,23502,PLAYING CARDS VINTAGE DOILY 
3656,90059A,DIAMANTE HAIR GRIP PACK/2 CRYSTAL
3657,20678,LARGE BLACK DIAMANTE HAIRSLIDE
3658,90059D,DIAMANTE HAIR GRIP PACK/2 PERIDOT
3659,90168,2 DAISIES HAIR COMB
3660,90169,DAISY HAIR COMB
3661,90202A,PURPLE ENAMEL FLOWER HAIR TIE
3662,90118,PINK DAISY BAG CHARM
3663,90177A,CLASSIC DIAMANTE EARRINGS JET
3664,90177E,DROP DIAMANTE EARRINGS GREEN
3665,90182C,BLACK 3 BEAD DROP EARRINGS
3666,23516,EMBROIDERED RIBBON REEL SOPHIE  
3667,23519,EMBROIDERED RIBBON REEL CLAIRE
3668,23494,VINTAGE DOILY DELUXE SEWING KIT 
3669,84247E,PACK OF 12 CHRISTMAS FUN CARDS
3670,79051A,SMOKEY GREY COLOUR GLASS
3671,90028,NEW BAROQUE LARGE NECKLACE BLK/WHIT
3672,90074,BLACK DIAMOND CLUSTER NECKLACE
3673,23461,SWEETHEART BIRD HOUSE
3674,23466,TUSCAN VILLA DOVECOTE
3675,23469,CARD HOLDER LOVE BIRD SMALL
3676,23484,HEART TRELLISTRIPLE T-LIGHT HOLDER
3677,23114,VINTAGE LEAF CHOPPING BOARD  
3678,23117,POPPY FIELDS CHOPPING BOARD
3679,23115,RED APPLES CHOPPING BOARD   
3680,23471,SIX DRAWER OFFICE TIDY
3681,23116,VEGETABLE GARDEN CHOPPING BOARD
3682,23472, NINE DRAWER OFFICE TIDY
3683,23470,CARD HOLDER LOVE BIRD LARGE 
3684,23524,HORSE & PONY WALL ART
3685,23535,BICYCLE SAFTEY WALL ART
3686,23534,STOP FOR TEA WALL ART
3687,23541,WALL ART CLASSIC PUDDINGS 
3688,22129,PARTY CONES CANDY DECORATION
3689,23539,WALL ART LOVES' SECRET 
3690,23522,DOG AND BALL WALL ART
3691,23526,DOG LICENCE WALL ART
3692,23533,WALL ART GARDEN HAVEN 
3693,23542,70'S ALPHABET WALL ART
3694,23528,SPACEBOY WALL ART
3695,23543,KEEP CALM WALL ART 
3696,23530,WALL ART ONLY ONE PERSON 
3697,23538,WALL ART VINTAGE HEART
3698,23521,CAT AND BIRD WALL ART
3699,23523,TREASURE AHOY WALL ART
3700,23531,WALL ART BIG LOVE 
3701,23527,ANIMALS AND NATURE WALL ART
3702,23483,HANGING  BUTTERFLY T-LIGHT HOLDER
3703,23529,DOLLY GIRL WALL ART
3704,23536,VILLAGE SHOW WALL ART
3705,23544,WALL ART MID CENTURY MODERN 
3706,23532,WALL ART WORK REST AND PLAY  
3707,23525,BUFFALO BILL WALL ART 
3708,23540,WALL ART THE MAGIC FOREST 
3709,23537,I LOVE LONDON WALL ART
3710,23543,WALL ART KEEP CALM 
3711,23535,WALL ART BICYCLE SAFTEY 
3712,23525,WALL ART BUFFALO BILL 
3713,23536,WALL ART VILLAGE SHOW 
3714,23534,WALL ART STOP FOR TEA 
3715,23526,WALL ART DOG LICENCE 
3716,23537,WALL ART I LOVE LONDON 
3717,23542,WALL ART 70'S ALPHABET 
3718,23500,KEY RING BASEBALL BOOT ASSORTED 
3719,23524,WALL ART HORSE & PONY 
3720,23527,WALL ART ANIMALS AND NATURE 
3721,85185B,PINK HORSE SOCK PUPPET KIT
3722,23465,TUSCAN VILLA FEEDING STATION
3723,23501,KEY RING BASEBALL BOOT UNION JACK
3724,90129D,AMBER GLASS TASSLE BAG CHARM
3725,90129E,PURPLE GLASS TASSLE BAG CHARM
3726,23535,WALL ART BICYCLE SAFETY
3727,23528,WALL ART SPACEBOY
3728,23529,WALL ART DOLLY GIRL 
3729,23391, I LOVE LONDON MINI RUCKSACK
3730,23370,SET 36 COLOURING PENCILS DOILEY
3731,23366,SET 12 COLOURING PENCILS DOILEY
3732,23388,WOODLAND MINI RUCKSACK 
3733,23484,HEART TRELLIS TRIPLE T-LIGHT HOLDER
3734,23522,WALL ART DOG AND BALL 
3735,23521,WALL ART CAT AND BIRD 
3736,23539,"WALL ART , LOVES' SECRET "
3737,23530,"WALL ART,ONLY ONE PERSON "
3738,23541,"WALL ART ,PUDDINGS "
3739,90012A,MIDNIGHT BLUE DROP CRYSTAL NECKLACE
3740,23468,TUSCAN VILLA BIRD TABLE 
3741,23188,VINTAGE  2 METRE FOLDING RULER
3742,82600,N0 SINGING METAL SIGN
3743,79157V,UBO-LIGHT TRIOBASE PURPLE
3744,90189A,SILVER 2 STRAND NECKLACE-LEAF CHARM
3745,90054,CRACKED GLAZE EARRINGS RED
3746,90188,DROP EARRINGS W FLOWER & LEAF
3747,90014A,SILVER M.O.P. ORBIT NECKLACE
3748,90071,RUBY GLASS CLUSTER EARRINGS
3749,90014B,GOLD M.O.P. ORBIT NECKLACE
3750,23466,TUSCAN VILLA DOVECOTE BIRD FEEDER
3751,23540,"WALL ART , THE MAGIC FOREST "
3752,23448,CREAM BUNNY EASTER EGG BASKET
3753,23447,PINK BUNNY EASTER EGG BASKET
3754,23446,BLUE BUNNY EASTER EGG BASKET
3755,90012B,BLACK DROP CRYSTAL NECKLACE
3756,23523,WALL ART TREASURE AHOY 
3757,23382,BOX OF 6 CHRISTMAS CAKE DECORATIONS
3758,23660,HENRIETTA HEN MUG 
3759,23661,MILK MAIDS MUG 
3760,23564,EGG CUP MILKMAID INGRID
3761,22804,PINK HANGING HEART T-LIGHT HOLDER
3762,23567,EGG CUP HENRIETTA HEN PINK
3763,23487,SWEET HEART CAKE CARRIER
3764,23490,T-LIGHT HOLDER HANGING LOVE BIRD
3765,23453,OVAL  MINI PORTRAIT FRAME
3766,23452,HEART MINI PORTRAIT FRAME
3767,23451,SQUARE MINI PORTRAIT FRAME
3768,23482,PEARLISED IVORY HEART LARGE 
3769,23459,DOLLY CABINET 2 DRAWERS 
3770,23565,EGG CUP MILKMAID HELGA 
3771,23456,MEDIUM PARLOUR PICTURE FRAME 
3772,23463,VINTAGE ZINC WATERING CAN
3773,23464,VINTAGE ZINC WATERING CAN SMALL
3774,23457,LARGE PARLOUR PICTURE FRAME
3775,23455,SMALL PARLOUR PICTURE FRAME
3776,23568,EGG CUP HENRIETTA HEN CREAM 
3777,23566,EGG CUP MILKMAID HEIDI
3778,23467,VINTAGE ZINC PLANTER  
3779,23479,WIRE EGG BASKET 
3780,23481,PEARLISED IVORY HEART SMALL 
3781,23458,DOLLY CABINET 3 DRAWERS 
3782,23579,SNACK TRAY I LOVE LONDON
3783,23702,High Resolution Image
3784,23558,LANDMARK FRAME LONDON BRIDGE 
3785,23556,LANDMARK FRAME COVENT GARDEN 
3786,23554,LANDMARK FRAME OXFORD STREET
3787,23557,LANDMARK FRAME BAKER STREET 
3788,23555,LANDMARK FRAME NOTTING HILL 
3789,23553,LANDMARK FRAME CAMDEN TOWN 
3790,23489,"GARLAND, VINTAGE BELLS"
3791,23491,VINTAGE JINGLE BELLS HEART
3792,23492,VINTAGE JINGLE BELLS WREATH
3793,23477,WOODLAND LARGE BLUE FELT HEART
3794,23478,WOODLAND LARGE PINK FELT HEART
3795,23476,WOODLAND LARGE RED FELT HEART
3796,23486,ANTIQUE HEART SHELF UNIT
3797,23480,MINI LIGHTS WOODLAND MUSHROOMS
3798,23473,WOODLAND SMALL RED FELT HEART
3799,23460,SWEETHEART WALL TIDY 
3800,23462,ROCOCO WALL MIRROR WHITE
3801,23499,SET 12 VINTAGE DOILY CHALK 
3802,23485,BOTANICAL GARDENS WALL CLOCK 
3803,23489,VINTAGE BELLS GARLAND
3804,90025F,BAROQUE BUTTERFLY EARRINGS CRYSTAL
3805,23462,ROCOCO WALL MIROR
3806,23413,DECROTIVEVINTAGE COFFEE GRINDER BOX
3807,23570,TRADITIONAL PICK UP STICKS GAME 
3808,23454,SET OF 3 MINI HANGING PORTRAITS
3809,23571,TRADITIONAL NAUGHTS & CROSSES
3810,23569,TRADTIONAL ALPHABET STAMP SET
3811,23305,SET 4 PICNIC CUTLERY BLUEBERRY
3812,23454,THREE MINI HANGING FRAMES
3813,23474,WOODLAND SMALL BLUE FELT HEART
3814,23582,VINTAGE DOILY JUMBO BAG RED 
3815,23583,LUNCH BAG PAISLEY PARK  
3816,23581,JUMBO BAG PAISLEY PARK
3817,79157B,UBO-LIGHT TRIOBASE BLUE
3818,22950,SET OF 36 VINTAGE CHRISTMAS DOILIES
3819,22416,SET OF 36 SPACEBOY PAPER DOILIES
3820,22949,SET OF 36 DOLLY GIRL PAPER DOILIES
3821,21232,STRAWBERRY CERAMIC TRINKET POT
3822,23413,DECORATIVE VINTAGE COFFEE  BOX
3823,23306,SET OF 36 PANTRY PAPER DOILIES
3824,23303,SET 4 PICNIC CUTLERY FONDANT
3825,23475,WOODLAND SMALL PINK FELT HEART
3826,82001S,SILVER RECORD COVER FRAME
3827,23497,CLASSIC CHROME BICYCLE BELL 
3828,23304,SET 4 PICNIC CUTLERY CHERRY 
3829,23495,SET OF 3 PANTRY WOODEN SPOONS
3830,23496,PANTRY KITCHEN THERMOMETER 
3831,47016,LIGHT DECORATION BATTERY OPERATED
3832,23691,KEEP CALM BIRTHDAY WRAP
3833,90181A,AMBER GLASS/SHELL/PEARL NECKLACE
3834,90199B,5 STRAND GLASS NECKLACE AMETHYST
3835,90069,RUBY GLASS CLUSTER NECKLACE
3836,90176A,CLASSIC DIAMANTE NECKLACE JET
3837,90176B,DIAMANTE NECKLACE BLACK 
3838,23691,WRAP KEEP CALM BIRTHDAY
3839,23681,LUNCH BAG RED VINTAGE DOILY
3840,72783,BLACK SIL'T SQU CANDLE PLATE 
3841,90162A,ANT SILVER TURQUOISE BOUDICCA RING
3842,21243,PINK POLKADOT PLATE 
3843,79161A,ST GEORGE SET OF 10 PARTY LIGHTS
3844,23692,WRAP A PRETTY THANK YOU
3845,23497,CLASSIC CROME BICYCLE BELL 
3846,23695,DOILY THANK YOU CARD
3847,23697,A PRETTY THANK YOU CARD
3848,90065B,BLACK VINT ART DEC CRYSTAL BRACELET
3849,23465,TUSCAN VILLA BIRD FEEDER
3850,23598,PAPER BUNTING VINTAGE PARTY
3851,23597,PAPER BUNTING PAISLEY PARK
3852,23457,LARGE PARLOUR FRAME
3853,23456,MEDIUM PARLOUR FRAME 
3854,23455,SMALL PARLOUR FRAME
3855,23664,FLOWER SHOP DESIGN MUG
3856,17191A,ROSE FLOWER CANDLE+INCENSE 16X16CM
3857,35598C,WHITE CHRISTMAS TREE 60CM
3858,23694,PAISLEY PARK CARD
3859,22812,PACK 3 BOXES CHRISTMAS PANETTONE
3860,22813,PACK 3 BOXES BIRD PANETTONE 
3861,71477,COLOURED GLASS STAR T-LIGHT HOLDER
3862,90083,CRYSTAL CZECH CROSS PHONE CHARM
3863,23442,12 HANGING EGGS HAND PAINTED
3864,23449,SET OF 6 EASTER RAINBOW CHICKS
3865,35598A,DUSTY PINK CHRISTMAS TREE 60CM
3866,23428,IVORY RETRO KITCHEN WALL CLOCK
3867,22584,PACK OF 6 PANETTONE GIFT BOXES
3868,84206B,CAT WITH SUNGLASSES BLANK CARD
3869,23430,BLUE RETRO KITCHEN WALL CLOCK
3870,23429,RED RETRO KITCHEN WALL CLOCK
3871,71053,WHITE MOROCCAN METAL LANTERN
3872,23441,HAND PAINTED HANGING EASTER EGG
3873,22125,UNION JACK HOT WATER BOTTLE 
3874,90130A,WHITE STONE/CRYSTAL EARRINGS
3875,90011A,MIDNIGHT BLUE CRYSTAL DROP EARRINGS
3876,23440,PAINT YOUR OWN EGGS IN CRATE
3877,23552,BICYCLE PUNCTURE REPAIR KIT 
3878,23498,CLASSIC BICYCLE CLIPS 
3879,84550,CROCHET LILAC/RED BEAR KEYRING
3880,23578,SNACK TRAY RED GINGHAM
3881,23580,SNACK TRAY HAPPY FOREST  
3882,23575,SNACK TRAY PAISLEY PARK
3883,23560,SET OF 6 RIBBONS COUNTRY STYLE
3884,23576,SNACK TRAY RED VINTAGE DOILY
3885,23562,SET OF 6 RIBBONS PERFECTLY PRETTY  
3886,21175,GIN AND TONIC DIET METAL SIGN
3887,23561,SET OF 6 RIBBONS PARTY
3888,90014C,SILVER AND BLACK ORBIT NECKLACE
3889,90214F,"LETTER ""F"" BLING KEY RING"
3890,90214O,"LETTER ""O"" BLING KEY RING"
3891,90214T,"LETTER ""T"" BLING KEY RING"
3892,90214U,"LETTER ""U"" BLING KEY RING"
3893,90214W,"LETTER ""W"" BLING KEY RING"
3894,90214Z,"LETTER ""Z"" BLING KEY RING"
3895,90089,PINK CRYSTAL SKULL PHONE CHARM
3896,85123A,CREAM HANGING HEART T-LIGHT HOLDER
3897,23843,"PAPER CRAFT , LITTLE BIRDIE"
