customer_id,CustomerID,Country
1,17850.0,United Kingdom
2,13047.0,United Kingdom
3,12583.0,France
4,13748.0,United Kingdom
5,15100.0,United Kingdom
6,15291.0,United Kingdom
7,14688.0,United Kingdom
8,17809.0,United Kingdom
9,15311.0,United Kingdom
10,16098.0,United Kingdom
11,18074.0,United Kingdom
12,17420.0,United Kingdom
13,16029.0,United Kingdom
14,16250.0,United Kingdom
15,12431.0,Australia
16,17511.0,United Kingdom
17,13705.0,United Kingdom
18,13747.0,United Kingdom
19,13408.0,United Kingdom
20,13767.0,United Kingdom
21,17924.0,United Kingdom
22,13448.0,United Kingdom
23,15862.0,United Kingdom
24,15513.0,United Kingdom
25,12791.0,Netherlands
26,16218.0,United Kingdom
27,14045.0,United Kingdom
28,14307.0,United Kingdom
29,17908.0,United Kingdom
30,17920.0,United Kingdom
31,12838.0,United Kingdom
32,13255.0,United Kingdom
33,16583.0,United Kingdom
34,18085.0,United Kingdom
35,13758.0,United Kingdom
36,13694.0,United Kingdom
37,15983.0,United Kingdom
38,14849.0,United Kingdom
39,17968.0,United Kingdom
40,16210.0,United Kingdom
41,17897.0,United Kingdom
42,17377.0,United Kingdom
43,16552.0,United Kingdom
44,17181.0,United Kingdom
45,17951.0,United Kingdom
46,14729.0,United Kingdom
47,12748.0,United Kingdom
48,15012.0,United Kingdom
49,12868.0,United Kingdom
50,17572.0,United Kingdom
51,14078.0,United Kingdom
52,14001.0,United Kingdom
53,12662.0,Germany
54,15525.0,United Kingdom
55,14237.0,United Kingdom
56,17905.0,United Kingdom
57,15485.0,United Kingdom
58,12433.0,Norway
59,16955.0,United Kingdom
60,15350.0,United Kingdom
61,15605.0,United Kingdom
62,18144.0,United Kingdom
63,15922.0,United Kingdom
64,14594.0,United Kingdom
65,15165.0,United Kingdom
66,14911.0,EIRE
67,16456.0,United Kingdom
68,17346.0,United Kingdom
69,17643.0,United Kingdom
70,17841.0,United Kingdom
71,17873.0,United Kingdom
72,13093.0,United Kingdom
73,12921.0,United Kingdom
74,13468.0,United Kingdom
75,17760.0,United Kingdom
76,16928.0,United Kingdom
77,16048.0,United Kingdom
78,16274.0,United Kingdom
79,14496.0,United Kingdom
80,14696.0,United Kingdom
81,16539.0,United Kingdom
82,17025.0,United Kingdom
83,13777.0,United Kingdom
84,17690.0,United Kingdom
85,12947.0,United Kingdom
86,17460.0,United Kingdom
87,18229.0,United Kingdom
88,14142.0,United Kingdom
89,17069.0,United Kingdom
90,13065.0,United Kingdom
91,14606.0,United Kingdom
92,16835.0,United Kingdom
93,15235.0,United Kingdom
94,13576.0,United Kingdom
95,18011.0,United Kingdom
96,13090.0,United Kingdom
97,15694.0,United Kingdom
98,14741.0,United Kingdom
99,13715.0,United Kingdom
100,17732.0,United Kingdom
101,12855.0,United Kingdom
102,15752.0,United Kingdom
103,17855.0,United Kingdom
104,14047.0,United Kingdom
105,17925.0,United Kingdom
106,13941.0,United Kingdom
107,17017.0,United Kingdom
108,14135.0,United Kingdom
109,13108.0,United Kingdom
110,15601.0,United Kingdom
111,13418.0,United Kingdom
112,15658.0,United Kingdom
113,14388.0,United Kingdom
114,14901.0,United Kingdom
115,18041.0,United Kingdom
116,15955.0,United Kingdom
117,15070.0,United Kingdom
118,16244.0,United Kingdom
119,15111.0,United Kingdom
120,14390.0,United Kingdom
121,16546.0,United Kingdom
122,15260.0,United Kingdom
123,13305.0,United Kingdom
124,14491.0,United Kingdom
125,14060.0,United Kingdom
126,15923.0,United Kingdom
127,16752.0,United Kingdom
128,17287.0,United Kingdom
129,15363.0,United Kingdom
130,12915.0,United Kingdom
131,15544.0,United Kingdom
132,15738.0,United Kingdom
133,17381.0,United Kingdom
134,15827.0,United Kingdom
135,14180.0,United Kingdom
136,13117.0,United Kingdom
137,16916.0,United Kingdom
138,17964.0,United Kingdom
139,14466.0,United Kingdom
140,17235.0,United Kingdom
141,16510.0,United Kingdom
142,17802.0,United Kingdom
143,15107.0,United Kingdom
144,17976.0,United Kingdom
145,14449.0,United Kingdom
146,16781.0,United Kingdom
147,13491.0,United Kingdom
148,16186.0,United Kingdom
149,17685.0,United Kingdom
150,17581.0,United Kingdom
151,15732.0,United Kingdom
152,13138.0,United Kingdom
153,15823.0,United Kingdom
154,17567.0,United Kingdom
155,15061.0,United Kingdom
156,16203.0,United Kingdom
157,15640.0,United Kingdom
158,15574.0,United Kingdom
159,16770.0,United Kingdom
160,17838.0,United Kingdom
161,17228.0,United Kingdom
162,14829.0,United Kingdom
163,17412.0,United Kingdom
164,14031.0,United Kingdom
165,14775.0,United Kingdom
166,12971.0,United Kingdom
167,17659.0,United Kingdom
168,15299.0,United Kingdom
169,15646.0,United Kingdom
170,13402.0,United Kingdom
171,17757.0,United Kingdom
172,13011.0,United Kingdom
173,13798.0,United Kingdom
174,16754.0,United Kingdom
175,16634.0,United Kingdom
176,18239.0,United Kingdom
177,14576.0,United Kingdom
178,13145.0,United Kingdom
179,18168.0,United Kingdom
180,14395.0,United Kingdom
181,14865.0,United Kingdom
182,15093.0,United Kingdom
183,12738.0,Germany
184,16150.0,United Kingdom
185,17552.0,United Kingdom
186,14236.0,United Kingdom
187,17961.0,United Kingdom
188,14573.0,United Kingdom
189,17135.0,United Kingdom
190,17396.0,United Kingdom
191,12967.0,United Kingdom
192,12686.0,France
193,13370.0,United Kingdom
194,16883.0,United Kingdom
195,13520.0,Switzerland
196,12841.0,United Kingdom
197,16905.0,United Kingdom
198,12427.0,Germany
199,17967.0,United Kingdom
200,16891.0,United Kingdom
201,14589.0,United Kingdom
202,14156.0,EIRE
203,14680.0,United Kingdom
204,17884.0,United Kingdom
205,12557.0,Spain
206,14083.0,United Kingdom
207,13013.0,United Kingdom
208,14210.0,United Kingdom
209,16477.0,United Kingdom
210,12600.0,Germany
211,16013.0,United Kingdom
212,17949.0,United Kingdom
213,12779.0,Poland
214,16926.0,United Kingdom
215,17787.0,United Kingdom
216,12682.0,France
217,14723.0,United Kingdom
218,17954.0,United Kingdom
219,17819.0,United Kingdom
220,12712.0,Germany
221,15373.0,United Kingdom
222,16140.0,United Kingdom
223,17198.0,United Kingdom
224,17238.0,United Kingdom
225,12793.0,Portugal
226,15769.0,United Kingdom
227,14396.0,United Kingdom
228,14898.0,United Kingdom
229,12725.0,Italy
230,16725.0,United Kingdom
231,12395.0,Belgium
232,16455.0,United Kingdom
233,13081.0,United Kingdom
234,15545.0,United Kingdom
235,17243.0,United Kingdom
236,15465.0,United Kingdom
237,13089.0,United Kingdom
238,16033.0,United Kingdom
239,13838.0,United Kingdom
240,18055.0,United Kingdom
241,15038.0,United Kingdom
242,18109.0,United Kingdom
243,13069.0,United Kingdom
244,16241.0,United Kingdom
245,14800.0,United Kingdom
246,15708.0,United Kingdom
247,16839.0,United Kingdom
248,16168.0,United Kingdom
249,16931.0,United Kingdom
250,16814.0,United Kingdom
251,15351.0,United Kingdom
252,13269.0,United Kingdom
253,14813.0,United Kingdom
254,12567.0,France
255,17062.0,United Kingdom
256,15332.0,Lithuania
257,14810.0,United Kingdom
258,16353.0,United Kingdom
259,18118.0,United Kingdom
260,13831.0,United Kingdom
261,13506.0,United Kingdom
262,17796.0,United Kingdom
263,15716.0,United Kingdom
264,18156.0,United Kingdom
265,16983.0,United Kingdom
266,17059.0,United Kingdom
267,16327.0,United Kingdom
268,17211.0,United Kingdom
269,17026.0,United Kingdom
270,15570.0,United Kingdom
271,15880.0,United Kingdom
272,16718.0,United Kingdom
273,15808.0,United Kingdom
274,17858.0,United Kingdom
275,16393.0,United Kingdom
276,14527.0,United Kingdom
277,14161.0,United Kingdom
278,17863.0,United Kingdom
279,16411.0,United Kingdom
280,16402.0,United Kingdom
281,15023.0,United Kingdom
282,17402.0,United Kingdom
283,15426.0,United Kingdom
284,12647.0,Germany
285,15894.0,United Kingdom
286,15867.0,United Kingdom
287,12472.0,Germany
288,14506.0,United Kingdom
289,15555.0,United Kingdom
290,13034.0,United Kingdom
291,15889.0,United Kingdom
292,15953.0,United Kingdom
293,16143.0,United Kingdom
294,12720.0,Germany
295,16422.0,United Kingdom
296,12747.0,United Kingdom
297,15502.0,United Kingdom
298,12763.0,Japan
299,14081.0,United Kingdom
300,17965.0,United Kingdom
301,14404.0,United Kingdom
302,13579.0,United Kingdom
303,13174.0,United Kingdom
304,15987.0,United Kingdom
305,17677.0,United Kingdom
306,13652.0,United Kingdom
307,17428.0,United Kingdom
308,16858.0,United Kingdom
309,16161.0,United Kingdom
310,18219.0,United Kingdom
311,14293.0,United Kingdom
312,14748.0,United Kingdom
313,16638.0,United Kingdom
314,17674.0,United Kingdom
315,12808.0,Portugal
316,13094.0,United Kingdom
317,15899.0,United Kingdom
318,12708.0,Germany
319,15898.0,United Kingdom
320,14443.0,United Kingdom
321,17691.0,United Kingdom
322,17227.0,United Kingdom
323,15039.0,United Kingdom
324,15919.0,United Kingdom
325,13497.0,United Kingdom
326,15860.0,United Kingdom
327,14189.0,United Kingdom
328,15304.0,United Kingdom
329,14344.0,United Kingdom
330,16719.0,United Kingdom
331,15048.0,United Kingdom
332,15301.0,United Kingdom
333,14708.0,United Kingdom
334,16898.0,United Kingdom
335,14825.0,United Kingdom
336,18113.0,United Kingdom
337,17596.0,United Kingdom
338,15078.0,United Kingdom
339,14085.0,United Kingdom
340,17860.0,United Kingdom
341,13155.0,United Kingdom
342,15028.0,United Kingdom
343,16919.0,United Kingdom
344,17259.0,United Kingdom
345,17019.0,United Kingdom
346,16722.0,United Kingdom
347,15882.0,United Kingdom
348,14667.0,United Kingdom
349,16710.0,United Kingdom
350,15984.0,United Kingdom
351,14487.0,United Kingdom
352,17682.0,United Kingdom
353,16658.0,United Kingdom
354,16550.0,United Kingdom
355,17068.0,United Kingdom
356,15356.0,United Kingdom
357,17223.0,United Kingdom
358,16817.0,United Kingdom
359,13030.0,United Kingdom
360,17191.0,United Kingdom
361,15194.0,United Kingdom
362,14409.0,United Kingdom
363,16654.0,United Kingdom
364,13495.0,United Kingdom
365,17519.0,United Kingdom
366,17218.0,United Kingdom
367,17812.0,United Kingdom
368,14215.0,United Kingdom
369,15602.0,United Kingdom
370,17320.0,United Kingdom
371,12913.0,United Kingdom
372,17869.0,United Kingdom
373,13564.0,United Kingdom
374,13963.0,United Kingdom
375,17450.0,United Kingdom
376,17091.0,United Kingdom
377,17470.0,United Kingdom
378,17616.0,United Kingdom
379,15649.0,United Kingdom
380,12681.0,France
381,14907.0,United Kingdom
382,17735.0,United Kingdom
383,16059.0,United Kingdom
384,17720.0,United Kingdom
385,15018.0,United Kingdom
386,15838.0,United Kingdom
387,14733.0,United Kingdom
388,13756.0,United Kingdom
389,14176.0,United Kingdom
390,15353.0,United Kingdom
391,18119.0,United Kingdom
392,17491.0,United Kingdom
393,14282.0,United Kingdom
394,13569.0,United Kingdom
395,14673.0,United Kingdom
396,13488.0,United Kingdom
397,16221.0,United Kingdom
398,15002.0,United Kingdom
399,15965.0,United Kingdom
400,15024.0,United Kingdom
401,17675.0,United Kingdom
402,13769.0,United Kingdom
403,16904.0,United Kingdom
404,16086.0,United Kingdom
405,13786.0,United Kingdom
406,13880.0,United Kingdom
407,13173.0,United Kingdom
408,15858.0,United Kingdom
409,15180.0,United Kingdom
410,12347.0,Iceland
411,14739.0,United Kingdom
412,16293.0,United Kingdom
413,17419.0,United Kingdom
414,16775.0,United Kingdom
415,16306.0,United Kingdom
416,16950.0,United Kingdom
417,17591.0,United Kingdom
418,12839.0,United Kingdom
419,13807.0,United Kingdom
420,16125.0,United Kingdom
421,15081.0,United Kingdom
422,18102.0,United Kingdom
423,16365.0,United Kingdom
424,17870.0,United Kingdom
425,14821.0,United Kingdom
426,16863.0,United Kingdom
427,13078.0,United Kingdom
428,13267.0,United Kingdom
429,13050.0,United Kingdom
430,12709.0,Germany
431,15628.0,United Kingdom
432,12386.0,Australia
433,16779.0,United Kingdom
434,13599.0,United Kingdom
435,13329.0,United Kingdom
436,18077.0,United Kingdom
437,14744.0,United Kingdom
438,17406.0,United Kingdom
439,15750.0,United Kingdom
440,13983.0,United Kingdom
441,13842.0,United Kingdom
442,14796.0,United Kingdom
443,12441.0,France
444,13199.0,United Kingdom
445,14032.0,United Kingdom
446,17706.0,United Kingdom
447,16081.0,United Kingdom
448,16525.0,United Kingdom
449,17975.0,United Kingdom
450,16122.0,United Kingdom
451,13126.0,United Kingdom
452,15973.0,United Kingdom
453,16558.0,United Kingdom
454,16893.0,United Kingdom
455,15021.0,United Kingdom
456,15529.0,United Kingdom
457,15498.0,United Kingdom
458,18043.0,United Kingdom
459,16016.0,United Kingdom
460,17722.0,United Kingdom
461,17324.0,United Kingdom
462,17341.0,United Kingdom
463,14051.0,United Kingdom
464,16233.0,United Kingdom
465,16385.0,United Kingdom
466,15032.0,United Kingdom
467,16713.0,United Kingdom
468,17213.0,United Kingdom
469,18061.0,United Kingdom
470,15916.0,United Kingdom
471,15221.0,United Kingdom
472,13455.0,United Kingdom
473,13113.0,United Kingdom
474,14217.0,United Kingdom
475,17262.0,United Kingdom
476,18259.0,United Kingdom
477,17676.0,United Kingdom
478,16679.0,United Kingdom
479,18269.0,United Kingdom
480,12766.0,Portugal
481,15298.0,United Kingdom
482,13523.0,United Kingdom
483,15005.0,United Kingdom
484,15581.0,United Kingdom
485,15680.0,United Kingdom
486,13649.0,United Kingdom
487,17894.0,United Kingdom
488,13270.0,United Kingdom
489,14866.0,United Kingdom
490,13077.0,United Kingdom
491,13531.0,United Kingdom
492,13848.0,United Kingdom
493,13140.0,United Kingdom
494,15713.0,United Kingdom
495,17999.0,United Kingdom
496,15347.0,United Kingdom
497,14766.0,United Kingdom
498,17340.0,United Kingdom
499,13984.0,United Kingdom
500,15996.0,United Kingdom
501,14030.0,United Kingdom
502,16596.0,United Kingdom
503,16700.0,United Kingdom
504,16011.0,United Kingdom
505,17655.0,United Kingdom
506,16717.0,United Kingdom
507,14243.0,United Kingdom
508,12963.0,United Kingdom
509,15079.0,United Kingdom
510,14437.0,United Kingdom
511,12942.0,United Kingdom
512,15660.0,United Kingdom
513,18092.0,United Kingdom
514,15358.0,United Kingdom
515,13319.0,United Kingdom
516,12481.0,Germany
517,12621.0,Germany
518,14299.0,United Kingdom
519,18071.0,United Kingdom
520,12683.0,France
521,12755.0,Japan
522,13854.0,United Kingdom
523,12797.0,Portugal
524,16782.0,United Kingdom
525,13369.0,United Kingdom
526,12494.0,France
527,17857.0,United Kingdom
528,14932.0,Channel Islands
529,12429.0,Denmark
530,14987.0,United Kingdom
531,14355.0,United Kingdom
532,17526.0,United Kingdom
533,14896.0,United Kingdom
534,14440.0,United Kingdom
535,13240.0,United Kingdom
536,14479.0,United Kingdom
537,16065.0,United Kingdom
538,17430.0,United Kingdom
539,16520.0,United Kingdom
540,15945.0,United Kingdom
541,15856.0,United Kingdom
542,13102.0,United Kingdom
543,15271.0,United Kingdom
544,13982.0,United Kingdom
545,15288.0,United Kingdom
546,17978.0,United Kingdom
547,16795.0,United Kingdom
548,16519.0,United Kingdom
549,17816.0,United Kingdom
550,16255.0,United Kingdom
551,17671.0,United Kingdom
552,17646.0,United Kingdom
553,12872.0,United Kingdom
554,17339.0,United Kingdom
555,17097.0,Spain
556,15192.0,United Kingdom
557,15380.0,United Kingdom
558,17950.0,United Kingdom
559,12826.0,United Kingdom
560,17456.0,United Kingdom
561,15811.0,United Kingdom
562,13327.0,United Kingdom
563,18225.0,United Kingdom
564,15211.0,United Kingdom
565,15596.0,United Kingdom
566,16163.0,United Kingdom
567,16907.0,United Kingdom
568,17576.0,United Kingdom
569,14713.0,United Kingdom
570,14702.0,United Kingdom
571,13230.0,United Kingdom
572,13969.0,United Kingdom
573,17530.0,United Kingdom
574,15805.0,United Kingdom
575,12471.0,Germany
576,17696.0,United Kingdom
577,17076.0,United Kingdom
578,17827.0,United Kingdom
579,16265.0,United Kingdom
580,17880.0,United Kingdom
581,13000.0,United Kingdom
582,16499.0,United Kingdom
583,17790.0,United Kingdom
584,12731.0,France
585,14419.0,United Kingdom
586,14082.0,United Kingdom
587,17912.0,United Kingdom
588,15723.0,United Kingdom
589,16656.0,United Kingdom
590,14037.0,United Kingdom
591,14256.0,United Kingdom
592,14543.0,United Kingdom
593,16062.0,United Kingdom
594,18116.0,United Kingdom
595,16019.0,United Kingdom
596,18178.0,United Kingdom
597,18065.0,United Kingdom
598,14952.0,United Kingdom
599,13148.0,United Kingdom
600,12989.0,United Kingdom
601,14107.0,United Kingdom
602,15881.0,United Kingdom
603,12785.0,Portugal
604,16727.0,United Kingdom
605,15514.0,United Kingdom
606,13787.0,United Kingdom
607,17865.0,United Kingdom
608,17220.0,United Kingdom
609,16565.0,United Kingdom
610,16873.0,United Kingdom
611,14062.0,United Kingdom
612,18016.0,United Kingdom
613,14448.0,United Kingdom
614,15503.0,United Kingdom
615,17251.0,United Kingdom
616,16923.0,United Kingdom
617,14159.0,United Kingdom
618,14577.0,United Kingdom
619,17126.0,United Kingdom
620,12753.0,Japan
621,17236.0,United Kingdom
622,17372.0,United Kingdom
623,16367.0,United Kingdom
624,12875.0,United Kingdom
625,17917.0,United Kingdom
626,16010.0,United Kingdom
627,17085.0,United Kingdom
628,15224.0,United Kingdom
629,13668.0,United Kingdom
630,14684.0,United Kingdom
631,17188.0,United Kingdom
632,15547.0,United Kingdom
633,15998.0,United Kingdom
634,14413.0,United Kingdom
635,18004.0,United Kingdom
636,13959.0,United Kingdom
637,16665.0,United Kingdom
638,15454.0,United Kingdom
639,15044.0,United Kingdom
640,17937.0,United Kingdom
641,14608.0,United Kingdom
642,17618.0,United Kingdom
643,14505.0,United Kingdom
644,18037.0,United Kingdom
645,13198.0,United Kingdom
646,12540.0,Spain
647,13225.0,United Kingdom
648,15361.0,United Kingdom
649,15689.0,United Kingdom
650,14290.0,United Kingdom
651,13209.0,United Kingdom
652,13999.0,United Kingdom
653,14498.0,United Kingdom
654,15854.0,United Kingdom
655,16701.0,United Kingdom
656,16927.0,United Kingdom
657,17990.0,United Kingdom
658,14544.0,United Kingdom
659,17338.0,United Kingdom
660,17799.0,United Kingdom
661,14565.0,United Kingdom
662,16726.0,United Kingdom
663,17303.0,United Kingdom
664,14639.0,United Kingdom
665,17611.0,United Kingdom
666,17231.0,United Kingdom
667,17179.0,United Kingdom
668,17524.0,United Kingdom
669,12476.0,Germany
670,17293.0,United Kingdom
671,17890.0,United Kingdom
672,17375.0,United Kingdom
673,17371.0,United Kingdom
674,17969.0,United Kingdom
675,14625.0,United Kingdom
676,15159.0,United Kingdom
677,13211.0,United Kingdom
678,15777.0,United Kingdom
679,14525.0,United Kingdom
680,13324.0,United Kingdom
681,13948.0,United Kingdom
682,16202.0,United Kingdom
683,16442.0,United Kingdom
684,18075.0,United Kingdom
685,14524.0,United Kingdom
686,14961.0,United Kingdom
687,17041.0,United Kingdom
688,16458.0,United Kingdom
689,16083.0,United Kingdom
690,17194.0,United Kingdom
691,14057.0,United Kingdom
692,14871.0,United Kingdom
693,13178.0,United Kingdom
694,18044.0,United Kingdom
695,16812.0,United Kingdom
696,16191.0,United Kingdom
697,12370.0,Cyprus
698,14298.0,United Kingdom
699,17158.0,United Kingdom
700,16899.0,United Kingdom
701,16531.0,United Kingdom
702,17404.0,Sweden
703,14415.0,United Kingdom
704,16556.0,United Kingdom
705,16805.0,United Kingdom
706,16503.0,United Kingdom
707,16553.0,United Kingdom
708,17739.0,United Kingdom
709,13238.0,United Kingdom
710,12829.0,United Kingdom
711,13097.0,United Kingdom
712,15392.0,United Kingdom
713,13846.0,United Kingdom
714,12867.0,United Kingdom
715,14401.0,United Kingdom
716,16145.0,United Kingdom
717,17629.0,United Kingdom
718,14150.0,United Kingdom
719,13496.0,United Kingdom
720,13611.0,United Kingdom
721,16954.0,United Kingdom
722,17454.0,United Kingdom
723,17449.0,United Kingdom
724,13295.0,United Kingdom
725,17230.0,United Kingdom
726,15384.0,United Kingdom
727,15950.0,United Kingdom
728,15512.0,United Kingdom
729,17525.0,United Kingdom
730,13458.0,United Kingdom
731,16003.0,United Kingdom
732,13092.0,United Kingdom
733,13426.0,United Kingdom
734,15101.0,United Kingdom
735,17033.0,United Kingdom
736,13221.0,United Kingdom
737,14201.0,United Kingdom
738,17692.0,United Kingdom
739,15822.0,United Kingdom
740,16134.0,United Kingdom
741,17551.0,United Kingdom
742,18050.0,United Kingdom
743,14913.0,United Kingdom
744,15641.0,United Kingdom
745,13124.0,United Kingdom
746,17214.0,United Kingdom
747,15456.0,United Kingdom
748,15062.0,United Kingdom
749,12928.0,United Kingdom
750,15727.0,United Kingdom
751,17980.0,United Kingdom
752,15290.0,United Kingdom
753,17752.0,United Kingdom
754,15615.0,United Kingdom
755,12577.0,France
756,17189.0,United Kingdom
757,17496.0,United Kingdom
758,16607.0,United Kingdom
759,13317.0,United Kingdom
760,13890.0,United Kingdom
761,17001.0,United Kingdom
762,15246.0,United Kingdom
763,15482.0,United Kingdom
764,13021.0,United Kingdom
765,16037.0,United Kingdom
766,14841.0,United Kingdom
767,16670.0,United Kingdom
768,16985.0,United Kingdom
769,16705.0,United Kingdom
770,14414.0,United Kingdom
771,15563.0,United Kingdom
772,12980.0,United Kingdom
773,16746.0,United Kingdom
774,16470.0,United Kingdom
775,14878.0,United Kingdom
776,16743.0,United Kingdom
777,17146.0,United Kingdom
778,12877.0,United Kingdom
779,15394.0,United Kingdom
780,14621.0,United Kingdom
781,15379.0,United Kingdom
782,14309.0,United Kingdom
783,17288.0,United Kingdom
784,14709.0,United Kingdom
785,15157.0,United Kingdom
786,17744.0,United Kingdom
787,16316.0,United Kingdom
788,15620.0,United Kingdom
789,15789.0,United Kingdom
790,16560.0,United Kingdom
791,13534.0,United Kingdom
792,17580.0,United Kingdom
793,15759.0,United Kingdom
794,14373.0,United Kingdom
795,18176.0,United Kingdom
796,14092.0,United Kingdom
797,15366.0,United Kingdom
798,14735.0,United Kingdom
799,16271.0,United Kingdom
800,18223.0,United Kingdom
801,15532.0,United Kingdom
802,16816.0,United Kingdom
803,16684.0,United Kingdom
804,14334.0,United Kingdom
805,16945.0,United Kingdom
806,14643.0,United Kingdom
807,15197.0,United Kingdom
808,14220.0,United Kingdom
809,13874.0,United Kingdom
810,18260.0,United Kingdom
811,17848.0,United Kingdom
812,17392.0,United Kingdom
813,12348.0,Finland
814,14985.0,United Kingdom
815,13004.0,United Kingdom
816,14560.0,United Kingdom
817,12370.0,Austria
818,12931.0,United Kingdom
819,13627.0,United Kingdom
820,12551.0,Spain
821,12782.0,Portugal
822,14769.0,United Kingdom
823,15780.0,United Kingdom
824,12417.0,Belgium
825,17315.0,United Kingdom
826,16711.0,United Kingdom
827,12726.0,France
828,15204.0,United Kingdom
829,17888.0,United Kingdom
830,17007.0,United Kingdom
831,15160.0,United Kingdom
832,14016.0,EIRE
833,13033.0,United Kingdom
834,12691.0,France
835,13869.0,United Kingdom
836,14146.0,United Kingdom
837,12705.0,Germany
838,16885.0,United Kingdom
839,17913.0,United Kingdom
840,12668.0,Germany
841,14472.0,United Kingdom
842,17358.0,United Kingdom
843,16686.0,United Kingdom
844,18245.0,United Kingdom
845,17343.0,United Kingdom
846,16153.0,United Kingdom
847,12377.0,Switzerland
848,14646.0,Netherlands
849,12944.0,United Kingdom
850,15279.0,United Kingdom
851,14099.0,United Kingdom
852,12721.0,France
853,13104.0,United Kingdom
854,14113.0,United Kingdom
855,13027.0,United Kingdom
856,15312.0,United Kingdom
857,17621.0,United Kingdom
858,17090.0,United Kingdom
859,15527.0,United Kingdom
860,18097.0,United Kingdom
861,15460.0,United Kingdom
862,15034.0,United Kingdom
863,12423.0,Belgium
864,12678.0,France
865,15208.0,United Kingdom
866,16996.0,United Kingdom
867,17306.0,United Kingdom
868,14737.0,United Kingdom
869,13029.0,United Kingdom
870,16270.0,United Kingdom
871,13487.0,United Kingdom
872,12515.0,Italy
873,17400.0,United Kingdom
874,17593.0,United Kingdom
875,13953.0,United Kingdom
876,14533.0,United Kingdom
877,12734.0,France
878,14532.0,United Kingdom
879,12383.0,Belgium
880,15562.0,United Kingdom
881,15587.0,United Kingdom
882,13922.0,United Kingdom
883,13817.0,Germany
884,12585.0,Germany
885,13165.0,United Kingdom
886,13304.0,United Kingdom
887,13313.0,United Kingdom
888,16875.0,United Kingdom
889,16282.0,United Kingdom
890,12957.0,United Kingdom
891,14462.0,United Kingdom
892,13397.0,United Kingdom
893,13680.0,United Kingdom
894,12483.0,Sweden
895,15164.0,United Kingdom
896,17457.0,United Kingdom
897,14732.0,United Kingdom
898,14221.0,United Kingdom
899,14553.0,United Kingdom
900,13253.0,United Kingdom
901,15841.0,United Kingdom
902,16112.0,United Kingdom
903,13629.0,United Kingdom
904,16600.0,United Kingdom
905,15661.0,United Kingdom
906,16532.0,United Kingdom
907,15266.0,United Kingdom
908,14653.0,United Kingdom
909,16771.0,United Kingdom
910,17585.0,United Kingdom
911,15046.0,United Kingdom
912,13082.0,United Kingdom
913,15464.0,United Kingdom
914,18226.0,United Kingdom
915,18062.0,United Kingdom
916,12415.0,Australia
917,17368.0,United Kingdom
918,14618.0,United Kingdom
919,14258.0,United Kingdom
920,15719.0,United Kingdom
921,13368.0,United Kingdom
922,17634.0,United Kingdom
923,16676.0,United Kingdom
924,18283.0,United Kingdom
925,12735.0,France
926,13764.0,United Kingdom
927,13656.0,United Kingdom
928,12413.0,France
929,14312.0,United Kingdom
930,13280.0,United Kingdom
931,15845.0,United Kingdom
932,13187.0,United Kingdom
933,16567.0,United Kingdom
934,14828.0,United Kingdom
935,12530.0,Germany
936,16551.0,United Kingdom
937,16889.0,United Kingdom
938,16473.0,United Kingdom
939,13750.0,United Kingdom
940,12501.0,Germany
941,15607.0,United Kingdom
942,15139.0,United Kingdom
943,12489.0,France
944,17707.0,United Kingdom
945,18198.0,United Kingdom
946,12484.0,Spain
947,18179.0,United Kingdom
948,17284.0,United Kingdom
949,13233.0,United Kingdom
950,14889.0,United Kingdom
951,12480.0,Germany
952,14672.0,United Kingdom
953,13593.0,United Kingdom
954,14867.0,United Kingdom
955,13162.0,United Kingdom
956,13183.0,United Kingdom
957,17095.0,United Kingdom
958,12939.0,United Kingdom
959,15611.0,United Kingdom
960,17114.0,United Kingdom
961,15059.0,United Kingdom
962,16326.0,United Kingdom
963,17128.0,United Kingdom
964,14761.0,United Kingdom
965,17555.0,United Kingdom
966,12651.0,France
967,16735.0,United Kingdom
968,16833.0,United Kingdom
969,17800.0,United Kingdom
970,16748.0,United Kingdom
971,14755.0,United Kingdom
972,16549.0,United Kingdom
973,13565.0,United Kingdom
974,15799.0,United Kingdom
975,18032.0,United Kingdom
976,13451.0,United Kingdom
977,14794.0,United Kingdom
978,12539.0,Spain
979,16350.0,United Kingdom
980,12500.0,Germany
981,18171.0,United Kingdom
982,12524.0,Germany
983,17811.0,United Kingdom
984,16850.0,United Kingdom
985,14321.0,United Kingdom
986,15326.0,United Kingdom
987,17849.0,United Kingdom
988,14229.0,United Kingdom
989,13107.0,United Kingdom
990,16497.0,United Kingdom
991,16303.0,United Kingdom
992,15281.0,United Kingdom
993,12736.0,France
994,13473.0,United Kingdom
995,14320.0,United Kingdom
996,12393.0,Australia
997,17742.0,United Kingdom
998,16351.0,United Kingdom
999,12601.0,Germany
1000,13144.0,United Kingdom
1001,15346.0,United Kingdom
1002,15370.0,United Kingdom
1003,12643.0,France
1004,16034.0,United Kingdom
1005,17365.0,United Kingdom
1006,15189.0,United Kingdom
1007,14669.0,United Kingdom
1008,18095.0,United Kingdom
1009,15749.0,United Kingdom
1010,15518.0,United Kingdom
1011,14209.0,United Kingdom
1012,16042.0,United Kingdom
1013,15569.0,United Kingdom
1014,12728.0,France
1015,13672.0,United Kingdom
1016,17569.0,United Kingdom
1017,13784.0,United Kingdom
1018,12724.0,France
1019,13862.0,United Kingdom
1020,16791.0,United Kingdom
1021,16235.0,United Kingdom
1022,14270.0,United Kingdom
1023,12523.0,France
1024,16655.0,United Kingdom
1025,16359.0,United Kingdom
1026,16554.0,United Kingdom
1027,12359.0,Cyprus
1028,15939.0,United Kingdom
1029,14587.0,United Kingdom
1030,14715.0,United Kingdom
1031,14185.0,United Kingdom
1032,12437.0,France
1033,14040.0,United Kingdom
1034,12652.0,France
1035,14514.0,United Kingdom
1036,15171.0,United Kingdom
1037,14167.0,United Kingdom
1038,17389.0,United Kingdom
1039,17048.0,United Kingdom
1040,17364.0,United Kingdom
1041,13284.0,United Kingdom
1042,16500.0,United Kingdom
1043,12951.0,United Kingdom
1044,15835.0,United Kingdom
1045,18190.0,United Kingdom
1046,13993.0,United Kingdom
1047,14114.0,United Kingdom
1048,15447.0,United Kingdom
1049,16315.0,United Kingdom
1050,14978.0,United Kingdom
1051,16395.0,United Kingdom
1052,15510.0,United Kingdom
1053,13614.0,United Kingdom
1054,13246.0,United Kingdom
1055,15687.0,United Kingdom
1056,12578.0,Italy
1057,16493.0,United Kingdom
1058,12490.0,France
1059,12672.0,France
1060,13385.0,United Kingdom
1061,12474.0,Germany
1062,15626.0,United Kingdom
1063,12553.0,France
1064,15213.0,United Kingdom
1065,14175.0,United Kingdom
1066,18106.0,United Kingdom
1067,15033.0,United Kingdom
1068,14329.0,United Kingdom
1069,16401.0,United Kingdom
1070,16206.0,United Kingdom
1071,13782.0,United Kingdom
1072,12924.0,United Kingdom
1073,16593.0,United Kingdom
1074,15535.0,United Kingdom
1075,13700.0,United Kingdom
1076,13064.0,United Kingdom
1077,13048.0,United Kingdom
1078,13634.0,United Kingdom
1079,18069.0,United Kingdom
1080,16843.0,United Kingdom
1081,17064.0,United Kingdom
1082,17609.0,United Kingdom
1083,15673.0,United Kingdom
1084,12626.0,Germany
1085,14976.0,United Kingdom
1086,12388.0,Australia
1087,13527.0,United Kingdom
1088,15696.0,United Kingdom
1089,15316.0,United Kingdom
1090,12673.0,Germany
1091,15296.0,United Kingdom
1092,17988.0,United Kingdom
1093,12820.0,United Kingdom
1094,13001.0,United Kingdom
1095,14101.0,United Kingdom
1096,14238.0,United Kingdom
1097,17730.0,United Kingdom
1098,13929.0,United Kingdom
1099,14657.0,United Kingdom
1100,13859.0,United Kingdom
1101,18212.0,United Kingdom
1102,18233.0,United Kingdom
1103,17018.0,United Kingdom
1104,14242.0,United Kingdom
1105,12356.0,Portugal
1106,12346.0,United Kingdom
1107,13898.0,United Kingdom
1108,16948.0,United Kingdom
1109,16997.0,United Kingdom
1110,12527.0,Germany
1111,15395.0,United Kingdom
1112,12510.0,Spain
1113,13263.0,United Kingdom
1114,14428.0,United Kingdom
1115,12665.0,Germany
1116,12451.0,Switzerland
1117,12422.0,Australia
1118,17708.0,United Kingdom
1119,14090.0,United Kingdom
1120,15606.0,United Kingdom
1121,13310.0,United Kingdom
1122,15831.0,United Kingdom
1123,14916.0,United Kingdom
1124,17602.0,United Kingdom
1125,14572.0,United Kingdom
1126,13502.0,United Kingdom
1127,14784.0,United Kingdom
1128,15938.0,United Kingdom
1129,12637.0,France
1130,17418.0,United Kingdom
1131,14779.0,United Kingdom
1132,16321.0,Australia
1133,15262.0,United Kingdom
1134,17862.0,United Kingdom
1135,12402.0,Belgium
1136,17771.0,United Kingdom
1137,15422.0,United Kingdom
1138,13008.0,United Kingdom
1139,14770.0,United Kingdom
1140,16912.0,United Kingdom
1141,15174.0,United Kingdom
1142,12594.0,Italy
1143,17504.0,United Kingdom
1144,16387.0,United Kingdom
1145,12664.0,Finland
1146,16618.0,United Kingdom
1147,17277.0,United Kingdom
1148,14088.0,United Kingdom
1149,17094.0,United Kingdom
1150,14692.0,United Kingdom
1151,12970.0,United Kingdom
1152,17889.0,United Kingdom
1153,17714.0,United Kingdom
1154,12916.0,United Kingdom
1155,17769.0,United Kingdom
1156,14450.0,United Kingdom
1157,16085.0,United Kingdom
1158,13659.0,United Kingdom
1159,15167.0,United Kingdom
1160,15443.0,United Kingdom
1161,14224.0,United Kingdom
1162,13742.0,United Kingdom
1163,17673.0,United Kingdom
1164,12727.0,France
1165,14068.0,United Kingdom
1166,13068.0,United Kingdom
1167,14368.0,United Kingdom
1168,15497.0,United Kingdom
1169,12559.0,Germany
1170,13819.0,United Kingdom
1171,14501.0,United Kingdom
1172,14782.0,United Kingdom
1173,17861.0,United Kingdom
1174,14439.0,Greece
1175,18161.0,United Kingdom
1176,15820.0,United Kingdom
1177,18136.0,United Kingdom
1178,16660.0,United Kingdom
1179,12693.0,Germany
1180,12625.0,Germany
1181,13396.0,United Kingdom
1182,15179.0,United Kingdom
1183,12935.0,United Kingdom
1184,16730.0,United Kingdom
1185,14541.0,United Kingdom
1186,13551.0,United Kingdom
1187,12421.0,Spain
1188,15797.0,United Kingdom
1189,15052.0,United Kingdom
1190,14130.0,United Kingdom
1191,15222.0,United Kingdom
1192,13615.0,United Kingdom
1193,13901.0,United Kingdom
1194,13158.0,United Kingdom
1195,14257.0,United Kingdom
1196,15218.0,United Kingdom
1197,15110.0,United Kingdom
1198,15967.0,United Kingdom
1199,16757.0,United Kingdom
1200,13815.0,Germany
1201,18008.0,United Kingdom
1202,14534.0,United Kingdom
1203,13703.0,United Kingdom
1204,15339.0,United Kingdom
1205,12744.0,Singapore
1206,12854.0,United Kingdom
1207,16222.0,United Kingdom
1208,14341.0,United Kingdom
1209,13168.0,United Kingdom
1210,16943.0,United Kingdom
1211,17515.0,United Kingdom
1212,17082.0,United Kingdom
1213,14248.0,United Kingdom
1214,12609.0,Germany
1215,13002.0,United Kingdom
1216,16133.0,United Kingdom
1217,13049.0,United Kingdom
1218,14548.0,United Kingdom
1219,13405.0,United Kingdom
1220,16043.0,United Kingdom
1221,14049.0,United Kingdom
1222,15812.0,United Kingdom
1223,13837.0,United Kingdom
1224,17118.0,United Kingdom
1225,14616.0,United Kingdom
1226,14233.0,United Kingdom
1227,17075.0,United Kingdom
1228,16714.0,United Kingdom
1229,13098.0,United Kingdom
1230,17027.0,United Kingdom
1231,12591.0,Italy
1232,17786.0,United Kingdom
1233,16124.0,United Kingdom
1234,16409.0,United Kingdom
1235,13754.0,United Kingdom
1236,15227.0,United Kingdom
1237,12997.0,United Kingdom
1238,16918.0,United Kingdom
1239,16882.0,United Kingdom
1240,14442.0,Channel Islands
1241,16496.0,United Kingdom
1242,12764.0,Lebanon
1243,17311.0,United Kingdom
1244,15910.0,United Kingdom
1245,16949.0,United Kingdom
1246,14970.0,United Kingdom
1247,14701.0,United Kingdom
1248,12645.0,Germany
1249,12468.0,Germany
1250,16767.0,United Kingdom
1251,14738.0,United Kingdom
1252,17540.0,United Kingdom
1253,14239.0,United Kingdom
1254,18125.0,United Kingdom
1255,13328.0,United Kingdom
1256,15549.0,United Kingdom
1257,15864.0,United Kingdom
1258,14662.0,United Kingdom
1259,17180.0,United Kingdom
1260,15057.0,United Kingdom
1261,12574.0,France
1262,13330.0,United Kingdom
1263,13552.0,United Kingdom
1264,12853.0,United Kingdom
1265,13538.0,United Kingdom
1266,16755.0,United Kingdom
1267,14133.0,United Kingdom
1268,16523.0,United Kingdom
1269,14659.0,United Kingdom
1270,13141.0,United Kingdom
1271,15365.0,United Kingdom
1272,13707.0,United Kingdom
1273,13709.0,United Kingdom
1274,17329.0,United Kingdom
1275,14805.0,United Kingdom
1276,16897.0,United Kingdom
1277,15579.0,United Kingdom
1278,14595.0,United Kingdom
1279,13161.0,United Kingdom
1280,15415.0,United Kingdom
1281,17431.0,United Kingdom
1282,17463.0,United Kingdom
1283,14502.0,United Kingdom
1284,12528.0,Germany
1285,17239.0,United Kingdom
1286,14426.0,United Kingdom
1287,15448.0,United Kingdom
1288,17314.0,United Kingdom
1289,17373.0,United Kingdom
1290,18145.0,United Kingdom
1291,14467.0,United Kingdom
1292,12908.0,United Kingdom
1293,15144.0,United Kingdom
1294,14776.0,United Kingdom
1295,16403.0,United Kingdom
1296,16407.0,United Kingdom
1297,17619.0,United Kingdom
1298,12778.0,Netherlands
1299,17256.0,United Kingdom
1300,17604.0,United Kingdom
1301,14006.0,United Kingdom
1302,13600.0,United Kingdom
1303,15058.0,United Kingdom
1304,15240.0,United Kingdom
1305,17147.0,United Kingdom
1306,13881.0,United Kingdom
1307,16570.0,United Kingdom
1308,16612.0,United Kingdom
1309,17356.0,United Kingdom
1310,12836.0,United Kingdom
1311,14850.0,United Kingdom
1312,13939.0,United Kingdom
1313,16745.0,United Kingdom
1314,13606.0,United Kingdom
1315,13494.0,United Kingdom
1316,13802.0,United Kingdom
1317,12929.0,United Kingdom
1318,16419.0,United Kingdom
1319,17035.0,United Kingdom
1320,15203.0,United Kingdom
1321,16515.0,United Kingdom
1322,12373.0,Austria
1323,18202.0,United Kingdom
1324,12775.0,Netherlands
1325,14549.0,United Kingdom
1326,15981.0,United Kingdom
1327,16110.0,United Kingdom
1328,17376.0,United Kingdom
1329,13110.0,United Kingdom
1330,16716.0,United Kingdom
1331,12676.0,Sweden
1332,15940.0,United Kingdom
1333,15971.0,United Kingdom
1334,14665.0,United Kingdom
1335,14457.0,United Kingdom
1336,15589.0,United Kingdom
1337,14411.0,United Kingdom
1338,17560.0,United Kingdom
1339,15226.0,United Kingdom
1340,14460.0,United Kingdom
1341,16156.0,United Kingdom
1342,13728.0,United Kingdom
1343,14127.0,United Kingdom
1344,16378.0,United Kingdom
1345,13894.0,United Kingdom
1346,13824.0,United Kingdom
1347,18250.0,United Kingdom
1348,15270.0,United Kingdom
1349,14188.0,United Kingdom
1350,18017.0,United Kingdom
1351,15421.0,United Kingdom
1352,17446.0,United Kingdom
1353,12414.0,Austria
1354,14798.0,United Kingdom
1355,12990.0,United Kingdom
1356,12350.0,Norway
1357,17337.0,United Kingdom
1358,16405.0,United Kingdom
1359,17071.0,United Kingdom
1360,13873.0,United Kingdom
1361,17362.0,United Kingdom
1362,13394.0,United Kingdom
1363,12502.0,Spain
1364,16333.0,United Kingdom
1365,16030.0,United Kingdom
1366,14044.0,United Kingdom
1367,13800.0,United Kingdom
1368,17672.0,United Kingdom
1369,12464.0,Belgium
1370,13581.0,United Kingdom
1371,14540.0,United Kingdom
1372,13539.0,United Kingdom
1373,15885.0,United Kingdom
1374,14497.0,United Kingdom
1375,17507.0,United Kingdom
1376,13208.0,United Kingdom
1377,17334.0,United Kingdom
1378,13871.0,United Kingdom
1379,16938.0,United Kingdom
1380,12754.0,Japan
1381,12410.0,Switzerland
1382,17929.0,United Kingdom
1383,14778.0,United Kingdom
1384,17517.0,United Kingdom
1385,17226.0,United Kingdom
1386,13137.0,United Kingdom
1387,13725.0,United Kingdom
1388,13309.0,United Kingdom
1389,12842.0,United Kingdom
1390,16109.0,United Kingdom
1391,17291.0,United Kingdom
1392,15090.0,United Kingdom
1393,15199.0,United Kingdom
1394,13911.0,United Kingdom
1395,14194.0,United Kingdom
1396,14842.0,United Kingdom
1397,13584.0,United Kingdom
1398,17105.0,United Kingdom
1399,14438.0,United Kingdom
1400,12956.0,United Kingdom
1401,15781.0,United Kingdom
1402,14410.0,United Kingdom
1403,14600.0,United Kingdom
1404,17302.0,United Kingdom
1405,17613.0,United Kingdom
1406,13334.0,United Kingdom
1407,13955.0,United Kingdom
1408,17162.0,United Kingdom
1409,17774.0,United Kingdom
1410,13809.0,Cyprus
1411,15407.0,United Kingdom
1412,15577.0,United Kingdom
1413,16332.0,United Kingdom
1414,14048.0,United Kingdom
1415,14475.0,United Kingdom
1416,17859.0,United Kingdom
1417,12576.0,Poland
1418,15753.0,United Kingdom
1419,12599.0,France
1420,14562.0,United Kingdom
1421,16951.0,United Kingdom
1422,16998.0,United Kingdom
1423,13133.0,United Kingdom
1424,17881.0,United Kingdom
1425,15843.0,United Kingdom
1426,17083.0,United Kingdom
1427,15970.0,United Kingdom
1428,13590.0,United Kingdom
1429,17537.0,United Kingdom
1430,12401.0,Belgium
1431,12462.0,Spain
1432,17843.0,United Kingdom
1433,13706.0,United Kingdom
1434,17940.0,United Kingdom
1435,17686.0,United Kingdom
1436,14431.0,United Kingdom
1437,15809.0,United Kingdom
1438,12561.0,Germany
1439,14465.0,United Kingdom
1440,18093.0,United Kingdom
1441,16027.0,United Kingdom
1442,12857.0,United Kingdom
1443,18230.0,United Kingdom
1444,16425.0,United Kingdom
1445,16842.0,United Kingdom
1446,15796.0,United Kingdom
1447,14555.0,United Kingdom
1448,15114.0,United Kingdom
1449,15133.0,United Kingdom
1450,17705.0,United Kingdom
1451,12897.0,United Kingdom
1452,17512.0,United Kingdom
1453,12477.0,Germany
1454,15550.0,United Kingdom
1455,18159.0,United Kingdom
1456,13875.0,United Kingdom
1457,15406.0,United Kingdom
1458,17282.0,United Kingdom
1459,16434.0,United Kingdom
1460,17050.0,United Kingdom
1461,13171.0,United Kingdom
1462,17472.0,United Kingdom
1463,17255.0,United Kingdom
1464,16084.0,United Kingdom
1465,17667.0,United Kingdom
1466,12507.0,Spain
1467,14631.0,United Kingdom
1468,13381.0,United Kingdom
1469,15236.0,United Kingdom
1470,13475.0,United Kingdom
1471,17829.0,United Arab Emirates
1472,13717.0,United Kingdom
1473,13157.0,United Kingdom
1474,14644.0,United Kingdom
1475,12993.0,United Kingdom
1476,17571.0,United Kingdom
1477,16979.0,United Kingdom
1478,16738.0,United Kingdom
1479,15122.0,United Kingdom
1480,17612.0,United Kingdom
1481,17348.0,United Kingdom
1482,13893.0,United Kingdom
1483,14035.0,United Kingdom
1484,13623.0,United Kingdom
1485,14346.0,United Kingdom
1486,16431.0,United Kingdom
1487,12616.0,France
1488,16317.0,United Kingdom
1489,14935.0,Channel Islands
1490,16073.0,United Kingdom
1491,14477.0,United Kingdom
1492,14760.0,United Kingdom
1493,14897.0,United Kingdom
1494,15810.0,United Kingdom
1495,16509.0,United Kingdom
1496,14386.0,United Kingdom
1497,12455.0,Cyprus
1498,14530.0,United Kingdom
1499,15670.0,United Kingdom
1500,12653.0,Israel
1501,16126.0,United Kingdom
1502,14609.0,United Kingdom
1503,13414.0,United Kingdom
1504,12823.0,United Kingdom
1505,12352.0,Norway
1506,12372.0,Denmark
1507,14944.0,United Kingdom
1508,16494.0,United Kingdom
1509,14959.0,United Kingdom
1510,16148.0,United Kingdom
1511,17422.0,United Kingdom
1512,17175.0,United Kingdom
1513,18257.0,United Kingdom
1514,12431.0,Belgium
1515,12362.0,Belgium
1516,13018.0,United Kingdom
1517,13718.0,United Kingdom
1518,15382.0,United Kingdom
1519,14754.0,United Kingdom
1520,13151.0,United Kingdom
1521,12654.0,Germany
1522,13085.0,United Kingdom
1523,15903.0,United Kingdom
1524,15785.0,United Kingdom
1525,18138.0,United Kingdom
1526,14379.0,United Kingdom
1527,14211.0,United Kingdom
1528,14371.0,United Kingdom
1529,13425.0,United Kingdom
1530,12852.0,United Kingdom
1531,15228.0,United Kingdom
1532,13012.0,United Kingdom
1533,16182.0,United Kingdom
1534,13489.0,United Kingdom
1535,12714.0,France
1536,13904.0,United Kingdom
1537,15755.0,United Kingdom
1538,13932.0,United Kingdom
1539,13799.0,United Kingdom
1540,13951.0,United Kingdom
1541,16765.0,United Kingdom
1542,16566.0,United Kingdom
1543,12891.0,United Kingdom
1544,16466.0,United Kingdom
1545,16115.0,United Kingdom
1546,14162.0,United Kingdom
1547,13301.0,United Kingdom
1548,14803.0,United Kingdom
1549,13744.0,United Kingdom
1550,12988.0,United Kingdom
1551,17323.0,United Kingdom
1552,12707.0,France
1553,18094.0,United Kingdom
1554,15129.0,United Kingdom
1555,17361.0,United Kingdom
1556,18155.0,United Kingdom
1557,15321.0,United Kingdom
1558,13477.0,United Kingdom
1559,15065.0,United Kingdom
1560,16980.0,United Kingdom
1561,15146.0,United Kingdom
1562,12365.0,Cyprus
1563,13410.0,United Kingdom
1564,13044.0,United Kingdom
1565,16441.0,United Kingdom
1566,16014.0,United Kingdom
1567,14520.0,United Kingdom
1568,18087.0,United Kingdom
1569,17994.0,United Kingdom
1570,13038.0,United Kingdom
1571,17002.0,United Kingdom
1572,15722.0,United Kingdom
1573,16349.0,United Kingdom
1574,16913.0,United Kingdom
1575,17442.0,United Kingdom
1576,14895.0,United Kingdom
1577,18114.0,United Kingdom
1578,15303.0,United Kingdom
1579,12845.0,United Kingdom
1580,18188.0,United Kingdom
1581,16045.0,United Kingdom
1582,16573.0,United Kingdom
1583,13421.0,United Kingdom
1584,18196.0,United Kingdom
1585,13285.0,United Kingdom
1586,13184.0,United Kingdom
1587,18151.0,United Kingdom
1588,13804.0,United Kingdom
1589,17499.0,United Kingdom
1590,15397.0,United Kingdom
1591,14276.0,United Kingdom
1592,13453.0,United Kingdom
1593,18172.0,United Kingdom
1594,16394.0,United Kingdom
1595,17711.0,United Kingdom
1596,13865.0,United Kingdom
1597,16940.0,United Kingdom
1598,14289.0,United Kingdom
1599,16208.0,United Kingdom
1600,17063.0,United Kingdom
1601,13149.0,United Kingdom
1602,18068.0,United Kingdom
1603,15932.0,United Kingdom
1604,16692.0,United Kingdom
1605,17171.0,United Kingdom
1606,18231.0,United Kingdom
1607,14004.0,United Kingdom
1608,17139.0,United Kingdom
1609,14513.0,United Kingdom
1610,15974.0,United Kingdom
1611,17830.0,United Kingdom
1612,12565.0,Saudi Arabia
1613,12582.0,Finland
1614,14231.0,United Kingdom
1615,17867.0,United Kingdom
1616,14880.0,United Kingdom
1617,13118.0,United Kingdom
1618,15121.0,United Kingdom
1619,17117.0,United Kingdom
1620,12945.0,United Kingdom
1621,18056.0,United Kingdom
1622,16072.0,United Kingdom
1623,16838.0,United Kingdom
1624,15543.0,United Kingdom
1625,13751.0,United Kingdom
1626,15847.0,United Kingdom
1627,13851.0,United Kingdom
1628,13501.0,Switzerland
1629,12633.0,Germany
1630,13345.0,United Kingdom
1631,13870.0,United Kingdom
1632,17034.0,United Kingdom
1633,16592.0,United Kingdom
1634,15712.0,United Kingdom
1635,13362.0,United Kingdom
1636,14470.0,United Kingdom
1637,17388.0,United Kingdom
1638,16841.0,United Kingdom
1639,13753.0,United Kingdom
1640,13666.0,United Kingdom
1641,12361.0,Belgium
1642,14481.0,United Kingdom
1643,13792.0,United Kingdom
1644,17663.0,United Kingdom
1645,13973.0,United Kingdom
1646,15990.0,United Kingdom
1647,13493.0,Switzerland
1648,13684.0,United Kingdom
1649,13261.0,United Kingdom
1650,16598.0,United Kingdom
1651,14147.0,United Kingdom
1652,15951.0,United Kingdom
1653,13971.0,United Kingdom
1654,17516.0,United Kingdom
1655,13630.0,United Kingdom
1656,14157.0,United Kingdom
1657,13636.0,United Kingdom
1658,13610.0,United Kingdom
1659,14745.0,United Kingdom
1660,12781.0,Czech Republic
1661,14036.0,United Kingdom
1662,16057.0,United Kingdom
1663,16992.0,United Kingdom
1664,15724.0,United Kingdom
1665,12458.0,Switzerland
1666,12598.0,France
1667,13675.0,United Kingdom
1668,14227.0,United Kingdom
1669,16668.0,United Kingdom
1670,16667.0,United Kingdom
1671,13509.0,United Kingdom
1672,15874.0,United Kingdom
1673,16187.0,United Kingdom
1674,16339.0,United Kingdom
1675,12509.0,France
1676,14046.0,United Kingdom
1677,13292.0,United Kingdom
1678,16427.0,United Kingdom
1679,14056.0,United Kingdom
1680,15656.0,United Kingdom
1681,12811.0,Portugal
1682,16518.0,United Kingdom
1683,17165.0,United Kingdom
1684,17462.0,United Kingdom
1685,14620.0,United Kingdom
1686,14740.0,United Kingdom
1687,16462.0,United Kingdom
1688,12428.0,Finland
1689,16078.0,United Kingdom
1690,16915.0,United Kingdom
1691,15676.0,United Kingdom
1692,15709.0,United Kingdom
1693,15241.0,United Kingdom
1694,12933.0,United Kingdom
1695,15092.0,United Kingdom
1696,12679.0,France
1697,15319.0,United Kingdom
1698,16212.0,United Kingdom
1699,15257.0,United Kingdom
1700,14656.0,United Kingdom
1701,13884.0,United Kingdom
1702,12866.0,Belgium
1703,14676.0,United Kingdom
1704,13166.0,United Kingdom
1705,16389.0,United Kingdom
1706,14292.0,United Kingdom
1707,15416.0,United Kingdom
1708,15733.0,United Kingdom
1709,16678.0,United Kingdom
1710,12834.0,United Kingdom
1711,13722.0,United Kingdom
1712,14934.0,Channel Islands
1713,15067.0,United Kingdom
1714,16128.0,United Kingdom
1715,17770.0,United Kingdom
1716,15622.0,United Kingdom
1717,14473.0,United Kingdom
1718,15104.0,United Kingdom
1719,15643.0,United Kingdom
1720,16792.0,United Kingdom
1721,15031.0,United Kingdom
1722,15636.0,United Kingdom
1723,12873.0,United Kingdom
1724,17923.0,United Kingdom
1725,16217.0,United Kingdom
1726,17738.0,United Kingdom
1727,17426.0,United Kingdom
1728,16957.0,United Kingdom
1729,16571.0,United Kingdom
1730,14483.0,United Kingdom
1731,15087.0,United Kingdom
1732,16709.0,United Kingdom
1733,17856.0,United Kingdom
1734,15053.0,United Kingdom
1735,18218.0,United Kingdom
1736,16159.0,United Kingdom
1737,17995.0,United Kingdom
1738,17374.0,United Kingdom
1739,17789.0,United Kingdom
1740,17416.0,United Kingdom
1741,17652.0,United Kingdom
1742,13476.0,United Kingdom
1743,12817.0,Austria
1744,17700.0,United Kingdom
1745,15393.0,United Kingdom
1746,13014.0,United Kingdom
1747,17508.0,Greece
1748,13931.0,United Kingdom
1749,12541.0,Spain
1750,13382.0,United Kingdom
1751,15220.0,United Kingdom
1752,14570.0,United Kingdom
1753,14447.0,United Kingdom
1754,13557.0,United Kingdom
1755,16449.0,United Kingdom
1756,12547.0,Spain
1757,17325.0,United Kingdom
1758,14995.0,United Kingdom
1759,16414.0,United Kingdom
1760,15681.0,United Kingdom
1761,14670.0,United Kingdom
1762,15675.0,United Kingdom
1763,12584.0,Italy
1764,17535.0,United Kingdom
1765,15400.0,United Kingdom
1766,14903.0,United Kingdom
1767,14499.0,United Kingdom
1768,18211.0,United Kingdom
1769,14504.0,United Kingdom
1770,15572.0,United Kingdom
1771,17107.0,United Kingdom
1772,14247.0,United Kingdom
1773,15554.0,United Kingdom
1774,14915.0,United Kingdom
1775,16136.0,United Kingdom
1776,18280.0,United Kingdom
1777,12614.0,Germany
1778,13344.0,United Kingdom
1779,16621.0,United Kingdom
1780,16225.0,United Kingdom
1781,14214.0,United Kingdom
1782,14012.0,United Kingdom
1783,16356.0,United Kingdom
1784,17654.0,United Kingdom
1785,15026.0,United Kingdom
1786,16517.0,United Kingdom
1787,14817.0,United Kingdom
1788,17092.0,United Kingdom
1789,16242.0,United Kingdom
1790,15869.0,United Kingdom
1791,17817.0,United Kingdom
1792,15834.0,United Kingdom
1793,15234.0,United Kingdom
1794,15764.0,United Kingdom
1795,15806.0,United Kingdom
1796,15819.0,United Kingdom
1797,14586.0,United Kingdom
1798,15944.0,United Kingdom
1799,13340.0,United Kingdom
1800,16917.0,United Kingdom
1801,14407.0,United Kingdom
1802,13908.0,United Kingdom
1803,12758.0,Portugal
1804,13975.0,United Kingdom
1805,14730.0,United Kingdom
1806,12623.0,Germany
1807,14367.0,United Kingdom
1808,13373.0,United Kingdom
1809,16712.0,United Kingdom
1810,17639.0,United Kingdom
1811,16426.0,United Kingdom
1812,16495.0,United Kingdom
1813,14336.0,United Kingdom
1814,14507.0,United Kingdom
1815,12759.0,Netherlands
1816,17049.0,United Kingdom
1817,15206.0,United Kingdom
1818,14013.0,United Kingdom
1819,14645.0,United Kingdom
1820,15071.0,United Kingdom
1821,14112.0,United Kingdom
1822,13026.0,United Kingdom
1823,12881.0,United Kingdom
1824,17864.0,United Kingdom
1825,14936.0,Channel Islands
1826,17138.0,United Kingdom
1827,16572.0,United Kingdom
1828,14165.0,United Kingdom
1829,15367.0,United Kingdom
1830,14291.0,United Kingdom
1831,15632.0,United Kingdom
1832,14297.0,United Kingdom
1833,13899.0,United Kingdom
1834,16471.0,United Kingdom
1835,18183.0,United Kingdom
1836,14603.0,United Kingdom
1837,18173.0,United Kingdom
1838,14854.0,United Kingdom
1839,16625.0,United Kingdom
1840,14064.0,United Kingdom
1841,15308.0,United Kingdom
1842,18086.0,United Kingdom
1843,14350.0,United Kingdom
1844,14930.0,Channel Islands
1845,16080.0,United Kingdom
1846,14727.0,United Kingdom
1847,16778.0,United Kingdom
1848,14077.0,United Kingdom
1849,16808.0,United Kingdom
1850,16475.0,United Kingdom
1851,13265.0,United Kingdom
1852,12520.0,Germany
1853,15049.0,United Kingdom
1854,18149.0,United Kingdom
1855,13654.0,United Kingdom
1856,16652.0,United Kingdom
1857,16766.0,United Kingdom
1858,16801.0,United Kingdom
1859,17164.0,United Kingdom
1860,13226.0,United Kingdom
1861,13043.0,United Kingdom
1862,14352.0,United Kingdom
1863,17351.0,United Kingdom
1864,16768.0,United Kingdom
1865,16693.0,United Kingdom
1866,13956.0,United Kingdom
1867,13708.0,United Kingdom
1868,15918.0,United Kingdom
1869,15671.0,United Kingdom
1870,14962.0,United Kingdom
1871,16807.0,United Kingdom
1872,15125.0,United Kingdom
1873,16871.0,United Kingdom
1874,12901.0,United Kingdom
1875,13452.0,United Kingdom
1876,15493.0,United Kingdom
1877,16005.0,United Kingdom
1878,15388.0,Canada
1879,16804.0,United Kingdom
1880,13499.0,United Kingdom
1881,15047.0,United Kingdom
1882,14193.0,United Kingdom
1883,17542.0,United Kingdom
1884,15181.0,United Kingdom
1885,17080.0,United Kingdom
1886,16392.0,United Kingdom
1887,15106.0,United Kingdom
1888,16214.0,United Kingdom
1889,13716.0,United Kingdom
1890,15150.0,United Kingdom
1891,14226.0,United Kingdom
1892,13121.0,United Kingdom
1893,16297.0,United Kingdom
1894,12994.0,United Kingdom
1895,16152.0,United Kingdom
1896,14636.0,United Kingdom
1897,16040.0,United Kingdom
1898,15793.0,United Kingdom
1899,13358.0,United Kingdom
1900,12849.0,United Kingdom
1901,15182.0,United Kingdom
1902,13299.0,United Kingdom
1903,16383.0,United Kingdom
1904,15381.0,United Kingdom
1905,12597.0,Spain
1906,15030.0,United Kingdom
1907,12435.0,Denmark
1908,12955.0,United Kingdom
1909,18189.0,United Kingdom
1910,13946.0,United Kingdom
1911,17716.0,United Kingdom
1912,13185.0,United Kingdom
1913,14840.0,United Kingdom
1914,13216.0,United Kingdom
1915,13650.0,United Kingdom
1916,13533.0,United Kingdom
1917,13268.0,United Kingdom
1918,15433.0,United Kingdom
1919,12937.0,United Kingdom
1920,16216.0,United Kingdom
1921,16377.0,United Kingdom
1922,16976.0,United Kingdom
1923,12514.0,Italy
1924,18210.0,United Kingdom
1925,13631.0,United Kingdom
1926,14422.0,United Kingdom
1927,15648.0,United Kingdom
1928,17725.0,United Kingdom
1929,15861.0,United Kingdom
1930,13072.0,United Kingdom
1931,15695.0,United Kingdom
1932,14110.0,United Kingdom
1933,14059.0,United Kingdom
1934,16672.0,United Kingdom
1935,16511.0,United Kingdom
1936,16256.0,United Kingdom
1937,13591.0,United Kingdom
1938,14066.0,United Kingdom
1939,15483.0,United Kingdom
1940,16626.0,United Kingdom
1941,15019.0,United Kingdom
1942,18270.0,United Kingdom
1943,14315.0,United Kingdom
1944,17921.0,United Kingdom
1945,14041.0,United Kingdom
1946,17060.0,United Kingdom
1947,16023.0,United Kingdom
1948,17133.0,United Kingdom
1949,12878.0,United Kingdom
1950,14155.0,United Kingdom
1951,17043.0,United Kingdom
1952,13046.0,United Kingdom
1953,14633.0,United Kingdom
1954,12948.0,United Kingdom
1955,15703.0,United Kingdom
1956,14071.0,United Kingdom
1957,17134.0,United Kingdom
1958,17795.0,United Kingdom
1959,12902.0,United Kingdom
1960,16444.0,United Kingdom
1961,14232.0,United Kingdom
1962,14693.0,United Kingdom
1963,12407.0,Belgium
1964,16728.0,United Kingdom
1965,16096.0,United Kingdom
1966,13985.0,United Kingdom
1967,13592.0,United Kingdom
1968,15140.0,United Kingdom
1969,12843.0,United Kingdom
1970,14408.0,United Kingdom
1971,15408.0,United Kingdom
1972,15445.0,United Kingdom
1973,14205.0,United Kingdom
1974,15452.0,United Kingdom
1975,14223.0,United Kingdom
1976,16619.0,United Kingdom
1977,14762.0,United Kingdom
1978,13934.0,United Kingdom
1979,15669.0,United Kingdom
1980,16384.0,United Kingdom
1981,18224.0,United Kingdom
1982,14245.0,United Kingdom
1983,17678.0,United Kingdom
1984,15855.0,United Kingdom
1985,17204.0,United Kingdom
1986,16036.0,United Kingdom
1987,17763.0,United Kingdom
1988,13262.0,United Kingdom
1989,17152.0,United Kingdom
1990,14632.0,United Kingdom
1991,13900.0,United Kingdom
1992,14875.0,United Kingdom
1993,15132.0,United Kingdom
1994,17272.0,United Kingdom
1995,16135.0,United Kingdom
1996,12831.0,United Kingdom
1997,15437.0,United Kingdom
1998,14711.0,United Kingdom
1999,14377.0,United Kingdom
2000,16374.0,United Kingdom
2001,13196.0,United Kingdom
2002,16809.0,United Kingdom
2003,15457.0,United Kingdom
2004,12613.0,Germany
2005,16721.0,United Kingdom
2006,12399.0,Belgium
2007,17733.0,United Kingdom
2008,17102.0,United Kingdom
2009,15410.0,United Kingdom
2010,13239.0,United Kingdom
2011,15449.0,United Kingdom
2012,14870.0,United Kingdom
2013,13821.0,United Kingdom
2014,17096.0,United Kingdom
2015,12604.0,France
2016,12818.0,Austria
2017,18191.0,United Kingdom
2018,14461.0,United Kingdom
2019,13132.0,United Kingdom
2020,16859.0,United Kingdom
2021,15245.0,United Kingdom
2022,17411.0,United Kingdom
2023,17486.0,United Kingdom
2024,16308.0,United Kingdom
2025,12564.0,France
2026,14607.0,United Kingdom
2027,13249.0,United Kingdom
2028,15644.0,United Kingdom
2029,14075.0,United Kingdom
2030,17250.0,United Kingdom
2031,17966.0,United Kingdom
2032,14129.0,United Kingdom
2033,15651.0,United Kingdom
2034,13035.0,United Kingdom
2035,17644.0,United Kingdom
2036,13341.0,United Kingdom
2037,13512.0,United Kingdom
2038,16620.0,United Kingdom
2039,17698.0,United Kingdom
2040,14267.0,United Kingdom
2041,13736.0,United Kingdom
2042,12434.0,Australia
2043,16022.0,United Kingdom
2044,14235.0,United Kingdom
2045,16769.0,United Kingdom
2046,17754.0,United Kingdom
2047,12408.0,Belgium
2048,16063.0,United Kingdom
2049,15178.0,United Kingdom
2050,14348.0,United Kingdom
2051,15815.0,United Kingdom
2052,13695.0,United Kingdom
2053,17979.0,United Kingdom
2054,13139.0,United Kingdom
2055,12545.0,Spain
2056,14758.0,United Kingdom
2057,14536.0,United Kingdom
2058,13662.0,United Kingdom
2059,17946.0,United Kingdom
2060,13743.0,United Kingdom
2061,18078.0,United Kingdom
2062,16780.0,United Kingdom
2063,18273.0,United Kingdom
2064,15045.0,United Kingdom
2065,17625.0,United Kingdom
2066,13357.0,United Kingdom
2067,16777.0,United Kingdom
2068,14476.0,United Kingdom
2069,13481.0,United Kingdom
2070,16245.0,United Kingdom
2071,13266.0,United Kingdom
2072,12669.0,France
2073,12792.0,Portugal
2074,17765.0,United Kingdom
2075,15083.0,United Kingdom
2076,18010.0,United Kingdom
2077,15249.0,United Kingdom
2078,13760.0,United Kingdom
2079,15624.0,United Kingdom
2080,17749.0,United Kingdom
2081,15068.0,United Kingdom
2082,14538.0,United Kingdom
2083,14851.0,United Kingdom
2084,14021.0,United Kingdom
2085,13037.0,United Kingdom
2086,18177.0,United Kingdom
2087,14128.0,United Kingdom
2088,17874.0,United Kingdom
2089,17719.0,United Kingdom
2090,14441.0,United Kingdom
2091,17931.0,United Kingdom
2092,13803.0,United Kingdom
2093,17398.0,United Kingdom
2094,15906.0,United Kingdom
2095,16253.0,United Kingdom
2096,13439.0,United Kingdom
2097,12888.0,United Kingdom
2098,13588.0,United Kingdom
2099,12456.0,Switzerland
2100,15521.0,United Kingdom
2101,13720.0,United Kingdom
2102,15674.0,United Kingdom
2103,17594.0,United Kingdom
2104,17775.0,United Kingdom
2105,13988.0,United Kingdom
2106,16657.0,United Kingdom
2107,15424.0,United Kingdom
2108,13316.0,United Kingdom
2109,16788.0,United Kingdom
2110,16584.0,United Kingdom
2111,15364.0,United Kingdom
2112,18108.0,United Kingdom
2113,14272.0,United Kingdom
2114,15980.0,United Kingdom
2115,15832.0,United Kingdom
2116,16092.0,United Kingdom
2117,15528.0,United Kingdom
2118,16398.0,United Kingdom
2119,17088.0,United Kingdom
2120,17438.0,United Kingdom
2121,13060.0,United Kingdom
2122,14790.0,United Kingdom
2123,14890.0,United Kingdom
2124,16386.0,United Kingdom
2125,14818.0,United Kingdom
2126,13571.0,United Kingdom
2127,12909.0,United Kingdom
2128,12619.0,Germany
2129,16698.0,United Kingdom
2130,16681.0,United Kingdom
2131,13573.0,United Kingdom
2132,13883.0,United Kingdom
2133,14957.0,United Kingdom
2134,13918.0,United Kingdom
2135,17212.0,United Kingdom
2136,17781.0,United Kingdom
2137,14886.0,United Kingdom
2138,13626.0,United Kingdom
2139,16609.0,United Kingdom
2140,16180.0,United Kingdom
2141,13462.0,United Kingdom
2142,18263.0,United Kingdom
2143,16960.0,United Kingdom
2144,13841.0,United Kingdom
2145,17701.0,United Kingdom
2146,12949.0,United Kingdom
2147,14852.0,United Kingdom
2148,12569.0,Germany
2149,13169.0,United Kingdom
2150,16162.0,United Kingdom
2151,15691.0,United Kingdom
2152,14195.0,United Kingdom
2153,13781.0,United Kingdom
2154,17758.0,United Kingdom
2155,14023.0,United Kingdom
2156,17669.0,United Kingdom
2157,16142.0,United Kingdom
2158,17648.0,United Kingdom
2159,13059.0,United Kingdom
2160,16224.0,United Kingdom
2161,15223.0,United Kingdom
2162,17886.0,United Kingdom
2163,13294.0,United Kingdom
2164,15289.0,United Kingdom
2165,18185.0,United Kingdom
2166,17956.0,United Kingdom
2167,15756.0,United Kingdom
2168,14747.0,United Kingdom
2169,14719.0,United Kingdom
2170,13015.0,United Kingdom
2171,16586.0,United Kingdom
2172,16105.0,United Kingdom
2173,15442.0,United Kingdom
2174,16906.0,United Kingdom
2175,14546.0,United Kingdom
2176,14535.0,United Kingdom
2177,16170.0,United Kingdom
2178,15244.0,United Kingdom
2179,16696.0,United Kingdom
2180,15145.0,United Kingdom
2181,17492.0,United Kingdom
2182,13525.0,United Kingdom
2183,17409.0,United Kingdom
2184,17783.0,United Kingdom
2185,13863.0,United Kingdom
2186,13515.0,United Kingdom
2187,15917.0,United Kingdom
2188,17440.0,United Kingdom
2189,17045.0,United Kingdom
2190,17140.0,United Kingdom
2191,15201.0,United Kingdom
2192,14964.0,United Kingdom
2193,16031.0,United Kingdom
2194,14403.0,United Kingdom
2195,17042.0,United Kingdom
2196,13771.0,United Kingdom
2197,17906.0,United Kingdom
2198,18272.0,United Kingdom
2199,16144.0,United Kingdom
2200,13731.0,United Kingdom
2201,12580.0,Germany
2202,14912.0,Italy
2203,15530.0,United Kingdom
2204,13950.0,United Kingdom
2205,13752.0,United Kingdom
2206,13892.0,United Kingdom
2207,14446.0,United Kingdom
2208,16209.0,United Kingdom
2209,15754.0,United Kingdom
2210,13712.0,United Kingdom
2211,15800.0,United Kingdom
2212,16469.0,United Kingdom
2213,13005.0,United Kingdom
2214,14981.0,United Kingdom
2215,17928.0,United Kingdom
2216,16261.0,United Kingdom
2217,17883.0,United Kingdom
2218,14619.0,United Kingdom
2219,13995.0,United Kingdom
2220,16643.0,United Kingdom
2221,14246.0,United Kingdom
2222,18040.0,United Kingdom
2223,16837.0,United Kingdom
2224,15119.0,United Kingdom
2225,16325.0,United Kingdom
2226,14924.0,United Kingdom
2227,15109.0,United Kingdom
2228,16623.0,United Kingdom
2229,12999.0,United Kingdom
2230,12717.0,Greece
2231,13962.0,United Kingdom
2232,18036.0,United Kingdom
2233,14958.0,United Kingdom
2234,14264.0,United Kingdom
2235,13562.0,United Kingdom
2236,15775.0,United Kingdom
2237,17054.0,United Kingdom
2238,17268.0,United Kingdom
2239,13548.0,United Kingdom
2240,13508.0,United Kingdom
2241,12447.0,Belgium
2242,13570.0,United Kingdom
2243,13232.0,United Kingdom
2244,18129.0,United Kingdom
2245,13632.0,United Kingdom
2246,15665.0,United Kingdom
2247,17550.0,United Kingdom
2248,15655.0,United Kingdom
2249,14286.0,United Kingdom
2250,16188.0,United Kingdom
2251,15214.0,United Kingdom
2252,17574.0,United Kingdom
2253,15737.0,United Kingdom
2254,18080.0,United Kingdom
2255,14311.0,United Kingdom
2256,14339.0,United Kingdom
2257,12982.0,United Kingdom
2258,12701.0,Germany
2259,12596.0,Spain
2260,14273.0,United Kingdom
2261,12363.0,Unspecified
2262,13549.0,United Kingdom
2263,15414.0,United Kingdom
2264,13203.0,United Kingdom
2265,14628.0,United Kingdom
2266,14326.0,United Kingdom
2267,15935.0,United Kingdom
2268,13655.0,United Kingdom
2269,12910.0,United Kingdom
2270,13577.0,United Kingdom
2271,15251.0,United Kingdom
2272,14111.0,United Kingdom
2273,17160.0,United Kingdom
2274,16172.0,United Kingdom
2275,17972.0,United Kingdom
2276,12463.0,Belgium
2277,14844.0,United Kingdom
2278,17278.0,United Kingdom
2279,15212.0,United Kingdom
2280,16729.0,United Kingdom
2281,14998.0,United Kingdom
2282,13484.0,United Kingdom
2283,16697.0,United Kingdom
2284,14931.0,Channel Islands
2285,18236.0,United Kingdom
2286,13740.0,United Kingdom
2287,15230.0,United Kingdom
2288,15134.0,United Kingdom
2289,16309.0,United Kingdom
2290,13544.0,United Kingdom
2291,14262.0,United Kingdom
2292,13134.0,United Kingdom
2293,17589.0,United Kingdom
2294,16097.0,United Kingdom
2295,13122.0,United Kingdom
2296,16966.0,United Kingdom
2297,17746.0,United Kingdom
2298,16175.0,United Kingdom
2299,14834.0,United Kingdom
2300,16348.0,United Kingdom
2301,15147.0,United Kingdom
2302,16131.0,United Kingdom
2303,15813.0,United Kingdom
2304,17058.0,United Kingdom
2305,17704.0,United Kingdom
2306,13772.0,United Kingdom
2307,16933.0,United Kingdom
2308,16249.0,United Kingdom
2309,14198.0,United Kingdom
2310,13989.0,United Kingdom
2311,17930.0,United Kingdom
2312,14154.0,United Kingdom
2313,14206.0,United Kingdom
2314,14482.0,United Kingdom
2315,14163.0,United Kingdom
2316,14105.0,United Kingdom
2317,17601.0,United Kingdom
2318,17142.0,United Kingdom
2319,13811.0,Germany
2320,12457.0,Switzerland
2321,15135.0,United Kingdom
2322,16806.0,United Kingdom
2323,13952.0,United Kingdom
2324,13120.0,United Kingdom
2325,12769.0,Brazil
2326,13516.0,United Kingdom
2327,14323.0,United Kingdom
2328,18079.0,United Kingdom
2329,12639.0,Sweden
2330,14700.0,United Kingdom
2331,15027.0,United Kingdom
2332,17367.0,United Kingdom
2333,18213.0,United Kingdom
2334,17029.0,United Kingdom
2335,13220.0,United Kingdom
2336,15985.0,United Kingdom
2337,16193.0,United Kingdom
2338,15172.0,United Kingdom
2339,13692.0,United Kingdom
2340,15745.0,United Kingdom
2341,17582.0,United Kingdom
2342,13474.0,United Kingdom
2343,17697.0,United Kingdom
2344,16639.0,United Kingdom
2345,16947.0,United Kingdom
2346,15491.0,United Kingdom
2347,16617.0,United Kingdom
2348,15265.0,United Kingdom
2349,16226.0,United Kingdom
2350,18009.0,United Kingdom
2351,16399.0,United Kingdom
2352,14623.0,United Kingdom
2353,15625.0,United Kingdom
2354,18064.0,United Kingdom
2355,15508.0,United Kingdom
2356,16628.0,United Kingdom
2357,13647.0,United Kingdom
2358,15594.0,United Kingdom
2359,13479.0,United Kingdom
2360,13376.0,United Kingdom
2361,15717.0,United Kingdom
2362,13735.0,United Kingdom
2363,13719.0,United Kingdom
2364,16633.0,United Kingdom
2365,13101.0,United Kingdom
2366,15225.0,United Kingdom
2367,14152.0,United Kingdom
2368,12733.0,USA
2369,15436.0,United Kingdom
2370,17217.0,United Kingdom
2371,12656.0,France
2372,17734.0,United Kingdom
2373,14905.0,United Kingdom
2374,17548.0,United Kingdom
2375,14148.0,United Kingdom
2376,16103.0,United Kingdom
2377,14626.0,United Kingdom
2378,14868.0,United Kingdom
2379,18246.0,United Kingdom
2380,13485.0,United Kingdom
2381,15517.0,United Kingdom
2382,17115.0,United Kingdom
2383,17120.0,United Kingdom
2384,15912.0,United Kingdom
2385,12506.0,France
2386,12670.0,France
2387,17588.0,United Kingdom
2388,14759.0,United Kingdom
2389,16185.0,United Kingdom
2390,13505.0,Switzerland
2391,13389.0,United Kingdom
2392,12354.0,Spain
2393,17631.0,United Kingdom
2394,17061.0,United Kingdom
2395,17718.0,United Kingdom
2396,17630.0,United Kingdom
2397,13223.0,United Kingdom
2398,16146.0,United Kingdom
2399,17109.0,United Kingdom
2400,16587.0,United Kingdom
2401,12622.0,Germany
2402,16750.0,United Kingdom
2403,13482.0,United Kingdom
2404,14512.0,United Kingdom
2405,17670.0,United Kingdom
2406,16834.0,United Kingdom
2407,15108.0,European Community
2408,12429.0,Austria
2409,16942.0,United Kingdom
2410,14640.0,United Kingdom
2411,16823.0,United Kingdom
2412,15237.0,United Kingdom
2413,12573.0,France
2414,17854.0,United Kingdom
2415,18220.0,United Kingdom
2416,17436.0,United Kingdom
2417,16965.0,United Kingdom
2418,12840.0,United Kingdom
2419,15891.0,United Kingdom
2420,17187.0,United Kingdom
2421,13637.0,United Kingdom
2422,17991.0,United Kingdom
2423,16418.0,United Kingdom
2424,16099.0,United Kingdom
2425,15768.0,United Kingdom
2426,16637.0,United Kingdom
2427,14240.0,United Kingdom
2428,15143.0,United Kingdom
2429,13229.0,United Kingdom
2430,14973.0,United Kingdom
2431,14271.0,United Kingdom
2432,15952.0,United Kingdom
2433,12417.0,Spain
2434,16227.0,United Kingdom
2435,17893.0,United Kingdom
2436,14022.0,United Kingdom
2437,15210.0,United Kingdom
2438,16370.0,United Kingdom
2439,14304.0,United Kingdom
2440,15376.0,United Kingdom
2441,14655.0,United Kingdom
2442,17615.0,United Kingdom
2443,16055.0,United Kingdom
2444,14149.0,United Kingdom
2445,17501.0,United Kingdom
2446,14191.0,United Kingdom
2447,13282.0,United Kingdom
2448,15582.0,United Kingdom
2449,16230.0,United Kingdom
2450,18146.0,United Kingdom
2451,15976.0,United Kingdom
2452,17443.0,Canada
2453,12886.0,United Kingdom
2454,17974.0,United Kingdom
2455,13524.0,United Kingdom
2456,17955.0,United Kingdom
2457,15128.0,United Kingdom
2458,16610.0,United Kingdom
2459,17394.0,United Kingdom
2460,16094.0,United Kingdom
2461,14173.0,United Kingdom
2462,16258.0,United Kingdom
2463,14948.0,United Kingdom
2464,17384.0,United Kingdom
2465,16990.0,United Kingdom
2466,13762.0,United Kingdom
2467,12593.0,France
2468,14340.0,United Kingdom
2469,17429.0,United Kingdom
2470,13711.0,United Kingdom
2471,14515.0,United Kingdom
2472,16457.0,United Kingdom
2473,17527.0,United Kingdom
2474,14199.0,United Kingdom
2475,13888.0,United Kingdom
2476,14423.0,United Kingdom
2477,14697.0,United Kingdom
2478,17522.0,United Kingdom
2479,13867.0,United Kingdom
2480,17624.0,United Kingdom
2481,14393.0,United Kingdom
2482,17578.0,United Kingdom
2483,13450.0,United Kingdom
2484,17423.0,United Kingdom
2485,18241.0,United Kingdom
2486,15668.0,United Kingdom
2487,16319.0,United Kingdom
2488,15757.0,United Kingdom
2489,17174.0,United Kingdom
2490,13365.0,United Kingdom
2491,18227.0,United Kingdom
2492,14145.0,United Kingdom
2493,18235.0,United Kingdom
2494,13741.0,United Kingdom
2495,12394.0,Belgium
2496,16832.0,United Kingdom
2497,15258.0,United Kingdom
2498,15552.0,United Kingdom
2499,18170.0,United Kingdom
2500,13723.0,United Kingdom
2501,14005.0,United Kingdom
2502,15561.0,United Kingdom
2503,16121.0,United Kingdom
2504,18142.0,United Kingdom
2505,13642.0,United Kingdom
2506,15117.0,United Kingdom
2507,13561.0,United Kingdom
2508,15704.0,United Kingdom
2509,16007.0,United Kingdom
2510,16232.0,United Kingdom
2511,17410.0,United Kingdom
2512,13835.0,United Kingdom
2513,13427.0,United Kingdom
2514,14353.0,United Kingdom
2515,12700.0,France
2516,13003.0,United Kingdom
2517,16756.0,United Kingdom
2518,13492.0,Switzerland
2519,16440.0,United Kingdom
2520,18120.0,United Kingdom
2521,12355.0,Bahrain
2522,17723.0,United Kingdom
2523,14699.0,United Kingdom
2524,12821.0,United Kingdom
2525,13055.0,United Kingdom
2526,13320.0,United Kingdom
2527,16357.0,United Kingdom
2528,18242.0,United Kingdom
2529,15865.0,United Kingdom
2530,17597.0,United Kingdom
2531,14397.0,United Kingdom
2532,13242.0,United Kingdom
2533,12684.0,France
2534,14288.0,United Kingdom
2535,15063.0,United Kingdom
2536,12592.0,Germany
2537,14591.0,United Kingdom
2538,13990.0,United Kingdom
2539,12749.0,United Kingdom
2540,16320.0,Unspecified
2541,14691.0,United Kingdom
2542,16229.0,United Kingdom
2543,14920.0,United Kingdom
2544,17489.0,United Kingdom
2545,13404.0,United Kingdom
2546,15729.0,United Kingdom
2547,13136.0,United Kingdom
2548,16644.0,United Kingdom
2549,14731.0,United Kingdom
2550,14277.0,France
2551,15187.0,United Kingdom
2552,13052.0,United Kingdom
2553,18133.0,United Kingdom
2554,17664.0,United Kingdom
2555,14649.0,United Kingdom
2556,12649.0,Germany
2557,13235.0,United Kingdom
2558,14883.0,United Kingdom
2559,12976.0,United Kingdom
2560,14681.0,United Kingdom
2561,14421.0,United Kingdom
2562,16116.0,United Kingdom
2563,14988.0,United Kingdom
2564,15489.0,United Kingdom
2565,14364.0,United Kingdom
2566,16006.0,United Kingdom
2567,16184.0,United Kingdom
2568,17932.0,United Kingdom
2569,18221.0,United Kingdom
2570,12590.0,Germany
2571,14853.0,United Kingdom
2572,17658.0,United Kingdom
2573,17764.0,United Kingdom
2574,14651.0,United Kingdom
2575,14000.0,United Kingdom
2576,13601.0,United Kingdom
2577,12757.0,Portugal
2578,17970.0,United Kingdom
2579,12770.0,Japan
2580,15826.0,United Kingdom
2581,15907.0,United Kingdom
2582,12695.0,France
2583,14342.0,United Kingdom
2584,14873.0,United Kingdom
2585,14689.0,United Kingdom
2586,15440.0,United Kingdom
2587,16076.0,United Kingdom
2588,15333.0,United Kingdom
2589,16283.0,United Kingdom
2590,17263.0,United Kingdom
2591,16877.0,United Kingdom
2592,12674.0,France
2593,16642.0,United Kingdom
2594,12871.0,United Kingdom
2595,14038.0,United Kingdom
2596,14489.0,United Kingdom
2597,14888.0,United Kingdom
2598,17190.0,United Kingdom
2599,13456.0,United Kingdom
2600,17898.0,United Kingdom
2601,13976.0,United Kingdom
2602,16139.0,United Kingdom
2603,15730.0,United Kingdom
2604,16266.0,United Kingdom
2605,15123.0,United Kingdom
2606,17702.0,United Kingdom
2607,17505.0,United Kingdom
2608,12690.0,France
2609,16446.0,United Kingdom
2610,17556.0,United Kingdom
2611,14583.0,United Kingdom
2612,16818.0,United Kingdom
2613,13572.0,United Kingdom
2614,14009.0,United Kingdom
2615,13258.0,United Kingdom
2616,14463.0,United Kingdom
2617,13192.0,United Kingdom
2618,16987.0,United Kingdom
2619,13417.0,United Kingdom
2620,17047.0,United Kingdom
2621,15116.0,United Kingdom
2622,17469.0,United Kingdom
2623,16647.0,United Kingdom
2624,15630.0,United Kingdom
2625,17245.0,United Kingdom
2626,16008.0,United Kingdom
2627,17871.0,United Kingdom
2628,13529.0,United Kingdom
2629,12620.0,France
2630,15599.0,United Kingdom
2631,16813.0,United Kingdom
2632,14859.0,United Kingdom
2633,16463.0,United Kingdom
2634,15791.0,United Kingdom
2635,13658.0,United Kingdom
2636,13887.0,United Kingdom
2637,12353.0,Bahrain
2638,14551.0,United Kingdom
2639,17166.0,United Kingdom
2640,17926.0,United Kingdom
2641,13391.0,United Kingdom
2642,17455.0,United Kingdom
2643,13308.0,United Kingdom
2644,13856.0,United Kingdom
2645,13243.0,United Kingdom
2646,15095.0,United Kingdom
2647,18048.0,United Kingdom
2648,18287.0,United Kingdom
2649,18150.0,United Kingdom
2650,16690.0,United Kingdom
2651,13555.0,United Kingdom
2652,16038.0,United Kingdom
2653,13972.0,United Kingdom
2654,13227.0,United Kingdom
2655,13657.0,United Kingdom
2656,17176.0,United Kingdom
2657,14837.0,United Kingdom
2658,14682.0,United Kingdom
2659,14921.0,United Kingdom
2660,16341.0,United Kingdom
2661,14647.0,United Kingdom
2662,12710.0,Germany
2663,15292.0,United Kingdom
2664,15705.0,United Kingdom
2665,13339.0,United Kingdom
2666,13885.0,United Kingdom
2667,12360.0,Austria
2668,13546.0,United Kingdom
2669,17715.0,United Kingdom
2670,18160.0,United Kingdom
2671,15434.0,United Kingdom
2672,15734.0,United Kingdom
2673,13737.0,United Kingdom
2674,13213.0,United Kingdom
2675,18018.0,United Kingdom
2676,15314.0,United Kingdom
2677,17521.0,United Kingdom
2678,15042.0,United Kingdom
2679,16091.0,United Kingdom
2680,15804.0,United Kingdom
2681,14593.0,United Kingdom
2682,14287.0,United Kingdom
2683,16763.0,United Kingdom
2684,14705.0,United Kingdom
2685,12562.0,France
2686,12815.0,Poland
2687,14522.0,United Kingdom
2688,16448.0,United Kingdom
2689,14584.0,United Kingdom
2690,12974.0,United Kingdom
2691,12987.0,United Kingdom
2692,14816.0,United Kingdom
2693,15852.0,United Kingdom
2694,16624.0,United Kingdom
2695,12493.0,France
2696,18232.0,United Kingdom
2697,18073.0,United Kingdom
2698,16369.0,United Kingdom
2699,14280.0,United Kingdom
2700,13135.0,United Kingdom
2701,17345.0,United Kingdom
2702,16275.0,United Kingdom
2703,14338.0,United Kingdom
2704,15402.0,United Kingdom
2705,12876.0,Belgium
2706,16323.0,United Kingdom
2707,12426.0,Germany
2708,14451.0,United Kingdom
2709,14823.0,United Kingdom
2710,15897.0,United Kingdom
2711,17051.0,United Kingdom
2712,15925.0,United Kingdom
2713,12787.0,Netherlands
2714,15863.0,United Kingdom
2715,16483.0,United Kingdom
2716,13398.0,United Kingdom
2717,13070.0,United Kingdom
2718,14819.0,United Kingdom
2719,12790.0,Netherlands
2720,15163.0,United Kingdom
2721,18204.0,United Kingdom
2722,16810.0,United Kingdom
2723,15124.0,United Kingdom
2724,12473.0,Germany
2725,16969.0,United Kingdom
2726,14597.0,United Kingdom
2727,13917.0,United Kingdom
2728,16424.0,United Kingdom
2729,13062.0,United Kingdom
2730,16484.0,United Kingdom
2731,14389.0,United Kingdom
2732,15184.0,United Kingdom
2733,18135.0,United Kingdom
2734,14453.0,United Kingdom
2735,17900.0,United Kingdom
2736,13437.0,United Kingdom
2737,12517.0,Germany
2738,16529.0,United Kingdom
2739,17531.0,United Kingdom
2740,16239.0,United Kingdom
2741,14500.0,United Kingdom
2742,12455.0,Spain
2743,16117.0,United Kingdom
2744,13248.0,United Kingdom
2745,16967.0,United Kingdom
2746,15405.0,United Kingdom
2747,16659.0,United Kingdom
2748,16880.0,United Kingdom
2749,13435.0,United Kingdom
2750,13131.0,United Kingdom
2751,14891.0,United Kingdom
2752,16682.0,United Kingdom
2753,15453.0,United Kingdom
2754,16963.0,United Kingdom
2755,13682.0,United Kingdom
2756,15152.0,United Kingdom
2757,15462.0,United Kingdom
2758,12449.0,Belgium
2759,15349.0,United Kingdom
2760,16849.0,United Kingdom
2761,12802.0,Netherlands
2762,15073.0,United Kingdom
2763,16298.0,United Kingdom
2764,12535.0,France
2765,18248.0,United Kingdom
2766,15386.0,United Kingdom
2767,16611.0,United Kingdom
2768,17252.0,United Kingdom
2769,14542.0,United Kingdom
2770,16825.0,United Kingdom
2771,12380.0,Belgium
2772,18072.0,United Kingdom
2773,13643.0,United Kingdom
2774,15969.0,United Kingdom
2775,13283.0,United Kingdom
2776,17015.0,United Kingdom
2777,14375.0,United Kingdom
2778,17124.0,United Kingdom
2779,17987.0,United Kingdom
2780,13395.0,United Kingdom
2781,17828.0,Malta
2782,15743.0,United Kingdom
2783,17414.0,United Kingdom
2784,14622.0,United Kingdom
2785,15609.0,United Kingdom
2786,14561.0,United Kingdom
2787,16872.0,United Kingdom
2788,16358.0,United Kingdom
2789,15238.0,United Kingdom
2790,13115.0,United Kingdom
2791,13466.0,United Kingdom
2792,17360.0,United Kingdom
2793,13510.0,United Kingdom
2794,12406.0,Denmark
2795,16892.0,United Kingdom
2796,14241.0,United Kingdom
2797,14132.0,United Kingdom
2798,14963.0,United Kingdom
2799,17169.0,United Kingdom
2800,15252.0,United Kingdom
2801,17731.0,United Kingdom
2802,16113.0,United Kingdom
2803,12694.0,France
2804,16107.0,United Kingdom
2805,17483.0,United Kingdom
2806,15679.0,United Kingdom
2807,13686.0,United Kingdom
2808,16581.0,United Kingdom
2809,15267.0,United Kingdom
2810,17234.0,United Kingdom
2811,17797.0,United Kingdom
2812,16614.0,United Kingdom
2813,12409.0,Switzerland
2814,15411.0,United Kingdom
2815,14178.0,United Kingdom
2816,15098.0,United Kingdom
2817,18281.0,United Kingdom
2818,14984.0,United Kingdom
2819,12516.0,Germany
2820,17265.0,United Kingdom
2821,13617.0,United Kingdom
2822,17242.0,United Kingdom
2823,17289.0,United Kingdom
2824,16018.0,United Kingdom
2825,14704.0,United Kingdom
2826,16794.0,United Kingdom
2827,13761.0,United Kingdom
2828,13517.0,United Kingdom
2829,13936.0,United Kingdom
2830,16342.0,United Kingdom
2831,14177.0,United Kingdom
2832,12732.0,France
2833,16205.0,United Kingdom
2834,15036.0,United Kingdom
2835,13589.0,United Kingdom
2836,17579.0,United Kingdom
2837,15069.0,United Kingdom
2838,17349.0,United Kingdom
2839,13080.0,United Kingdom
2840,13663.0,United Kingdom
2841,14503.0,United Kingdom
2842,16774.0,United Kingdom
2843,13384.0,United Kingdom
2844,17101.0,United Kingdom
2845,14997.0,United Kingdom
2846,17155.0,United Kingdom
2847,12809.0,Portugal
2848,16461.0,United Kingdom
2849,13343.0,United Kingdom
2850,12624.0,France
2851,18165.0,United Kingdom
2852,17536.0,United Kingdom
2853,16324.0,United Kingdom
2854,17651.0,United Kingdom
2855,14222.0,United Kingdom
2856,15585.0,United Kingdom
2857,17490.0,United Kingdom
2858,16739.0,United Kingdom
2859,16276.0,United Kingdom
2860,17193.0,United Kingdom
2861,16257.0,United Kingdom
2862,16279.0,United Kingdom
2863,14285.0,United Kingdom
2864,17642.0,United Kingdom
2865,12816.0,Poland
2866,13826.0,United Kingdom
2867,13575.0,United Kingdom
2868,17157.0,United Kingdom
2869,16852.0,United Kingdom
2870,15219.0,United Kingdom
2871,15014.0,United Kingdom
2872,14765.0,United Kingdom
2873,16869.0,United Kingdom
2874,15909.0,United Kingdom
2875,13618.0,United Kingdom
2876,16050.0,United Kingdom
2877,17879.0,United Kingdom
2878,17562.0,United Kingdom
2879,15334.0,United Kingdom
2880,12450.0,Spain
2881,13568.0,United Kingdom
2882,14820.0,United Kingdom
2883,16744.0,United Kingdom
2884,15700.0,United Kingdom
2885,17299.0,United Kingdom
2886,12837.0,United Kingdom
2887,15076.0,United Kingdom
2888,17444.0,Canada
2889,15921.0,United Kingdom
2890,15747.0,United Kingdom
2891,15840.0,United Kingdom
2892,15016.0,United Kingdom
2893,14808.0,United Kingdom
2894,12904.0,United Kingdom
2895,15825.0,United Kingdom
2896,12432.0,Norway
2897,15389.0,United Kingdom
2898,15280.0,United Kingdom
2899,17159.0,United Kingdom
2900,15329.0,United Kingdom
2901,12830.0,United Kingdom
2902,15507.0,United Kingdom
2903,18252.0,United Kingdom
2904,16526.0,United Kingdom
2905,17695.0,United Kingdom
2906,12930.0,United Kingdom
2907,14960.0,United Kingdom
2908,12444.0,Norway
2909,17960.0,United Kingdom
2910,15412.0,United Kingdom
2911,12798.0,Japan
2912,13849.0,United Kingdom
2913,16114.0,United Kingdom
2914,13420.0,United Kingdom
2915,13780.0,United Kingdom
2916,17877.0,United Kingdom
2917,16247.0,United Kingdom
2918,15041.0,United Kingdom
2919,12379.0,Belgium
2920,16287.0,United Kingdom
2921,12919.0,United Kingdom
2922,15130.0,United Kingdom
2923,12704.0,Finland
2924,17370.0,United Kingdom
2925,17709.0,United Kingdom
2926,15253.0,United Kingdom
2927,13300.0,United Kingdom
2928,17759.0,United Kingdom
2929,12465.0,Belgium
2930,12412.0,Denmark
2931,12697.0,Sweden
2932,13937.0,United Kingdom
2933,12422.0,Switzerland
2934,12615.0,France
2935,15850.0,United Kingdom
2936,15186.0,United Kingdom
2937,13791.0,United Kingdom
2938,14795.0,United Kingdom
2939,17768.0,United Kingdom
2940,18112.0,United Kingdom
2941,12548.0,Spain
2942,17386.0,United Kingdom
2943,14104.0,United Kingdom
2944,17110.0,United Kingdom
2945,18193.0,United Kingdom
2946,13895.0,United Kingdom
2947,16545.0,United Kingdom
2948,16671.0,United Kingdom
2949,14351.0,United Kingdom
2950,17391.0,United Kingdom
2951,16824.0,United Kingdom
2952,17750.0,United Kingdom
2953,16200.0,United Kingdom
2954,17997.0,United Kingdom
2955,14383.0,United Kingdom
2956,13461.0,United Kingdom
2957,17408.0,United Kingdom
2958,15537.0,United Kingdom
2959,14327.0,United Kingdom
2960,17837.0,United Kingdom
2961,12424.0,Australia
2962,15578.0,United Kingdom
2963,15584.0,United Kingdom
2964,13745.0,United Kingdom
2965,16498.0,United Kingdom
2966,17891.0,United Kingdom
2967,17123.0,United Kingdom
2968,16866.0,United Kingdom
2969,13730.0,United Kingdom
2970,16589.0,United Kingdom
2971,12922.0,United Kingdom
2972,16009.0,United Kingdom
2973,14053.0,United Kingdom
2974,17939.0,United Kingdom
2975,17312.0,United Kingdom
2976,13833.0,United Kingdom
2977,17899.0,United Kingdom
2978,15007.0,United Kingdom
2979,17464.0,United Kingdom
2980,18265.0,United Kingdom
2981,16861.0,United Kingdom
2982,16344.0,United Kingdom
2983,13338.0,United Kingdom
2984,17024.0,United Kingdom
2985,14034.0,United Kingdom
2986,18203.0,United Kingdom
2987,16616.0,United Kingdom
2988,16338.0,United Kingdom
2989,17046.0,United Kingdom
2990,13109.0,United Kingdom
2991,16829.0,United Kingdom
2992,13217.0,United Kingdom
2993,14002.0,United Kingdom
2994,12977.0,United Kingdom
2995,13291.0,United Kingdom
2996,13583.0,United Kingdom
2997,16929.0,United Kingdom
2998,17892.0,United Kingdom
2999,15505.0,United Kingdom
3000,14459.0,United Kingdom
3001,18013.0,United Kingdom
3002,13681.0,United Kingdom
3003,13699.0,United Kingdom
3004,14493.0,United Kingdom
3005,13486.0,United Kingdom
3006,13302.0,United Kingdom
3007,16012.0,United Kingdom
3008,12635.0,Germany
3009,17031.0,United Kingdom
3010,12461.0,Switzerland
3011,12648.0,Germany
3012,18121.0,United Kingdom
3013,15901.0,United Kingdom
3014,14918.0,United Kingdom
3015,15920.0,United Kingdom
3016,17353.0,United Kingdom
3017,18024.0,United Kingdom
3018,15467.0,United Kingdom
3019,16174.0,United Kingdom
3020,13678.0,United Kingdom
3021,14690.0,United Kingdom
3022,13058.0,United Kingdom
3023,14552.0,United Kingdom
3024,12556.0,Spain
3025,13224.0,United Kingdom
3026,16989.0,United Kingdom
3027,12358.0,Austria
3028,13207.0,United Kingdom
3029,18122.0,United Kingdom
3030,12722.0,France
3031,17405.0,United Kingdom
3032,13311.0,United Kingdom
3033,15051.0,United Kingdom
3034,15895.0,United Kingdom
3035,15795.0,United Kingdom
3036,13669.0,United Kingdom
3037,16450.0,United Kingdom
3038,13667.0,United Kingdom
3039,14400.0,United Kingdom
3040,12405.0,Finland
3041,14265.0,Unspecified
3042,14847.0,United Kingdom
3043,14862.0,United Kingdom
3044,16488.0,United Kingdom
3045,15256.0,United Kingdom
3046,14716.0,United Kingdom
3047,13933.0,United Kingdom
3048,14857.0,United Kingdom
3049,15306.0,United Kingdom
3050,15839.0,United Kingdom
3051,13994.0,United Kingdom
3052,17554.0,United Kingdom
3053,14332.0,United Kingdom
3054,17266.0,United Kingdom
3055,17948.0,United Kingdom
3056,15004.0,United Kingdom
3057,14722.0,United Kingdom
3058,13507.0,United Kingdom
3059,13967.0,United Kingdom
3060,16054.0,United Kingdom
3061,12833.0,United Kingdom
3062,16474.0,United Kingdom
3063,17984.0,United Kingdom
3064,12589.0,France
3065,16762.0,United Kingdom
3066,13940.0,United Kingdom
3067,14029.0,United Kingdom
3068,14117.0,United Kingdom
3069,13167.0,United Kingdom
3070,17779.0,United Kingdom
3071,13991.0,United Kingdom
3072,18101.0,United Kingdom
3073,13827.0,United Kingdom
3074,12560.0,Germany
3075,16764.0,United Kingdom
3076,18180.0,United Kingdom
3077,12521.0,Germany
3078,17866.0,United Kingdom
3079,15802.0,United Kingdom
3080,17229.0,United Kingdom
3081,14456.0,United Kingdom
3082,16464.0,United Kingdom
3083,17962.0,United Kingdom
3084,16149.0,United Kingdom
3085,14259.0,United Kingdom
3086,18143.0,United Kingdom
3087,17935.0,United Kingdom
3088,14517.0,United Kingdom
3089,17694.0,United Kingdom
3090,17660.0,United Kingdom
3091,16041.0,United Kingdom
3092,15623.0,United Kingdom
3093,15829.0,United Kingdom
3094,15232.0,United Kingdom
3095,12438.0,Norway
3096,12627.0,Germany
3097,13079.0,United Kingdom
3098,18262.0,United Kingdom
3099,13563.0,United Kingdom
3100,15506.0,United Kingdom
3101,16305.0,United Kingdom
3102,12864.0,United Kingdom
3103,17724.0,United Kingdom
3104,17703.0,United Kingdom
3105,13116.0,United Kingdom
3106,14019.0,United Kingdom
3107,17649.0,United Kingdom
3108,16178.0,United Kingdom
3109,17040.0,United Kingdom
3110,14100.0,United Kingdom
3111,16557.0,United Kingdom
3112,13296.0,United Kingdom
3113,13814.0,Germany
3114,16364.0,United Kingdom
3115,17693.0,United Kingdom
3116,15372.0,United Kingdom
3117,15618.0,United Kingdom
3118,13930.0,United Kingdom
3119,13379.0,United Kingdom
3120,13194.0,United Kingdom
3121,16447.0,United Kingdom
3122,14305.0,United Kingdom
3123,12397.0,Belgium
3124,14331.0,United Kingdom
3125,15261.0,United Kingdom
3126,15105.0,United Kingdom
3127,13813.0,Germany
3128,14855.0,United Kingdom
3129,13925.0,United Kingdom
3130,18237.0,United Kingdom
3131,12453.0,Austria
3132,15639.0,United Kingdom
3133,15118.0,United Kingdom
3134,15746.0,United Kingdom
3135,12743.0,Unspecified
3136,18268.0,United Kingdom
3137,15942.0,United Kingdom
3138,14143.0,United Kingdom
3139,15120.0,United Kingdom
3140,16147.0,United Kingdom
3141,13277.0,United Kingdom
3142,18127.0,United Kingdom
3143,15149.0,United Kingdom
3144,18081.0,United Kingdom
3145,14511.0,United Kingdom
3146,12716.0,France
3147,15776.0,United Kingdom
3148,12981.0,United Kingdom
3149,13106.0,United Kingdom
3150,13928.0,United Kingdom
3151,14885.0,United Kingdom
3152,13388.0,United Kingdom
3153,15438.0,United Kingdom
3154,17173.0,United Kingdom
3155,17941.0,United Kingdom
3156,14947.0,United Kingdom
3157,17053.0,United Kingdom
3158,12534.0,Germany
3159,12844.0,United Kingdom
3160,14567.0,United Kingdom
3161,14937.0,Channel Islands
3162,12828.0,United Kingdom
3163,16984.0,United Kingdom
3164,13023.0,United Kingdom
3165,17553.0,United Kingdom
3166,13075.0,United Kingdom
3167,15342.0,United Kingdom
3168,12644.0,Germany
3169,12378.0,Switzerland
3170,17788.0,United Kingdom
3171,13850.0,United Kingdom
3172,14076.0,United Kingdom
3173,13805.0,United Kingdom
3174,17887.0,United Kingdom
3175,13186.0,United Kingdom
3176,12750.0,Poland
3177,15374.0,United Kingdom
3178,17656.0,United Kingdom
3179,16102.0,United Kingdom
3180,15089.0,United Kingdom
3181,14972.0,United Kingdom
3182,17514.0,United Kingdom
3183,12917.0,United Kingdom
3184,12689.0,France
3185,14768.0,United Kingdom
3186,17584.0,United Kingdom
3187,15254.0,United Kingdom
3188,18099.0,United Kingdom
3189,15205.0,United Kingdom
3190,13218.0,United Kingdom
3191,17267.0,United Kingdom
3192,16302.0,United Kingdom
3193,13513.0,United Kingdom
3194,14720.0,United Kingdom
3195,18282.0,United Kingdom
3196,12610.0,Italy
3197,13200.0,United Kingdom
3198,14079.0,United Kingdom
3199,17298.0,United Kingdom
3200,14024.0,United Kingdom
3201,16066.0,United Kingdom
3202,15198.0,United Kingdom
3203,12865.0,Austria
3204,12885.0,United Kingdom
3205,17331.0,United Kingdom
3206,13016.0,United Kingdom
3207,13500.0,United Kingdom
3208,15247.0,United Kingdom
3209,13355.0,United Kingdom
3210,16053.0,United Kingdom
3211,13919.0,Denmark
3212,12384.0,Switzerland
3213,16292.0,United Kingdom
3214,12571.0,France
3215,14116.0,United Kingdom
3216,14495.0,United Kingdom
3217,15494.0,United Kingdom
3218,15608.0,United Kingdom
3219,17248.0,United Kingdom
3220,17653.0,United Kingdom
3221,17633.0,United Kingdom
3222,13645.0,United Kingdom
3223,15469.0,United Kingdom
3224,13307.0,United Kingdom
3225,12381.0,Norway
3226,17122.0,United Kingdom
3227,14406.0,United Kingdom
3228,15683.0,United Kingdom
3229,14301.0,United Kingdom
3230,14658.0,United Kingdom
3231,13621.0,United Kingdom
3232,16272.0,United Kingdom
3233,17958.0,United Kingdom
3234,16836.0,United Kingdom
3235,16961.0,United Kingdom
3236,16902.0,United Kingdom
3237,15706.0,United Kingdom
3238,15480.0,Malta
3239,15315.0,United Kingdom
3240,15653.0,United Kingdom
3241,13159.0,United Kingdom
3242,13189.0,United Kingdom
3243,17637.0,United Kingdom
3244,12641.0,Sweden
3245,13470.0,United Kingdom
3246,15786.0,United Kingdom
3247,15541.0,United Kingdom
3248,16734.0,United Kingdom
3249,16706.0,United Kingdom
3250,17070.0,United Kingdom
3251,12688.0,Israel
3252,12729.0,France
3253,12962.0,United Kingdom
3254,13273.0,United Kingdom
3255,17736.0,United Kingdom
3256,15472.0,United Kingdom
3257,12680.0,France
3258,16582.0,United Kingdom
3259,17747.0,United Kingdom
3260,12513.0,France
3261,15396.0,United Kingdom
3262,12418.0,Switzerland
3263,16828.0,United Kingdom
3264,14712.0,United Kingdom
3265,12991.0,United Kingdom
3266,14772.0,United Kingdom
3267,12364.0,Belgium
3268,12968.0,United Kingdom
3269,16330.0,United Kingdom
3270,14566.0,Channel Islands
3271,15701.0,United Kingdom
3272,12518.0,Germany
3273,14529.0,United Kingdom
3274,16536.0,United Kingdom
3275,15313.0,United Kingdom
3276,15801.0,United Kingdom
3277,16201.0,United Kingdom
3278,16555.0,United Kingdom
3279,16952.0,United Kingdom
3280,14387.0,United Kingdom
3281,17073.0,United Kingdom
3282,18147.0,United Kingdom
3283,14523.0,United Kingdom
3284,14418.0,United Kingdom
3285,12642.0,Germany
3286,16968.0,United Kingdom
3287,16723.0,United Kingdom
3288,13411.0,United Kingdom
3289,16340.0,United Kingdom
3290,13236.0,United Kingdom
3291,14196.0,United Kingdom
3292,15263.0,United Kingdom
3293,14314.0,United Kingdom
3294,16093.0,United Kingdom
3295,17844.0,Canada
3296,14687.0,United Kingdom
3297,14050.0,United Kingdom
3298,16429.0,United Kingdom
3299,14055.0,United Kingdom
3300,12715.0,Sweden
3301,15663.0,United Kingdom
3302,18200.0,United Kingdom
3303,18167.0,United Kingdom
3304,13644.0,United Kingdom
3305,17451.0,United Kingdom
3306,16641.0,United Kingdom
3307,13812.0,Germany
3308,14141.0,United Kingdom
3309,15074.0,United Kingdom
3310,12492.0,Germany
3311,17183.0,United Kingdom
3312,15325.0,United Kingdom
3313,13778.0,United Kingdom
3314,14869.0,United Kingdom
3315,14096.0,United Kingdom
3316,14108.0,United Kingdom
3317,12814.0,Poland
3318,15866.0,United Kingdom
3319,14660.0,United Kingdom
3320,13726.0,United Kingdom
3321,15690.0,United Kingdom
3322,17777.0,United Kingdom
3323,16278.0,United Kingdom
3324,13276.0,United Kingdom
3325,12436.0,Norway
3326,13147.0,United Kingdom
3327,13045.0,United Kingdom
3328,13099.0,United Kingdom
3329,12739.0,United Arab Emirates
3330,14420.0,United Kingdom
3331,14436.0,United Kingdom
3332,18027.0,United Kingdom
3333,12794.0,Portugal
3334,12832.0,United Kingdom
3335,16674.0,United Kingdom
3336,12375.0,Finland
3337,16173.0,United Kingdom
3338,14171.0,United Kingdom
3339,13434.0,United Kingdom
3340,16761.0,United Kingdom
3341,14067.0,United Kingdom
3342,13808.0,United Kingdom
3343,15215.0,United Kingdom
3344,12851.0,United Kingdom
3345,14335.0,Germany
3346,14965.0,United Kingdom
3347,15136.0,United Kingdom
3348,16629.0,United Kingdom
3349,18261.0,United Kingdom
3350,15307.0,United Kingdom
3351,16820.0,United Kingdom
3352,17309.0,United Kingdom
3353,13949.0,United Kingdom
3354,14360.0,United Kingdom
3355,16400.0,United Kingdom
3356,14208.0,United Kingdom
3357,12526.0,Germany
3358,13130.0,United Kingdom
3359,13210.0,United Kingdom
3360,17481.0,United Kingdom
3361,12685.0,France
3362,17573.0,United Kingdom
3363,14452.0,United Kingdom
3364,13889.0,United Kingdom
3365,15488.0,United Kingdom
3366,18222.0,United Kingdom
3367,13244.0,United Kingdom
3368,17004.0,United Kingdom
3369,13441.0,United Kingdom
3370,13823.0,United Kingdom
3371,12879.0,United Kingdom
3372,16603.0,United Kingdom
3373,14824.0,United Kingdom
3374,16910.0,United Kingdom
3375,15652.0,United Kingdom
3376,16362.0,United Kingdom
3377,15035.0,United Kingdom
3378,14508.0,United Kingdom
3379,13272.0,United Kingdom
3380,17317.0,United Kingdom
3381,14212.0,United Kingdom
3382,13372.0,United Kingdom
3383,18255.0,United Kingdom
3384,14250.0,United Kingdom
3385,16796.0,United Kingdom
3386,14432.0,United Kingdom
3387,15782.0,United Kingdom
3388,12883.0,United Kingdom
3389,12965.0,United Kingdom
3390,15533.0,United Kingdom
3391,18215.0,United Kingdom
3392,18158.0,United Kingdom
3393,13375.0,United Kingdom
3394,13431.0,United Kingdom
3395,16211.0,United Kingdom
3396,12884.0,United Kingdom
3397,16141.0,United Kingdom
3398,17919.0,United Kingdom
3399,16360.0,United Kingdom
3400,17433.0,United Kingdom
3401,13704.0,United Kingdom
3402,14020.0,United Kingdom
3403,14359.0,United Kingdom
3404,16451.0,United Kingdom
3405,12940.0,United Kingdom
3406,15216.0,United Kingdom
3407,15522.0,United Kingdom
3408,17037.0,United Kingdom
3409,12822.0,United Kingdom
3410,15343.0,United Kingdom
3411,14753.0,United Kingdom
3412,16959.0,United Kingdom
3413,18251.0,United Kingdom
3414,13032.0,United Kingdom
3415,12895.0,United Kingdom
3416,17640.0,United Kingdom
3417,13860.0,United Kingdom
3418,12756.0,Japan
3419,18001.0,United Kingdom
3420,17728.0,United Kingdom
3421,15933.0,United Kingdom
3422,14284.0,United Kingdom
3423,17347.0,United Kingdom
3424,15103.0,United Kingdom
3425,15707.0,United Kingdom
3426,13430.0,United Kingdom
3427,12566.0,Germany
3428,13321.0,United Kingdom
3429,13877.0,United Kingdom
3430,15272.0,United Kingdom
3431,15322.0,United Kingdom
3432,17333.0,United Kingdom
3433,13518.0,United Kingdom
3434,14306.0,United Kingdom
3435,17679.0,United Kingdom
3436,16160.0,United Kingdom
3437,15573.0,United Kingdom
3438,14894.0,United Kingdom
3439,17434.0,United Kingdom
3440,15466.0,United Kingdom
3441,15511.0,United Kingdom
3442,17846.0,United Kingdom
3443,16189.0,United Kingdom
3444,15417.0,United Kingdom
3445,12995.0,United Kingdom
3446,14557.0,United Kingdom
3447,16108.0,United Kingdom
3448,17144.0,United Kingdom
3449,16924.0,United Kingdom
3450,15099.0,United Kingdom
3451,13323.0,United Kingdom
3452,14124.0,United Kingdom
3453,15975.0,United Kingdom
3454,15523.0,United Kingdom
3455,16878.0,United Kingdom
3456,15947.0,United Kingdom
3457,13247.0,United Kingdom
3458,13566.0,United Kingdom
3459,18194.0,United Kingdom
3460,16689.0,United Kingdom
3461,16438.0,United Kingdom
3462,13067.0,United Kingdom
3463,12457.0,Cyprus
3464,16460.0,United Kingdom
3465,13325.0,United Kingdom
3466,12640.0,France
3467,13774.0,United Kingdom
3468,12497.0,Germany
3469,12752.0,Norway
3470,15504.0,United Kingdom
3471,15500.0,United Kingdom
3472,17557.0,United Kingdom
3473,13228.0,United Kingdom
3474,14356.0,United Kingdom
3475,13416.0,United Kingdom
3476,17628.0,United Kingdom
3477,16527.0,United Kingdom
3478,15341.0,United Kingdom
3479,16215.0,United Kingdom
3480,14164.0,United Kingdom
3481,15888.0,United Kingdom
3482,17564.0,United Kingdom
3483,13356.0,United Kingdom
3484,12390.0,Belgium
3485,18228.0,United Kingdom
3486,17415.0,United Kingdom
3487,13350.0,United Kingdom
3488,12550.0,Spain
3489,16627.0,United Kingdom
3490,17475.0,United Kingdom
3491,14951.0,United Kingdom
3492,14780.0,United Kingdom
3493,14887.0,United Kingdom
3494,15399.0,United Kingdom
3495,17466.0,United Kingdom
3496,16379.0,United Kingdom
3497,17172.0,United Kingdom
3498,15239.0,United Kingdom
3499,16213.0,United Kingdom
3500,15603.0,United Kingdom
3501,14261.0,United Kingdom
3502,12657.0,France
3503,15571.0,United Kingdom
3504,15484.0,United Kingdom
3505,12936.0,United Kingdom
3506,16236.0,United Kingdom
3507,16669.0,United Kingdom
3508,17603.0,United Kingdom
3509,15398.0,United Kingdom
3510,12906.0,United Kingdom
3511,17079.0,United Kingdom
3512,14125.0,United Kingdom
3513,17163.0,United Kingdom
3514,12952.0,United Kingdom
3515,12579.0,France
3516,13279.0,United Kingdom
3517,12425.0,Portugal
3518,16715.0,United Kingdom
3519,13519.0,United Kingdom
3520,12546.0,Spain
3521,15744.0,United Kingdom
3522,13127.0,United Kingdom
3523,15714.0,United Kingdom
3524,17480.0,United Kingdom
3525,15763.0,United Kingdom
3526,15075.0,United Kingdom
3527,16978.0,United Kingdom
3528,14014.0,United Kingdom
3529,16240.0,United Kingdom
3530,13336.0,United Kingdom
3531,14652.0,United Kingdom
3532,15807.0,United Kingdom
3533,15762.0,United Kingdom
3534,15475.0,United Kingdom
3535,15978.0,United Kingdom
3536,16485.0,United Kingdom
3537,12488.0,France
3538,13083.0,United Kingdom
3539,16169.0,United Kingdom
3540,17506.0,United Kingdom
3541,16480.0,United Kingdom
3542,17006.0,United Kingdom
3543,17498.0,United Kingdom
3544,17131.0,United Kingdom
3545,13536.0,United Kingdom
3546,15429.0,United Kingdom
3547,17154.0,United Kingdom
3548,16594.0,United Kingdom
3549,16049.0,United Kingdom
3550,14757.0,United Kingdom
3551,16198.0,United Kingdom
3552,13670.0,United Kingdom
3553,18066.0,United Kingdom
3554,14806.0,United Kingdom
3555,12783.0,Portugal
3556,13429.0,United Kingdom
3557,15154.0,United Kingdom
3558,13390.0,United Kingdom
3559,12925.0,United Kingdom
3560,13927.0,United Kingdom
3561,18205.0,United Kingdom
3562,14908.0,United Kingdom
3563,13639.0,United Kingdom
3564,15958.0,United Kingdom
3565,15492.0,United Kingdom
3566,15243.0,United Kingdom
3567,16468.0,United Kingdom
3568,15344.0,United Kingdom
3569,13866.0,United Kingdom
3570,12612.0,Germany
3571,16999.0,United Kingdom
3572,13514.0,United Kingdom
3573,13314.0,United Kingdom
3574,17805.0,United Kingdom
3575,18278.0,United Kingdom
3576,13979.0,United Kingdom
3577,16181.0,United Kingdom
3578,15568.0,United Kingdom
3579,16354.0,United Kingdom
3580,14412.0,United Kingdom
3581,16119.0,United Kingdom
3582,14109.0,United Kingdom
3583,16157.0,United Kingdom
3584,15348.0,United Kingdom
3585,16281.0,United Kingdom
3586,13924.0,United Kingdom
3587,14434.0,United Kingdom
3588,13061.0,United Kingdom
3589,17513.0,United Kingdom
3590,16909.0,United Kingdom
3591,16650.0,United Kingdom
3592,18192.0,United Kingdom
3593,17447.0,United Kingdom
3594,17427.0,United Kingdom
3595,15175.0,United Kingdom
3596,13960.0,United Kingdom
3597,17528.0,United Kingdom
3598,16361.0,United Kingdom
3599,13886.0,United Kingdom
3600,13354.0,United Kingdom
3601,15050.0,United Kingdom
3602,13503.0,United Kingdom
3603,16653.0,United Kingdom
3604,16574.0,United Kingdom
3605,13759.0,United Kingdom
3606,17813.0,United Kingdom
3607,12718.0,France
3608,15949.0,United Kingdom
3609,12703.0,Germany
3610,13364.0,United Kingdom
3611,16268.0,United Kingdom
3612,18053.0,United Kingdom
3613,16101.0,United Kingdom
3614,15565.0,United Kingdom
3615,18217.0,United Kingdom
3616,13954.0,United Kingdom
3617,15593.0,United Kingdom
3618,13095.0,United Kingdom
3619,15287.0,United Kingdom
3620,13347.0,United Kingdom
3621,15185.0,United Kingdom
3622,16404.0,United Kingdom
3623,16613.0,United Kingdom
3624,16591.0,United Kingdom
3625,15774.0,United Kingdom
3626,13558.0,United Kingdom
3627,16930.0,United Kingdom
3628,16533.0,United Kingdom
3629,18059.0,United Kingdom
3630,14488.0,United Kingdom
3631,16747.0,United Kingdom
3632,14333.0,United Kingdom
3633,13635.0,United Kingdom
3634,17330.0,United Kingdom
3635,17321.0,United Kingdom
3636,14815.0,United Kingdom
3637,15091.0,United Kingdom
3638,15088.0,United Kingdom
3639,15930.0,United Kingdom
3640,16183.0,United Kingdom
3641,13297.0,United Kingdom
3642,13801.0,United Kingdom
3643,16881.0,United Kingdom
3644,17014.0,United Kingdom
3645,15255.0,United Kingdom
3646,14184.0,United Kingdom
3647,13351.0,United Kingdom
3648,15739.0,United Kingdom
3649,12512.0,Israel
3650,17957.0,United Kingdom
3651,15276.0,United Kingdom
3652,15127.0,United Kingdom
3653,16106.0,United Kingdom
3654,17666.0,United Kingdom
3655,13483.0,United Kingdom
3656,16478.0,United Kingdom
3657,17382.0,United Kingdom
3658,12789.0,Netherlands
3659,16020.0,United Kingdom
3660,17222.0,United Kingdom
3661,16803.0,United Kingdom
3662,13947.0,United Kingdom
3663,16758.0,United Kingdom
3664,12719.0,France
3665,17647.0,United Kingdom
3666,14054.0,United Kingdom
3667,12723.0,France
3668,18033.0,United Kingdom
3669,13845.0,United Kingdom
3670,15837.0,United Kingdom
3671,12628.0,Germany
3672,13177.0,United Kingdom
3673,14317.0,United Kingdom
3674,16295.0,United Kingdom
3675,13602.0,United Kingdom
3676,16895.0,United Kingdom
3677,17295.0,United Kingdom
3678,13504.0,United Kingdom
3679,13422.0,United Kingdom
3680,15264.0,United Kingdom
3681,16432.0,United Kingdom
3682,13816.0,Germany
3683,14518.0,United Kingdom
3684,13882.0,United Kingdom
3685,15937.0,United Kingdom
3686,12923.0,United Kingdom
3687,16454.0,United Kingdom
3688,17453.0,United Kingdom
3689,15766.0,United Kingdom
3690,15300.0,United Kingdom
3691,13348.0,United Kingdom
3692,14592.0,United Kingdom
3693,12394.0,Denmark
3694,17030.0,United Kingdom
3695,12420.0,Cyprus
3696,14427.0,United Kingdom
3697,14792.0,United Kingdom
3698,12519.0,Germany
3699,13359.0,United Kingdom
3700,14138.0,United Kingdom
3701,15297.0,United Kingdom
3702,13876.0,United Kingdom
3703,12740.0,France
3704,17086.0,United Kingdom
3705,13806.0,United Kingdom
3706,18096.0,United Kingdom
3707,13587.0,United Kingdom
3708,12856.0,United Kingdom
3709,13419.0,United Kingdom
3710,17509.0,United Kingdom
3711,16900.0,United Kingdom
3712,13689.0,United Kingdom
3713,13763.0,United Kingdom
3714,13755.0,United Kingdom
3715,16104.0,United Kingdom
3716,13259.0,United Kingdom
3717,16248.0,United Kingdom
3718,15612.0,United Kingdom
3719,15787.0,United Kingdom
3720,16595.0,United Kingdom
3721,13260.0,United Kingdom
3722,15821.0,United Kingdom
3723,18088.0,United Kingdom
3724,16685.0,United Kingdom
3725,13193.0,United Kingdom
3726,13212.0,United Kingdom
3727,14801.0,United Kingdom
3728,16380.0,United Kingdom
3729,16921.0,United Kingdom
3730,15193.0,United Kingdom
3731,14027.0,United Kingdom
3732,16179.0,United Kingdom
3733,15473.0,United Kingdom
3734,17425.0,United Kingdom
3735,18169.0,United Kingdom
3736,18126.0,United Kingdom
3737,16688.0,United Kingdom
3738,16982.0,United Kingdom
3739,15330.0,United Kingdom
3740,17186.0,United Kingdom
3741,13685.0,United Kingdom
3742,16776.0,United Kingdom
3743,13980.0,United Kingdom
3744,13352.0,United Kingdom
3745,15553.0,United Kingdom
3746,15886.0,United Kingdom
3747,17203.0,United Kingdom
3748,12607.0,USA
3749,17459.0,United Kingdom
3750,12772.0,Portugal
3751,16561.0,United Kingdom
3752,14121.0,United Kingdom
3753,12371.0,Switzerland
3754,17119.0,United Kingdom
3755,17620.0,United Kingdom
3756,12824.0,United Kingdom
3757,14710.0,United Kingdom
3758,16120.0,United Kingdom
3759,14624.0,United Kingdom
3760,16171.0,United Kingdom
3761,12536.0,France
3762,13690.0,United Kingdom
3763,17934.0,United Kingdom
3764,14642.0,United Kingdom
3765,12602.0,France
3766,16753.0,United Kingdom
3767,17737.0,United Kingdom
3768,13464.0,United Kingdom
3769,18277.0,United Kingdom
3770,12667.0,Finland
3771,12498.0,Germany
3772,14537.0,United Kingdom
3773,17279.0,United Kingdom
3774,14251.0,United Kingdom
3775,12446.0,RSA
3776,12631.0,Finland
3777,14234.0,United Kingdom
3778,14975.0,United Kingdom
3779,13853.0,United Kingdom
3780,16773.0,United Kingdom
3781,16430.0,United Kingdom
3782,16793.0,United Kingdom
3783,18130.0,United Kingdom
3784,17614.0,United Kingdom
3785,13858.0,United Kingdom
3786,14856.0,United Kingdom
3787,14089.0,United Kingdom
3788,15478.0,United Kingdom
3789,16413.0,United Kingdom
3790,13810.0,Germany
3791,16416.0,United Kingdom
3792,13006.0,United Kingdom
3793,17986.0,United Kingdom
3794,12454.0,Spain
3795,14910.0,United Kingdom
3796,16243.0,United Kingdom
3797,13878.0,United Kingdom
3798,16934.0,United Kingdom
3799,15994.0,United Kingdom
3800,14547.0,United Kingdom
3801,16052.0,United Kingdom
3802,15113.0,United Kingdom
3803,12475.0,Germany
3804,16542.0,United Kingdom
3805,18042.0,United Kingdom
3806,16563.0,United Kingdom
3807,17201.0,United Kingdom
3808,17520.0,United Kingdom
3809,13923.0,United Kingdom
3810,16412.0,United Kingdom
3811,17205.0,United Kingdom
3812,17534.0,United Kingdom
3813,15335.0,United Kingdom
3814,16737.0,United Kingdom
3815,15066.0,United Kingdom
3816,17206.0,United Kingdom
3817,17785.0,United Kingdom
3818,16932.0,United Kingdom
3819,16363.0,United Kingdom
3820,14830.0,United Kingdom
3821,17244.0,United Kingdom
3822,15355.0,United Kingdom
3823,15598.0,United Kingdom
3824,15637.0,United Kingdom
3825,16848.0,United Kingdom
3826,15678.0,United Kingdom
3827,14015.0,United Kingdom
3828,13594.0,United Kingdom
3829,15327.0,United Kingdom
3830,14861.0,United Kingdom
3831,14554.0,United Kingdom
3832,12611.0,Italy
3833,14179.0,United Kingdom
3834,12863.0,United Kingdom
3835,15604.0,United Kingdom
3836,14381.0,United Kingdom
3837,12572.0,Germany
3838,16123.0,United Kingdom
3839,16851.0,United Kingdom
3840,17148.0,United Kingdom
3841,17549.0,United Kingdom
3842,17973.0,United Kingdom
3843,15610.0,United Kingdom
3844,15853.0,United Kingdom
3845,18019.0,United Kingdom
3846,14698.0,United Kingdom
3847,15468.0,United Kingdom
3848,16826.0,United Kingdom
3849,17824.0,United Kingdom
3850,12522.0,Germany
3851,15803.0,United Kingdom
3852,15006.0,United Kingdom
3853,17350.0,United Kingdom
3854,14799.0,United Kingdom
3855,15814.0,United Kingdom
3856,16260.0,United Kingdom
3857,14638.0,United Kingdom
3858,17354.0,United Kingdom
3859,15664.0,United Kingdom
3860,13245.0,United Kingdom
3861,14923.0,United Kingdom
3862,16177.0,United Kingdom
3863,13366.0,United Kingdom
3864,16284.0,United Kingdom
3865,16846.0,United Kingdom
3866,14484.0,United Kingdom
3867,13897.0,United Kingdom
3868,14585.0,United Kingdom
3869,17125.0,United Kingdom
3870,15836.0,United Kingdom
3871,16313.0,United Kingdom
3872,13460.0,United Kingdom
3873,12403.0,Denmark
3874,14967.0,United Kingdom
3875,15286.0,United Kingdom
3876,17832.0,United Kingdom
3877,12646.0,USA
3878,16015.0,United Kingdom
3879,16311.0,United Kingdom
3880,15740.0,United Kingdom
3881,13974.0,United Kingdom
3882,15677.0,United Kingdom
3883,15000.0,United Kingdom
3884,16017.0,United Kingdom
3885,13471.0,United Kingdom
3886,13598.0,United Kingdom
3887,18005.0,United Kingdom
3888,15427.0,United Kingdom
3889,15022.0,United Kingdom
3890,17111.0,United Kingdom
3891,17836.0,United Kingdom
3892,14629.0,United Kingdom
3893,15592.0,United Kingdom
3894,15277.0,United Kingdom
3895,16491.0,United Kingdom
3896,15516.0,United Kingdom
3897,14764.0,United Kingdom
3898,16742.0,United Kingdom
3899,15142.0,United Kingdom
3900,17344.0,United Kingdom
3901,18240.0,United Kingdom
3902,17081.0,United Kingdom
3903,14474.0,United Kingdom
3904,14139.0,United Kingdom
3905,15844.0,United Kingdom
3906,13176.0,United Kingdom
3907,12398.0,Switzerland
3908,15345.0,United Kingdom
3909,16708.0,United Kingdom
3910,15963.0,United Kingdom
3911,18045.0,United Kingdom
3912,13182.0,United Kingdom
3913,15158.0,United Kingdom
3914,13028.0,United Kingdom
3915,13978.0,United Kingdom
3916,16056.0,United Kingdom
3917,12812.0,Japan
3918,16071.0,United Kingdom
3919,14539.0,United Kingdom
3920,14550.0,United Kingdom
3921,17712.0,United Kingdom
3922,14102.0,United Kingdom
3923,14598.0,United Kingdom
3924,15320.0,United Kingdom
3925,16415.0,United Kingdom
3926,12448.0,Spain
3927,12827.0,United Kingdom
3928,16345.0,United Kingdom
3929,15993.0,United Kingdom
3930,17895.0,United Kingdom
3931,15948.0,United Kingdom
3932,15659.0,United Kingdom
3933,18154.0,United Kingdom
3934,12630.0,Finland
3935,13363.0,United Kingdom
3936,18276.0,United Kingdom
3937,17684.0,United Kingdom
3938,17878.0,United Kingdom
3939,14752.0,United Kingdom
3940,16847.0,United Kingdom
3941,14971.0,United Kingdom
3942,17545.0,United Kingdom
3943,16026.0,United Kingdom
3944,16513.0,United Kingdom
3945,12430.0,Norway
3946,14357.0,United Kingdom
3947,16855.0,United Kingdom
3948,16680.0,United Kingdom
3949,18035.0,United Kingdom
3950,16648.0,United Kingdom
3951,16164.0,United Kingdom
3952,14218.0,United Kingdom
3953,15096.0,United Kingdom
3954,18030.0,United Kingdom
3955,14416.0,United Kingdom
3956,17839.0,United Kingdom
3957,16601.0,United Kingdom
3958,12912.0,United Kingdom
3959,13278.0,United Kingdom
3960,14582.0,United Kingdom
3961,15748.0,United Kingdom
3962,16079.0,United Kingdom
3963,17590.0,United Kingdom
3964,15054.0,United Kingdom
3965,14158.0,United Kingdom
3966,15385.0,United Kingdom
3967,16506.0,United Kingdom
3968,14295.0,United Kingdom
3969,13822.0,United Kingdom
3970,18067.0,United Kingdom
3971,16190.0,United Kingdom
3972,15444.0,United Kingdom
3973,13607.0,United Kingdom
3974,12581.0,Germany
3975,15360.0,United Kingdom
3976,13103.0,United Kingdom
3977,15667.0,United Kingdom
3978,13651.0,United Kingdom
3979,12552.0,Italy
3980,16127.0,United Kingdom
3981,12588.0,Finland
3982,15977.0,United Kingdom
3983,13697.0,United Kingdom
3984,14345.0,United Kingdom
3985,17503.0,United Kingdom
3986,16830.0,United Kingdom
3987,17495.0,United Kingdom
3988,12491.0,France
3989,14485.0,United Kingdom
3990,13868.0,United Kingdom
3991,15423.0,United Kingdom
3992,17668.0,United Kingdom
3993,16971.0,United Kingdom
3994,16352.0,United Kingdom
3995,16884.0,United Kingdom
3996,15830.0,United Kingdom
3997,14216.0,United Kingdom
3998,15275.0,United Kingdom
3999,16790.0,United Kingdom
4000,15576.0,United Kingdom
4001,18105.0,United Kingdom
4002,18164.0,United Kingdom
4003,14974.0,United Kingdom
4004,17947.0,United Kingdom
4005,13318.0,United Kingdom
4006,18104.0,United Kingdom
4007,13271.0,United Kingdom
4008,17595.0,United Kingdom
4009,14528.0,United Kingdom
4010,17432.0,United Kingdom
4011,16337.0,United Kingdom
4012,14098.0,United Kingdom
4013,15551.0,United Kingdom
4014,16347.0,United Kingdom
4015,13721.0,United Kingdom
4016,16322.0,United Kingdom
4017,17403.0,United Kingdom
4018,16914.0,United Kingdom
4019,16602.0,United Kingdom
4020,12544.0,Spain
4021,13914.0,United Kingdom
4022,13467.0,United Kingdom
4023,17221.0,United Kingdom
4024,17078.0,United Kingdom
4025,13447.0,United Kingdom
4026,15010.0,United Kingdom
4027,18022.0,United Kingdom
4028,16318.0,United Kingdom
4029,17274.0,United Kingdom
4030,15597.0,United Kingdom
4031,17233.0,United Kingdom
4032,16887.0,United Kingdom
4033,13938.0,United Kingdom
4034,17084.0,United Kingdom
4035,14882.0,United Kingdom
4036,15017.0,United Kingdom
4037,12882.0,United Kingdom
4038,17387.0,United Kingdom
4039,13727.0,United Kingdom
4040,13532.0,United Kingdom
4041,16445.0,United Kingdom
4042,15156.0,United Kingdom
4043,16372.0,United Kingdom
4044,17608.0,United Kingdom
4045,12638.0,Sweden
4046,14174.0,United Kingdom
4047,14039.0,United Kingdom
4048,13040.0,United Kingdom
4049,15883.0,United Kingdom
4050,14664.0,United Kingdom
4051,15526.0,United Kingdom
4052,17831.0,United Kingdom
4053,15025.0,United Kingdom
4054,12357.0,Switzerland
4055,17761.0,United Kingdom
4056,15870.0,United Kingdom
4057,14080.0,United Kingdom
4058,17623.0,United Kingdom
4059,13673.0,United Kingdom
4060,14073.0,United Kingdom
4061,16070.0,United Kingdom
4062,13066.0,United Kingdom
4063,14929.0,United Kingdom
4064,13710.0,United Kingdom
4065,16732.0,United Kingdom
4066,14140.0,United Kingdom
4067,17219.0,United Kingdom
4068,16505.0,United Kingdom
4069,15957.0,United Kingdom
4070,18123.0,United Kingdom
4071,15043.0,United Kingdom
4072,17313.0,United Kingdom
4073,18216.0,United Kingdom
4074,17022.0,United Kingdom
4075,15153.0,United Kingdom
4076,16759.0,United Kingdom
4077,16751.0,United Kingdom
4078,12893.0,United Kingdom
4079,14836.0,United Kingdom
4080,17011.0,United Kingdom
4081,12532.0,France
4082,17038.0,United Kingdom
4083,14968.0,United Kingdom
4084,12504.0,Germany
4085,16516.0,United Kingdom
4086,13522.0,United Kingdom
4087,15986.0,United Kingdom
4088,13992.0,United Kingdom
4089,14354.0,United Kingdom
4090,16986.0,United Kingdom
4091,16953.0,United Kingdom
4092,18274.0,United Kingdom
4093,15450.0,United Kingdom
4094,15531.0,United Kingdom
4095,17500.0,United Kingdom
4096,17197.0,United Kingdom
4097,16025.0,United Kingdom
4098,12659.0,France
4099,17461.0,United Kingdom
4100,17791.0,United Kingdom
4101,15463.0,United Kingdom
4102,17977.0,United Kingdom
4103,12617.0,France
4104,14863.0,United Kingdom
4105,16903.0,United Kingdom
4106,12508.0,France
4107,17502.0,United Kingdom
4108,12538.0,Spain
4109,17901.0,United Kingdom
4110,14789.0,United Kingdom
4111,18209.0,United Kingdom
4112,12985.0,United Kingdom
4113,15557.0,United Kingdom
4114,16433.0,United Kingdom
4115,15692.0,United Kingdom
4116,17052.0,United Kingdom
4117,16368.0,United Kingdom
4118,18014.0,United Kingdom
4119,13732.0,United Kingdom
4120,13091.0,United Kingdom
4121,14661.0,United Kingdom
4122,13170.0,United Kingdom
4123,15654.0,United Kingdom
4124,13146.0,United Kingdom
4125,14788.0,United Kingdom
4126,13603.0,United Kingdom
4127,14382.0,United Kingdom
4128,16720.0,United Kingdom
4129,14904.0,United Kingdom
4130,14494.0,United Kingdom
4131,14902.0,United Kingdom
4132,16936.0,United Kingdom
4133,12938.0,United Kingdom
4134,15168.0,United Kingdom
4135,17538.0,United Kingdom
4136,18082.0,United Kingdom
4137,18117.0,United Kingdom
4138,15458.0,United Kingdom
4139,17566.0,United Kingdom
4140,16207.0,United Kingdom
4141,12762.0,Portugal
4142,17793.0,United Kingdom
4143,17044.0,United Kingdom
4144,14953.0,United Kingdom
4145,16504.0,United Kingdom
4146,12374.0,Austria
4147,15009.0,United Kingdom
4148,16423.0,United Kingdom
4149,15419.0,United Kingdom
4150,17510.0,United Kingdom
4151,15758.0,United Kingdom
4152,15524.0,United Kingdom
4153,14725.0,United Kingdom
4154,14666.0,United Kingdom
4155,14714.0,United Kingdom
4156,17153.0,United Kingdom
4157,12950.0,United Kingdom
4158,15720.0,United Kingdom
4159,18181.0,United Kingdom
4160,15556.0,United Kingdom
4161,17357.0,United Kingdom
4162,12890.0,United Kingdom
4163,13449.0,United Kingdom
4164,15269.0,United Kingdom
4165,14385.0,United Kingdom
4166,15900.0,United Kingdom
4167,17680.0,United Kingdom
4168,13926.0,United Kingdom
4169,16204.0,United Kingdom
4170,17896.0,United Kingdom
4171,17835.0,United Kingdom
4172,15432.0,United Kingdom
4173,18006.0,United Kingdom
4174,15657.0,United Kingdom
4175,17237.0,United Kingdom
4176,13160.0,United Kingdom
4177,12847.0,United Kingdom
4178,17397.0,United Kingdom
4179,17985.0,United Kingdom
4180,14362.0,United Kingdom
4181,13828.0,United Kingdom
4182,15435.0,United Kingdom
4183,12445.0,Spain
4184,12603.0,Germany
4185,14641.0,United Kingdom
4186,12618.0,Italy
4187,15621.0,United Kingdom
4188,12391.0,Cyprus
4189,18034.0,United Kingdom
4190,17286.0,United Kingdom
4191,17904.0,United Kingdom
4192,17301.0,United Kingdom
4193,15368.0,United Kingdom
4194,14793.0,United Kingdom
4195,17650.0,United Kingdom
4196,12702.0,Germany
4197,14881.0,United Kingdom
4198,16784.0,United Kingdom
4199,14052.0,United Kingdom
4200,18110.0,United Kingdom
4201,17561.0,United Kingdom
4202,15988.0,United Kingdom
4203,17523.0,United Kingdom
4204,14950.0,United Kingdom
4205,16666.0,United Kingdom
4206,14860.0,United Kingdom
4207,17636.0,United Kingdom
4208,13832.0,United Kingdom
4209,13142.0,United Kingdom
4210,16366.0,United Kingdom
4211,14300.0,United Kingdom
4212,12349.0,Italy
4213,12658.0,Germany
4214,12795.0,Portugal
4215,15567.0,United Kingdom
4216,15645.0,United Kingdom
4217,16406.0,United Kingdom
4218,15857.0,United Kingdom
4219,12984.0,United Kingdom
4220,17253.0,United Kingdom
4221,13739.0,United Kingdom
4222,18139.0,United Kingdom
4223,15274.0,United Kingdom
4224,17010.0,United Kingdom
4225,15115.0,United Kingdom
4226,17100.0,United Kingdom
4227,15699.0,United Kingdom
4228,13403.0,United Kingdom
4229,16956.0,United Kingdom
4230,17600.0,United Kingdom
4231,15877.0,United Kingdom
4232,14424.0,United Kingdom
4233,13322.0,United Kingdom
4234,17297.0,United Kingdom
4235,13986.0,United Kingdom
4236,12920.0,United Kingdom
4237,18249.0,United Kingdom
4238,12586.0,Italy
4239,15634.0,United Kingdom
4240,16376.0,United Kingdom
4241,16811.0,United Kingdom
4242,12452.0,Switzerland
4243,14581.0,United Kingdom
4244,14675.0,United Kingdom
4245,18084.0,United Kingdom
4246,17290.0,United Kingdom
4247,16343.0,United Kingdom
4248,13638.0,United Kingdom
4249,16482.0,United Kingdom
4250,12784.0,Portugal
4251,17458.0,United Kingdom
4252,14785.0,United Kingdom
4253,17254.0,United Kingdom
4254,17767.0,United Kingdom
4255,15725.0,United Kingdom
4256,17247.0,United Kingdom
4257,18184.0,United Kingdom
4258,15428.0,United Kingdom
4259,17727.0,United Kingdom
4260,14756.0,United Kingdom
4261,16856.0,United Kingdom
4262,14703.0,United Kingdom
4263,17385.0,United Kingdom
4264,12531.0,Germany
4265,15872.0,United Kingdom
4266,14966.0,United Kingdom
4267,17232.0,United Kingdom
4268,17468.0,United Kingdom
4269,13332.0,United Kingdom
4270,14946.0,United Kingdom
4271,13596.0,United Kingdom
4272,16024.0,United Kingdom
4273,14954.0,United Kingdom
4274,17885.0,United Kingdom
4275,14093.0,United Kingdom
4276,14893.0,United Kingdom
4277,15721.0,United Kingdom
4278,17852.0,United Kingdom
4279,13844.0,United Kingdom
4280,12479.0,Germany
4281,12660.0,France
4282,15540.0,United Kingdom
4283,17379.0,United Kingdom
4284,16800.0,United Kingdom
4285,17806.0,United Kingdom
4286,17359.0,United Kingdom
4287,13188.0,United Kingdom
4288,14480.0,United Kingdom
4289,13349.0,United Kingdom
4290,15619.0,United Kingdom
4291,15148.0,United Kingdom
4292,14601.0,United Kingdom
4293,15783.0,United Kingdom
4294,17772.0,United Kingdom
4295,14126.0,United Kingdom
4296,16479.0,United Kingdom
4297,13428.0,United Kingdom
4298,15790.0,United Kingdom
4299,13521.0,United Kingdom
4300,14349.0,United Kingdom
4301,18058.0,United Kingdom
4302,12953.0,United Kingdom
4303,12966.0,United Kingdom
4304,15060.0,United Kingdom
4305,17911.0,United Kingdom
4306,14804.0,United Kingdom
4307,15904.0,United Kingdom
4308,16789.0,United Kingdom
4309,12558.0,USA
4310,17942.0,United Kingdom
4311,12587.0,Finland
4312,13560.0,United Kingdom
4313,15539.0,United Kingdom
4314,13017.0,United Kingdom
4315,18174.0,United Kingdom
4316,13153.0,United Kingdom
4317,15773.0,United Kingdom
4318,17936.0,United Kingdom
4319,16535.0,United Kingdom
4320,16988.0,United Kingdom
4321,15097.0,United Kingdom
4322,18015.0,United Kingdom
4323,16597.0,United Kingdom
4324,13790.0,United Kingdom
4325,14219.0,United Kingdom
4326,12367.0,Denmark
4327,17383.0,United Kingdom
4328,12478.0,Greece
4329,15992.0,United Kingdom
4330,15318.0,United Kingdom
4331,17914.0,United Kingdom
4332,16528.0,United Kingdom
4333,12442.0,Spain
4334,16569.0,United Kingdom
4335,12650.0,France
4336,14578.0,United Kingdom
4337,16000.0,United Kingdom
4338,15195.0,United Kingdom
4339,14087.0,United Kingdom
4340,14204.0,United Kingdom
4341,15471.0,United Kingdom
4342,13436.0,United Kingdom
4343,15520.0,United Kingdom
4344,13298.0,United Kingdom
4345,14569.0,United Kingdom
4346,12713.0,Germany
