date_id,InvoiceDate,Year,Month,Day,Hour
1,2010-12-01 08:26:00,2010,12,1,8
2,2010-12-01 08:28:00,2010,12,1,8
3,2010-12-01 08:34:00,2010,12,1,8
4,2010-12-01 08:35:00,2010,12,1,8
5,2010-12-01 08:45:00,2010,12,1,8
6,2010-12-01 09:00:00,2010,12,1,9
7,2010-12-01 09:01:00,2010,12,1,9
8,2010-12-01 09:02:00,2010,12,1,9
9,2010-12-01 09:09:00,2010,12,1,9
10,2010-12-01 09:32:00,2010,12,1,9
11,2010-12-01 09:34:00,2010,12,1,9
12,2010-12-01 09:37:00,2010,12,1,9
13,2010-12-01 09:41:00,2010,12,1,9
14,2010-12-01 09:45:00,2010,12,1,9
15,2010-12-01 09:53:00,2010,12,1,9
16,2010-12-01 09:56:00,2010,12,1,9
17,2010-12-01 09:57:00,2010,12,1,9
18,2010-12-01 09:58:00,2010,12,1,9
19,2010-12-01 09:59:00,2010,12,1,9
20,2010-12-01 10:03:00,2010,12,1,10
21,2010-12-01 10:19:00,2010,12,1,10
22,2010-12-01 10:29:00,2010,12,1,10
23,2010-12-01 10:37:00,2010,12,1,10
24,2010-12-01 10:39:00,2010,12,1,10
25,2010-12-01 10:47:00,2010,12,1,10
26,2010-12-01 10:51:00,2010,12,1,10
27,2010-12-01 10:52:00,2010,12,1,10
28,2010-12-01 10:53:00,2010,12,1,10
29,2010-12-01 11:21:00,2010,12,1,11
30,2010-12-01 11:22:00,2010,12,1,11
31,2010-12-01 11:27:00,2010,12,1,11
32,2010-12-01 11:29:00,2010,12,1,11
33,2010-12-01 11:32:00,2010,12,1,11
34,2010-12-01 11:33:00,2010,12,1,11
35,2010-12-01 11:34:00,2010,12,1,11
36,2010-12-01 11:41:00,2010,12,1,11
37,2010-12-01 11:45:00,2010,12,1,11
38,2010-12-01 11:49:00,2010,12,1,11
39,2010-12-01 11:57:00,2010,12,1,11
40,2010-12-01 11:58:00,2010,12,1,11
41,2010-12-01 12:03:00,2010,12,1,12
42,2010-12-01 12:08:00,2010,12,1,12
43,2010-12-01 12:12:00,2010,12,1,12
44,2010-12-01 12:15:00,2010,12,1,12
45,2010-12-01 12:22:00,2010,12,1,12
46,2010-12-01 12:23:00,2010,12,1,12
47,2010-12-01 12:27:00,2010,12,1,12
48,2010-12-01 12:31:00,2010,12,1,12
49,2010-12-01 12:35:00,2010,12,1,12
50,2010-12-01 12:36:00,2010,12,1,12
51,2010-12-01 12:38:00,2010,12,1,12
52,2010-12-01 12:40:00,2010,12,1,12
53,2010-12-01 12:43:00,2010,12,1,12
54,2010-12-01 12:48:00,2010,12,1,12
55,2010-12-01 12:49:00,2010,12,1,12
56,2010-12-01 12:50:00,2010,12,1,12
57,2010-12-01 12:51:00,2010,12,1,12
58,2010-12-01 12:54:00,2010,12,1,12
59,2010-12-01 12:58:00,2010,12,1,12
60,2010-12-01 13:04:00,2010,12,1,13
61,2010-12-01 13:17:00,2010,12,1,13
62,2010-12-01 13:20:00,2010,12,1,13
63,2010-12-01 13:21:00,2010,12,1,13
64,2010-12-01 13:23:00,2010,12,1,13
65,2010-12-01 13:24:00,2010,12,1,13
66,2010-12-01 13:31:00,2010,12,1,13
67,2010-12-01 13:33:00,2010,12,1,13
68,2010-12-01 13:38:00,2010,12,1,13
69,2010-12-01 13:45:00,2010,12,1,13
70,2010-12-01 13:51:00,2010,12,1,13
71,2010-12-01 13:54:00,2010,12,1,13
72,2010-12-01 14:03:00,2010,12,1,14
73,2010-12-01 14:05:00,2010,12,1,14
74,2010-12-01 14:11:00,2010,12,1,14
75,2010-12-01 14:34:00,2010,12,1,14
76,2010-12-01 14:38:00,2010,12,1,14
77,2010-12-01 14:41:00,2010,12,1,14
78,2010-12-01 14:54:00,2010,12,1,14
79,2010-12-01 15:00:00,2010,12,1,15
80,2010-12-01 15:06:00,2010,12,1,15
81,2010-12-01 15:08:00,2010,12,1,15
82,2010-12-01 15:21:00,2010,12,1,15
83,2010-12-01 15:27:00,2010,12,1,15
84,2010-12-01 15:28:00,2010,12,1,15
85,2010-12-01 15:35:00,2010,12,1,15
86,2010-12-01 15:37:00,2010,12,1,15
87,2010-12-01 15:40:00,2010,12,1,15
88,2010-12-01 15:45:00,2010,12,1,15
89,2010-12-01 15:46:00,2010,12,1,15
90,2010-12-01 16:01:00,2010,12,1,16
91,2010-12-01 16:11:00,2010,12,1,16
92,2010-12-01 16:13:00,2010,12,1,16
93,2010-12-01 16:15:00,2010,12,1,16
94,2010-12-01 16:16:00,2010,12,1,16
95,2010-12-01 16:17:00,2010,12,1,16
96,2010-12-01 16:19:00,2010,12,1,16
97,2010-12-01 16:21:00,2010,12,1,16
98,2010-12-01 16:22:00,2010,12,1,16
99,2010-12-01 16:24:00,2010,12,1,16
100,2010-12-01 16:25:00,2010,12,1,16
101,2010-12-01 16:33:00,2010,12,1,16
102,2010-12-01 16:49:00,2010,12,1,16
103,2010-12-01 16:52:00,2010,12,1,16
104,2010-12-01 16:57:00,2010,12,1,16
105,2010-12-01 16:58:00,2010,12,1,16
106,2010-12-01 17:15:00,2010,12,1,17
107,2010-12-01 17:22:00,2010,12,1,17
108,2010-12-01 17:24:00,2010,12,1,17
109,2010-12-01 17:35:00,2010,12,1,17
110,2010-12-02 07:48:00,2010,12,2,7
111,2010-12-02 07:49:00,2010,12,2,7
112,2010-12-02 08:32:00,2010,12,2,8
113,2010-12-02 08:33:00,2010,12,2,8
114,2010-12-02 08:34:00,2010,12,2,8
115,2010-12-02 08:40:00,2010,12,2,8
116,2010-12-02 08:43:00,2010,12,2,8
117,2010-12-02 08:52:00,2010,12,2,8
118,2010-12-02 09:29:00,2010,12,2,9
119,2010-12-02 09:37:00,2010,12,2,9
120,2010-12-02 09:41:00,2010,12,2,9
121,2010-12-02 09:42:00,2010,12,2,9
122,2010-12-02 09:43:00,2010,12,2,9
123,2010-12-02 09:44:00,2010,12,2,9
124,2010-12-02 10:09:00,2010,12,2,10
125,2010-12-02 10:10:00,2010,12,2,10
126,2010-12-02 10:17:00,2010,12,2,10
127,2010-12-02 10:18:00,2010,12,2,10
128,2010-12-02 10:27:00,2010,12,2,10
129,2010-12-02 10:35:00,2010,12,2,10
130,2010-12-02 10:39:00,2010,12,2,10
131,2010-12-02 10:45:00,2010,12,2,10
132,2010-12-02 10:46:00,2010,12,2,10
133,2010-12-02 10:53:00,2010,12,2,10
134,2010-12-02 10:54:00,2010,12,2,10
135,2010-12-02 10:55:00,2010,12,2,10
136,2010-12-02 10:56:00,2010,12,2,10
137,2010-12-02 10:58:00,2010,12,2,10
138,2010-12-02 11:02:00,2010,12,2,11
139,2010-12-02 11:20:00,2010,12,2,11
140,2010-12-02 11:21:00,2010,12,2,11
141,2010-12-02 11:22:00,2010,12,2,11
142,2010-12-02 11:23:00,2010,12,2,11
143,2010-12-02 11:35:00,2010,12,2,11
144,2010-12-02 11:41:00,2010,12,2,11
145,2010-12-02 11:45:00,2010,12,2,11
146,2010-12-02 11:46:00,2010,12,2,11
147,2010-12-02 11:57:00,2010,12,2,11
148,2010-12-02 12:07:00,2010,12,2,12
149,2010-12-02 12:09:00,2010,12,2,12
150,2010-12-02 12:10:00,2010,12,2,12
151,2010-12-02 12:11:00,2010,12,2,12
152,2010-12-02 12:16:00,2010,12,2,12
153,2010-12-02 12:18:00,2010,12,2,12
154,2010-12-02 12:22:00,2010,12,2,12
155,2010-12-02 12:23:00,2010,12,2,12
156,2010-12-02 12:24:00,2010,12,2,12
157,2010-12-02 12:25:00,2010,12,2,12
158,2010-12-02 12:26:00,2010,12,2,12
159,2010-12-02 12:28:00,2010,12,2,12
160,2010-12-02 12:33:00,2010,12,2,12
161,2010-12-02 12:47:00,2010,12,2,12
162,2010-12-02 12:50:00,2010,12,2,12
163,2010-12-02 12:58:00,2010,12,2,12
164,2010-12-02 12:59:00,2010,12,2,12
165,2010-12-02 13:06:00,2010,12,2,13
166,2010-12-02 13:08:00,2010,12,2,13
167,2010-12-02 13:11:00,2010,12,2,13
168,2010-12-02 13:14:00,2010,12,2,13
169,2010-12-02 13:32:00,2010,12,2,13
170,2010-12-02 13:36:00,2010,12,2,13
171,2010-12-02 13:38:00,2010,12,2,13
172,2010-12-02 13:39:00,2010,12,2,13
173,2010-12-02 13:44:00,2010,12,2,13
174,2010-12-02 13:45:00,2010,12,2,13
175,2010-12-02 13:49:00,2010,12,2,13
176,2010-12-02 14:04:00,2010,12,2,14
177,2010-12-02 14:05:00,2010,12,2,14
178,2010-12-02 14:06:00,2010,12,2,14
179,2010-12-02 14:07:00,2010,12,2,14
180,2010-12-02 14:09:00,2010,12,2,14
181,2010-12-02 14:26:00,2010,12,2,14
182,2010-12-02 14:30:00,2010,12,2,14
183,2010-12-02 14:40:00,2010,12,2,14
184,2010-12-02 14:42:00,2010,12,2,14
185,2010-12-02 14:47:00,2010,12,2,14
186,2010-12-02 14:49:00,2010,12,2,14
187,2010-12-02 15:00:00,2010,12,2,15
188,2010-12-02 15:03:00,2010,12,2,15
189,2010-12-02 15:08:00,2010,12,2,15
190,2010-12-02 15:14:00,2010,12,2,15
191,2010-12-02 15:18:00,2010,12,2,15
192,2010-12-02 15:19:00,2010,12,2,15
193,2010-12-02 15:20:00,2010,12,2,15
194,2010-12-02 15:22:00,2010,12,2,15
195,2010-12-02 15:23:00,2010,12,2,15
196,2010-12-02 15:24:00,2010,12,2,15
197,2010-12-02 15:25:00,2010,12,2,15
198,2010-12-02 15:26:00,2010,12,2,15
199,2010-12-02 15:27:00,2010,12,2,15
200,2010-12-02 15:28:00,2010,12,2,15
201,2010-12-02 15:39:00,2010,12,2,15
202,2010-12-02 15:40:00,2010,12,2,15
203,2010-12-02 15:46:00,2010,12,2,15
204,2010-12-02 15:49:00,2010,12,2,15
205,2010-12-02 15:55:00,2010,12,2,15
206,2010-12-02 16:00:00,2010,12,2,16
207,2010-12-02 16:12:00,2010,12,2,16
208,2010-12-02 16:29:00,2010,12,2,16
209,2010-12-02 16:33:00,2010,12,2,16
210,2010-12-02 16:34:00,2010,12,2,16
211,2010-12-02 16:38:00,2010,12,2,16
212,2010-12-02 16:42:00,2010,12,2,16
213,2010-12-02 16:46:00,2010,12,2,16
214,2010-12-02 16:48:00,2010,12,2,16
215,2010-12-02 16:50:00,2010,12,2,16
216,2010-12-02 16:51:00,2010,12,2,16
217,2010-12-02 16:59:00,2010,12,2,16
218,2010-12-02 17:12:00,2010,12,2,17
219,2010-12-02 17:17:00,2010,12,2,17
220,2010-12-02 17:22:00,2010,12,2,17
221,2010-12-02 17:24:00,2010,12,2,17
222,2010-12-02 17:38:00,2010,12,2,17
223,2010-12-02 17:40:00,2010,12,2,17
224,2010-12-02 17:41:00,2010,12,2,17
225,2010-12-02 17:48:00,2010,12,2,17
226,2010-12-02 17:51:00,2010,12,2,17
227,2010-12-02 18:06:00,2010,12,2,18
228,2010-12-02 18:08:00,2010,12,2,18
229,2010-12-02 18:15:00,2010,12,2,18
230,2010-12-02 18:23:00,2010,12,2,18
231,2010-12-02 18:25:00,2010,12,2,18
232,2010-12-02 18:27:00,2010,12,2,18
233,2010-12-02 18:45:00,2010,12,2,18
234,2010-12-02 18:46:00,2010,12,2,18
235,2010-12-02 18:49:00,2010,12,2,18
236,2010-12-02 19:18:00,2010,12,2,19
237,2010-12-02 19:59:00,2010,12,2,19
238,2010-12-03 09:31:00,2010,12,3,9
239,2010-12-03 09:39:00,2010,12,3,9
240,2010-12-03 09:45:00,2010,12,3,9
241,2010-12-03 09:49:00,2010,12,3,9
242,2010-12-03 09:51:00,2010,12,3,9
243,2010-12-03 10:26:00,2010,12,3,10
244,2010-12-03 10:33:00,2010,12,3,10
245,2010-12-03 10:36:00,2010,12,3,10
246,2010-12-03 10:43:00,2010,12,3,10
247,2010-12-03 10:44:00,2010,12,3,10
248,2010-12-03 11:19:00,2010,12,3,11
249,2010-12-03 11:35:00,2010,12,3,11
250,2010-12-03 11:42:00,2010,12,3,11
251,2010-12-03 11:48:00,2010,12,3,11
252,2010-12-03 12:05:00,2010,12,3,12
253,2010-12-03 12:11:00,2010,12,3,12
254,2010-12-03 12:20:00,2010,12,3,12
255,2010-12-03 12:24:00,2010,12,3,12
256,2010-12-03 12:28:00,2010,12,3,12
257,2010-12-03 12:29:00,2010,12,3,12
258,2010-12-03 12:41:00,2010,12,3,12
259,2010-12-03 12:43:00,2010,12,3,12
260,2010-12-03 12:48:00,2010,12,3,12
261,2010-12-03 12:57:00,2010,12,3,12
262,2010-12-03 13:09:00,2010,12,3,13
263,2010-12-03 13:10:00,2010,12,3,13
264,2010-12-03 13:12:00,2010,12,3,13
265,2010-12-03 13:40:00,2010,12,3,13
266,2010-12-03 13:42:00,2010,12,3,13
267,2010-12-03 13:43:00,2010,12,3,13
268,2010-12-03 13:59:00,2010,12,3,13
269,2010-12-03 14:04:00,2010,12,3,14
270,2010-12-03 14:18:00,2010,12,3,14
271,2010-12-03 14:26:00,2010,12,3,14
272,2010-12-03 14:30:00,2010,12,3,14
273,2010-12-03 14:35:00,2010,12,3,14
274,2010-12-03 14:40:00,2010,12,3,14
275,2010-12-03 14:54:00,2010,12,3,14
276,2010-12-03 15:05:00,2010,12,3,15
277,2010-12-03 15:10:00,2010,12,3,15
278,2010-12-03 15:14:00,2010,12,3,15
279,2010-12-03 15:16:00,2010,12,3,15
280,2010-12-03 15:19:00,2010,12,3,15
281,2010-12-03 15:25:00,2010,12,3,15
282,2010-12-03 15:45:00,2010,12,3,15
283,2010-12-03 16:02:00,2010,12,3,16
284,2010-12-03 16:35:00,2010,12,3,16
285,2010-12-03 16:44:00,2010,12,3,16
286,2010-12-03 16:45:00,2010,12,3,16
287,2010-12-03 17:20:00,2010,12,3,17
288,2010-12-03 17:21:00,2010,12,3,17
289,2010-12-03 17:28:00,2010,12,3,17
290,2010-12-05 10:03:00,2010,12,5,10
291,2010-12-05 10:12:00,2010,12,5,10
292,2010-12-05 10:27:00,2010,12,5,10
293,2010-12-05 10:36:00,2010,12,5,10
294,2010-12-05 10:45:00,2010,12,5,10
295,2010-12-05 10:52:00,2010,12,5,10
296,2010-12-05 10:54:00,2010,12,5,10
297,2010-12-05 10:58:00,2010,12,5,10
298,2010-12-05 11:02:00,2010,12,5,11
299,2010-12-05 11:03:00,2010,12,5,11
300,2010-12-05 11:04:00,2010,12,5,11
301,2010-12-05 11:10:00,2010,12,5,11
302,2010-12-05 11:12:00,2010,12,5,11
303,2010-12-05 11:15:00,2010,12,5,11
304,2010-12-05 11:38:00,2010,12,5,11
305,2010-12-05 11:40:00,2010,12,5,11
306,2010-12-05 11:45:00,2010,12,5,11
307,2010-12-05 11:49:00,2010,12,5,11
308,2010-12-05 11:51:00,2010,12,5,11
309,2010-12-05 11:54:00,2010,12,5,11
310,2010-12-05 11:57:00,2010,12,5,11
311,2010-12-05 11:59:00,2010,12,5,11
312,2010-12-05 12:00:00,2010,12,5,12
313,2010-12-05 12:01:00,2010,12,5,12
314,2010-12-05 12:02:00,2010,12,5,12
315,2010-12-05 12:08:00,2010,12,5,12
316,2010-12-05 12:09:00,2010,12,5,12
317,2010-12-05 12:13:00,2010,12,5,12
318,2010-12-05 12:15:00,2010,12,5,12
319,2010-12-05 12:23:00,2010,12,5,12
320,2010-12-05 12:26:00,2010,12,5,12
321,2010-12-05 12:29:00,2010,12,5,12
322,2010-12-05 12:34:00,2010,12,5,12
323,2010-12-05 12:35:00,2010,12,5,12
324,2010-12-05 12:42:00,2010,12,5,12
325,2010-12-05 12:43:00,2010,12,5,12
326,2010-12-05 12:44:00,2010,12,5,12
327,2010-12-05 12:47:00,2010,12,5,12
328,2010-12-05 12:53:00,2010,12,5,12
329,2010-12-05 12:57:00,2010,12,5,12
330,2010-12-05 13:00:00,2010,12,5,13
331,2010-12-05 13:03:00,2010,12,5,13
332,2010-12-05 13:05:00,2010,12,5,13
333,2010-12-05 13:08:00,2010,12,5,13
334,2010-12-05 13:10:00,2010,12,5,13
335,2010-12-05 13:17:00,2010,12,5,13
336,2010-12-05 13:18:00,2010,12,5,13
337,2010-12-05 13:21:00,2010,12,5,13
338,2010-12-05 13:26:00,2010,12,5,13
339,2010-12-05 13:29:00,2010,12,5,13
340,2010-12-05 13:42:00,2010,12,5,13
341,2010-12-05 13:49:00,2010,12,5,13
342,2010-12-05 13:53:00,2010,12,5,13
343,2010-12-05 13:55:00,2010,12,5,13
344,2010-12-05 14:02:00,2010,12,5,14
345,2010-12-05 14:03:00,2010,12,5,14
346,2010-12-05 14:06:00,2010,12,5,14
347,2010-12-05 14:17:00,2010,12,5,14
348,2010-12-05 14:19:00,2010,12,5,14
349,2010-12-05 14:25:00,2010,12,5,14
350,2010-12-05 14:45:00,2010,12,5,14
351,2010-12-05 14:52:00,2010,12,5,14
352,2010-12-05 15:02:00,2010,12,5,15
353,2010-12-05 15:06:00,2010,12,5,15
354,2010-12-05 15:12:00,2010,12,5,15
355,2010-12-05 15:15:00,2010,12,5,15
356,2010-12-05 15:18:00,2010,12,5,15
357,2010-12-05 15:21:00,2010,12,5,15
358,2010-12-05 15:26:00,2010,12,5,15
359,2010-12-05 15:35:00,2010,12,5,15
360,2010-12-05 15:38:00,2010,12,5,15
361,2010-12-05 15:40:00,2010,12,5,15
362,2010-12-05 15:46:00,2010,12,5,15
363,2010-12-05 15:47:00,2010,12,5,15
364,2010-12-05 15:54:00,2010,12,5,15
365,2010-12-05 16:00:00,2010,12,5,16
366,2010-12-05 16:10:00,2010,12,5,16
367,2010-12-05 16:24:00,2010,12,5,16
368,2010-12-05 16:41:00,2010,12,5,16
369,2010-12-06 08:34:00,2010,12,6,8
370,2010-12-06 08:42:00,2010,12,6,8
371,2010-12-06 08:43:00,2010,12,6,8
372,2010-12-06 08:44:00,2010,12,6,8
373,2010-12-06 09:21:00,2010,12,6,9
374,2010-12-06 09:37:00,2010,12,6,9
375,2010-12-06 09:45:00,2010,12,6,9
376,2010-12-06 09:52:00,2010,12,6,9
377,2010-12-06 10:03:00,2010,12,6,10
378,2010-12-06 10:05:00,2010,12,6,10
379,2010-12-06 10:18:00,2010,12,6,10
380,2010-12-06 10:19:00,2010,12,6,10
381,2010-12-06 10:20:00,2010,12,6,10
382,2010-12-06 10:24:00,2010,12,6,10
383,2010-12-06 10:27:00,2010,12,6,10
384,2010-12-06 10:34:00,2010,12,6,10
385,2010-12-06 10:36:00,2010,12,6,10
386,2010-12-06 10:38:00,2010,12,6,10
387,2010-12-06 10:43:00,2010,12,6,10
388,2010-12-06 11:01:00,2010,12,6,11
389,2010-12-06 11:03:00,2010,12,6,11
390,2010-12-06 11:06:00,2010,12,6,11
391,2010-12-06 11:10:00,2010,12,6,11
392,2010-12-06 11:16:00,2010,12,6,11
393,2010-12-06 11:26:00,2010,12,6,11
394,2010-12-06 11:37:00,2010,12,6,11
395,2010-12-06 11:38:00,2010,12,6,11
396,2010-12-06 11:42:00,2010,12,6,11
397,2010-12-06 11:58:00,2010,12,6,11
398,2010-12-06 12:06:00,2010,12,6,12
399,2010-12-06 12:15:00,2010,12,6,12
400,2010-12-06 12:21:00,2010,12,6,12
401,2010-12-06 12:23:00,2010,12,6,12
402,2010-12-06 12:30:00,2010,12,6,12
403,2010-12-06 12:31:00,2010,12,6,12
404,2010-12-06 12:34:00,2010,12,6,12
405,2010-12-06 12:38:00,2010,12,6,12
406,2010-12-06 12:39:00,2010,12,6,12
407,2010-12-06 12:40:00,2010,12,6,12
408,2010-12-06 12:41:00,2010,12,6,12
409,2010-12-06 12:44:00,2010,12,6,12
410,2010-12-06 12:47:00,2010,12,6,12
411,2010-12-06 12:52:00,2010,12,6,12
412,2010-12-06 12:55:00,2010,12,6,12
413,2010-12-06 12:59:00,2010,12,6,12
414,2010-12-06 13:01:00,2010,12,6,13
415,2010-12-06 13:06:00,2010,12,6,13
416,2010-12-06 13:12:00,2010,12,6,13
417,2010-12-06 13:13:00,2010,12,6,13
418,2010-12-06 13:21:00,2010,12,6,13
419,2010-12-06 13:22:00,2010,12,6,13
420,2010-12-06 13:32:00,2010,12,6,13
421,2010-12-06 13:34:00,2010,12,6,13
422,2010-12-06 13:35:00,2010,12,6,13
423,2010-12-06 13:41:00,2010,12,6,13
424,2010-12-06 13:47:00,2010,12,6,13
425,2010-12-06 13:53:00,2010,12,6,13
426,2010-12-06 13:58:00,2010,12,6,13
427,2010-12-06 13:59:00,2010,12,6,13
428,2010-12-06 14:00:00,2010,12,6,14
429,2010-12-06 14:05:00,2010,12,6,14
430,2010-12-06 14:08:00,2010,12,6,14
431,2010-12-06 14:19:00,2010,12,6,14
432,2010-12-06 14:31:00,2010,12,6,14
433,2010-12-06 14:36:00,2010,12,6,14
434,2010-12-06 14:43:00,2010,12,6,14
435,2010-12-06 14:46:00,2010,12,6,14
436,2010-12-06 14:51:00,2010,12,6,14
437,2010-12-06 14:55:00,2010,12,6,14
438,2010-12-06 15:00:00,2010,12,6,15
439,2010-12-06 15:03:00,2010,12,6,15
440,2010-12-06 15:06:00,2010,12,6,15
441,2010-12-06 15:09:00,2010,12,6,15
442,2010-12-06 15:13:00,2010,12,6,15
443,2010-12-06 15:14:00,2010,12,6,15
444,2010-12-06 15:18:00,2010,12,6,15
445,2010-12-06 15:25:00,2010,12,6,15
446,2010-12-06 15:27:00,2010,12,6,15
447,2010-12-06 15:34:00,2010,12,6,15
448,2010-12-06 15:35:00,2010,12,6,15
449,2010-12-06 15:38:00,2010,12,6,15
450,2010-12-06 15:54:00,2010,12,6,15
451,2010-12-06 16:36:00,2010,12,6,16
452,2010-12-06 16:58:00,2010,12,6,16
453,2010-12-06 17:16:00,2010,12,6,17
454,2010-12-06 17:26:00,2010,12,6,17
455,2010-12-07 09:13:00,2010,12,7,9
456,2010-12-07 09:21:00,2010,12,7,9
457,2010-12-07 09:23:00,2010,12,7,9
458,2010-12-07 09:43:00,2010,12,7,9
459,2010-12-07 09:51:00,2010,12,7,9
460,2010-12-07 09:55:00,2010,12,7,9
461,2010-12-07 09:57:00,2010,12,7,9
462,2010-12-07 10:04:00,2010,12,7,10
463,2010-12-07 10:06:00,2010,12,7,10
464,2010-12-07 10:08:00,2010,12,7,10
465,2010-12-07 10:14:00,2010,12,7,10
466,2010-12-07 10:32:00,2010,12,7,10
467,2010-12-07 10:36:00,2010,12,7,10
468,2010-12-07 10:43:00,2010,12,7,10
469,2010-12-07 10:47:00,2010,12,7,10
470,2010-12-07 10:51:00,2010,12,7,10
471,2010-12-07 11:11:00,2010,12,7,11
472,2010-12-07 11:26:00,2010,12,7,11
473,2010-12-07 11:30:00,2010,12,7,11
474,2010-12-07 11:33:00,2010,12,7,11
475,2010-12-07 11:41:00,2010,12,7,11
476,2010-12-07 11:45:00,2010,12,7,11
477,2010-12-07 11:49:00,2010,12,7,11
478,2010-12-07 11:59:00,2010,12,7,11
479,2010-12-07 12:18:00,2010,12,7,12
480,2010-12-07 12:21:00,2010,12,7,12
481,2010-12-07 12:28:00,2010,12,7,12
482,2010-12-07 12:29:00,2010,12,7,12
483,2010-12-07 12:37:00,2010,12,7,12
484,2010-12-07 12:43:00,2010,12,7,12
485,2010-12-07 12:49:00,2010,12,7,12
486,2010-12-07 13:01:00,2010,12,7,13
487,2010-12-07 13:13:00,2010,12,7,13
488,2010-12-07 13:16:00,2010,12,7,13
489,2010-12-07 13:18:00,2010,12,7,13
490,2010-12-07 13:20:00,2010,12,7,13
491,2010-12-07 13:22:00,2010,12,7,13
492,2010-12-07 13:28:00,2010,12,7,13
493,2010-12-07 13:29:00,2010,12,7,13
494,2010-12-07 13:30:00,2010,12,7,13
495,2010-12-07 13:45:00,2010,12,7,13
496,2010-12-07 13:50:00,2010,12,7,13
497,2010-12-07 13:53:00,2010,12,7,13
498,2010-12-07 14:00:00,2010,12,7,14
499,2010-12-07 14:30:00,2010,12,7,14
500,2010-12-07 14:31:00,2010,12,7,14
501,2010-12-07 14:41:00,2010,12,7,14
502,2010-12-07 14:57:00,2010,12,7,14
503,2010-12-07 14:58:00,2010,12,7,14
504,2010-12-07 15:02:00,2010,12,7,15
505,2010-12-07 15:03:00,2010,12,7,15
506,2010-12-07 15:04:00,2010,12,7,15
507,2010-12-07 15:15:00,2010,12,7,15
508,2010-12-07 15:18:00,2010,12,7,15
509,2010-12-07 15:20:00,2010,12,7,15
510,2010-12-07 15:39:00,2010,12,7,15
511,2010-12-07 15:48:00,2010,12,7,15
512,2010-12-07 15:54:00,2010,12,7,15
513,2010-12-07 16:20:00,2010,12,7,16
514,2010-12-07 16:42:00,2010,12,7,16
515,2010-12-07 16:43:00,2010,12,7,16
516,2010-12-07 17:05:00,2010,12,7,17
517,2010-12-07 17:19:00,2010,12,7,17
518,2010-12-08 08:12:00,2010,12,8,8
519,2010-12-08 08:43:00,2010,12,8,8
520,2010-12-08 08:58:00,2010,12,8,8
521,2010-12-08 09:07:00,2010,12,8,9
522,2010-12-08 09:20:00,2010,12,8,9
523,2010-12-08 09:30:00,2010,12,8,9
524,2010-12-08 09:49:00,2010,12,8,9
525,2010-12-08 09:51:00,2010,12,8,9
526,2010-12-08 09:53:00,2010,12,8,9
527,2010-12-08 09:56:00,2010,12,8,9
528,2010-12-08 10:11:00,2010,12,8,10
529,2010-12-08 10:13:00,2010,12,8,10
530,2010-12-08 10:14:00,2010,12,8,10
531,2010-12-08 10:21:00,2010,12,8,10
532,2010-12-08 10:35:00,2010,12,8,10
533,2010-12-08 10:36:00,2010,12,8,10
534,2010-12-08 10:38:00,2010,12,8,10
535,2010-12-08 10:39:00,2010,12,8,10
536,2010-12-08 10:40:00,2010,12,8,10
537,2010-12-08 10:45:00,2010,12,8,10
538,2010-12-08 10:46:00,2010,12,8,10
539,2010-12-08 10:51:00,2010,12,8,10
540,2010-12-08 10:53:00,2010,12,8,10
541,2010-12-08 11:02:00,2010,12,8,11
542,2010-12-08 11:04:00,2010,12,8,11
543,2010-12-08 11:16:00,2010,12,8,11
544,2010-12-08 11:31:00,2010,12,8,11
545,2010-12-08 11:38:00,2010,12,8,11
546,2010-12-08 11:41:00,2010,12,8,11
547,2010-12-08 11:42:00,2010,12,8,11
548,2010-12-08 11:43:00,2010,12,8,11
549,2010-12-08 12:01:00,2010,12,8,12
550,2010-12-08 12:06:00,2010,12,8,12
551,2010-12-08 12:08:00,2010,12,8,12
552,2010-12-08 12:09:00,2010,12,8,12
553,2010-12-08 12:11:00,2010,12,8,12
554,2010-12-08 12:17:00,2010,12,8,12
555,2010-12-08 12:24:00,2010,12,8,12
556,2010-12-08 12:29:00,2010,12,8,12
557,2010-12-08 12:35:00,2010,12,8,12
558,2010-12-08 12:36:00,2010,12,8,12
559,2010-12-08 12:40:00,2010,12,8,12
560,2010-12-08 12:41:00,2010,12,8,12
561,2010-12-08 12:45:00,2010,12,8,12
562,2010-12-08 12:46:00,2010,12,8,12
563,2010-12-08 12:49:00,2010,12,8,12
564,2010-12-08 12:51:00,2010,12,8,12
565,2010-12-08 12:56:00,2010,12,8,12
566,2010-12-08 12:57:00,2010,12,8,12
567,2010-12-08 13:01:00,2010,12,8,13
568,2010-12-08 13:03:00,2010,12,8,13
569,2010-12-08 13:07:00,2010,12,8,13
570,2010-12-08 13:08:00,2010,12,8,13
571,2010-12-08 13:11:00,2010,12,8,13
572,2010-12-08 13:14:00,2010,12,8,13
573,2010-12-08 13:17:00,2010,12,8,13
574,2010-12-08 13:21:00,2010,12,8,13
575,2010-12-08 13:23:00,2010,12,8,13
576,2010-12-08 13:28:00,2010,12,8,13
577,2010-12-08 13:30:00,2010,12,8,13
578,2010-12-08 13:38:00,2010,12,8,13
579,2010-12-08 13:49:00,2010,12,8,13
580,2010-12-08 13:51:00,2010,12,8,13
581,2010-12-08 13:53:00,2010,12,8,13
582,2010-12-08 13:55:00,2010,12,8,13
583,2010-12-08 14:22:00,2010,12,8,14
584,2010-12-08 14:36:00,2010,12,8,14
585,2010-12-08 14:38:00,2010,12,8,14
586,2010-12-08 14:43:00,2010,12,8,14
587,2010-12-08 14:46:00,2010,12,8,14
588,2010-12-08 14:50:00,2010,12,8,14
589,2010-12-08 14:53:00,2010,12,8,14
590,2010-12-08 14:58:00,2010,12,8,14
591,2010-12-08 14:59:00,2010,12,8,14
592,2010-12-08 15:03:00,2010,12,8,15
593,2010-12-08 15:10:00,2010,12,8,15
594,2010-12-08 15:12:00,2010,12,8,15
595,2010-12-08 15:16:00,2010,12,8,15
596,2010-12-08 15:17:00,2010,12,8,15
597,2010-12-08 15:23:00,2010,12,8,15
598,2010-12-08 15:25:00,2010,12,8,15
599,2010-12-08 15:33:00,2010,12,8,15
600,2010-12-08 15:35:00,2010,12,8,15
601,2010-12-08 15:38:00,2010,12,8,15
602,2010-12-08 15:39:00,2010,12,8,15
603,2010-12-08 15:56:00,2010,12,8,15
604,2010-12-08 15:58:00,2010,12,8,15
605,2010-12-08 15:59:00,2010,12,8,15
606,2010-12-08 16:11:00,2010,12,8,16
607,2010-12-08 16:18:00,2010,12,8,16
608,2010-12-08 16:21:00,2010,12,8,16
609,2010-12-08 16:29:00,2010,12,8,16
610,2010-12-08 16:34:00,2010,12,8,16
611,2010-12-08 16:45:00,2010,12,8,16
612,2010-12-08 16:48:00,2010,12,8,16
613,2010-12-08 16:49:00,2010,12,8,16
614,2010-12-08 17:20:00,2010,12,8,17
615,2010-12-09 08:34:00,2010,12,9,8
616,2010-12-09 09:14:00,2010,12,9,9
617,2010-12-09 09:23:00,2010,12,9,9
618,2010-12-09 09:25:00,2010,12,9,9
619,2010-12-09 09:27:00,2010,12,9,9
620,2010-12-09 09:30:00,2010,12,9,9
621,2010-12-09 09:34:00,2010,12,9,9
622,2010-12-09 09:49:00,2010,12,9,9
623,2010-12-09 10:00:00,2010,12,9,10
624,2010-12-09 10:04:00,2010,12,9,10
625,2010-12-09 10:05:00,2010,12,9,10
626,2010-12-09 10:13:00,2010,12,9,10
627,2010-12-09 10:16:00,2010,12,9,10
628,2010-12-09 10:30:00,2010,12,9,10
629,2010-12-09 10:33:00,2010,12,9,10
630,2010-12-09 10:37:00,2010,12,9,10
631,2010-12-09 10:42:00,2010,12,9,10
632,2010-12-09 10:44:00,2010,12,9,10
633,2010-12-09 10:45:00,2010,12,9,10
634,2010-12-09 10:48:00,2010,12,9,10
635,2010-12-09 10:55:00,2010,12,9,10
636,2010-12-09 11:28:00,2010,12,9,11
637,2010-12-09 11:30:00,2010,12,9,11
638,2010-12-09 11:31:00,2010,12,9,11
639,2010-12-09 11:35:00,2010,12,9,11
640,2010-12-09 11:39:00,2010,12,9,11
641,2010-12-09 11:44:00,2010,12,9,11
642,2010-12-09 11:48:00,2010,12,9,11
643,2010-12-09 12:05:00,2010,12,9,12
644,2010-12-09 12:12:00,2010,12,9,12
645,2010-12-09 12:13:00,2010,12,9,12
646,2010-12-09 12:16:00,2010,12,9,12
647,2010-12-09 12:17:00,2010,12,9,12
648,2010-12-09 12:20:00,2010,12,9,12
649,2010-12-09 12:24:00,2010,12,9,12
650,2010-12-09 12:32:00,2010,12,9,12
651,2010-12-09 12:37:00,2010,12,9,12
652,2010-12-09 12:49:00,2010,12,9,12
653,2010-12-09 12:59:00,2010,12,9,12
654,2010-12-09 13:03:00,2010,12,9,13
655,2010-12-09 13:05:00,2010,12,9,13
656,2010-12-09 13:08:00,2010,12,9,13
657,2010-12-09 13:14:00,2010,12,9,13
658,2010-12-09 13:21:00,2010,12,9,13
659,2010-12-09 13:22:00,2010,12,9,13
660,2010-12-09 13:24:00,2010,12,9,13
661,2010-12-09 13:34:00,2010,12,9,13
662,2010-12-09 13:38:00,2010,12,9,13
663,2010-12-09 13:44:00,2010,12,9,13
664,2010-12-09 13:47:00,2010,12,9,13
665,2010-12-09 13:57:00,2010,12,9,13
666,2010-12-09 13:59:00,2010,12,9,13
667,2010-12-09 14:05:00,2010,12,9,14
668,2010-12-09 14:08:00,2010,12,9,14
669,2010-12-09 14:10:00,2010,12,9,14
670,2010-12-09 14:15:00,2010,12,9,14
671,2010-12-09 14:19:00,2010,12,9,14
672,2010-12-09 14:25:00,2010,12,9,14
673,2010-12-09 14:27:00,2010,12,9,14
674,2010-12-09 14:28:00,2010,12,9,14
675,2010-12-09 14:44:00,2010,12,9,14
676,2010-12-09 14:49:00,2010,12,9,14
677,2010-12-09 14:50:00,2010,12,9,14
678,2010-12-09 14:55:00,2010,12,9,14
679,2010-12-09 14:56:00,2010,12,9,14
680,2010-12-09 15:01:00,2010,12,9,15
681,2010-12-09 15:16:00,2010,12,9,15
682,2010-12-09 15:20:00,2010,12,9,15
683,2010-12-09 15:21:00,2010,12,9,15
684,2010-12-09 15:23:00,2010,12,9,15
685,2010-12-09 15:29:00,2010,12,9,15
686,2010-12-09 15:32:00,2010,12,9,15
687,2010-12-09 15:33:00,2010,12,9,15
688,2010-12-09 15:35:00,2010,12,9,15
689,2010-12-09 15:46:00,2010,12,9,15
690,2010-12-09 15:50:00,2010,12,9,15
691,2010-12-09 16:08:00,2010,12,9,16
692,2010-12-09 16:10:00,2010,12,9,16
693,2010-12-09 16:11:00,2010,12,9,16
694,2010-12-09 16:28:00,2010,12,9,16
695,2010-12-09 16:52:00,2010,12,9,16
696,2010-12-09 16:53:00,2010,12,9,16
697,2010-12-09 16:57:00,2010,12,9,16
698,2010-12-09 17:27:00,2010,12,9,17
699,2010-12-09 17:34:00,2010,12,9,17
700,2010-12-09 18:09:00,2010,12,9,18
701,2010-12-09 18:58:00,2010,12,9,18
702,2010-12-09 19:23:00,2010,12,9,19
703,2010-12-09 19:28:00,2010,12,9,19
704,2010-12-09 19:32:00,2010,12,9,19
705,2010-12-09 20:01:00,2010,12,9,20
706,2010-12-10 09:33:00,2010,12,10,9
707,2010-12-10 09:35:00,2010,12,10,9
708,2010-12-10 09:48:00,2010,12,10,9
709,2010-12-10 09:51:00,2010,12,10,9
710,2010-12-10 09:52:00,2010,12,10,9
711,2010-12-10 09:53:00,2010,12,10,9
712,2010-12-10 10:08:00,2010,12,10,10
713,2010-12-10 10:18:00,2010,12,10,10
714,2010-12-10 10:21:00,2010,12,10,10
715,2010-12-10 10:22:00,2010,12,10,10
716,2010-12-10 10:26:00,2010,12,10,10
717,2010-12-10 10:27:00,2010,12,10,10
718,2010-12-10 10:47:00,2010,12,10,10
719,2010-12-10 10:49:00,2010,12,10,10
720,2010-12-10 10:50:00,2010,12,10,10
721,2010-12-10 10:51:00,2010,12,10,10
722,2010-12-10 10:52:00,2010,12,10,10
723,2010-12-10 10:56:00,2010,12,10,10
724,2010-12-10 11:01:00,2010,12,10,11
725,2010-12-10 11:02:00,2010,12,10,11
726,2010-12-10 11:11:00,2010,12,10,11
727,2010-12-10 11:12:00,2010,12,10,11
728,2010-12-10 11:19:00,2010,12,10,11
729,2010-12-10 11:21:00,2010,12,10,11
730,2010-12-10 11:23:00,2010,12,10,11
731,2010-12-10 11:24:00,2010,12,10,11
732,2010-12-10 11:31:00,2010,12,10,11
733,2010-12-10 11:33:00,2010,12,10,11
734,2010-12-10 11:39:00,2010,12,10,11
735,2010-12-10 11:42:00,2010,12,10,11
736,2010-12-10 11:44:00,2010,12,10,11
737,2010-12-10 11:47:00,2010,12,10,11
738,2010-12-10 11:51:00,2010,12,10,11
739,2010-12-10 12:00:00,2010,12,10,12
740,2010-12-10 12:14:00,2010,12,10,12
741,2010-12-10 12:20:00,2010,12,10,12
742,2010-12-10 12:29:00,2010,12,10,12
743,2010-12-10 12:33:00,2010,12,10,12
744,2010-12-10 12:42:00,2010,12,10,12
745,2010-12-10 12:44:00,2010,12,10,12
746,2010-12-10 12:45:00,2010,12,10,12
747,2010-12-10 12:48:00,2010,12,10,12
748,2010-12-10 12:50:00,2010,12,10,12
749,2010-12-10 12:56:00,2010,12,10,12
750,2010-12-10 12:58:00,2010,12,10,12
751,2010-12-10 13:06:00,2010,12,10,13
752,2010-12-10 13:24:00,2010,12,10,13
753,2010-12-10 13:27:00,2010,12,10,13
754,2010-12-10 13:29:00,2010,12,10,13
755,2010-12-10 13:32:00,2010,12,10,13
756,2010-12-10 13:44:00,2010,12,10,13
757,2010-12-10 13:48:00,2010,12,10,13
758,2010-12-10 13:50:00,2010,12,10,13
759,2010-12-10 13:58:00,2010,12,10,13
760,2010-12-10 14:04:00,2010,12,10,14
761,2010-12-10 14:29:00,2010,12,10,14
762,2010-12-10 14:45:00,2010,12,10,14
763,2010-12-10 14:53:00,2010,12,10,14
764,2010-12-10 14:54:00,2010,12,10,14
765,2010-12-10 15:21:00,2010,12,10,15
766,2010-12-10 15:31:00,2010,12,10,15
767,2010-12-10 15:45:00,2010,12,10,15
768,2010-12-10 15:49:00,2010,12,10,15
769,2010-12-10 15:56:00,2010,12,10,15
770,2010-12-10 16:36:00,2010,12,10,16
771,2010-12-10 17:14:00,2010,12,10,17
772,2010-12-10 17:26:00,2010,12,10,17
773,2010-12-12 10:11:00,2010,12,12,10
774,2010-12-12 10:47:00,2010,12,12,10
775,2010-12-12 10:48:00,2010,12,12,10
776,2010-12-12 10:57:00,2010,12,12,10
777,2010-12-12 11:06:00,2010,12,12,11
778,2010-12-12 11:07:00,2010,12,12,11
779,2010-12-12 11:17:00,2010,12,12,11
780,2010-12-12 11:26:00,2010,12,12,11
781,2010-12-12 11:37:00,2010,12,12,11
782,2010-12-12 11:44:00,2010,12,12,11
783,2010-12-12 11:46:00,2010,12,12,11
784,2010-12-12 11:49:00,2010,12,12,11
785,2010-12-12 11:54:00,2010,12,12,11
786,2010-12-12 12:00:00,2010,12,12,12
787,2010-12-12 12:01:00,2010,12,12,12
788,2010-12-12 12:03:00,2010,12,12,12
789,2010-12-12 12:08:00,2010,12,12,12
790,2010-12-12 12:18:00,2010,12,12,12
791,2010-12-12 12:24:00,2010,12,12,12
792,2010-12-12 12:26:00,2010,12,12,12
793,2010-12-12 12:34:00,2010,12,12,12
794,2010-12-12 12:35:00,2010,12,12,12
795,2010-12-12 12:41:00,2010,12,12,12
796,2010-12-12 12:44:00,2010,12,12,12
797,2010-12-12 12:46:00,2010,12,12,12
798,2010-12-12 12:51:00,2010,12,12,12
799,2010-12-12 12:56:00,2010,12,12,12
800,2010-12-12 13:01:00,2010,12,12,13
801,2010-12-12 13:26:00,2010,12,12,13
802,2010-12-12 13:32:00,2010,12,12,13
803,2010-12-12 13:37:00,2010,12,12,13
804,2010-12-12 13:47:00,2010,12,12,13
805,2010-12-12 13:56:00,2010,12,12,13
806,2010-12-12 14:03:00,2010,12,12,14
807,2010-12-12 14:21:00,2010,12,12,14
808,2010-12-12 14:27:00,2010,12,12,14
809,2010-12-12 14:43:00,2010,12,12,14
810,2010-12-12 14:49:00,2010,12,12,14
811,2010-12-12 16:05:00,2010,12,12,16
812,2010-12-12 16:14:00,2010,12,12,16
813,2010-12-12 16:20:00,2010,12,12,16
814,2010-12-13 09:02:00,2010,12,13,9
815,2010-12-13 09:09:00,2010,12,13,9
816,2010-12-13 09:29:00,2010,12,13,9
817,2010-12-13 09:39:00,2010,12,13,9
818,2010-12-13 09:49:00,2010,12,13,9
819,2010-12-13 09:52:00,2010,12,13,9
820,2010-12-13 09:57:00,2010,12,13,9
821,2010-12-13 10:24:00,2010,12,13,10
822,2010-12-13 10:31:00,2010,12,13,10
823,2010-12-13 10:36:00,2010,12,13,10
824,2010-12-13 10:39:00,2010,12,13,10
825,2010-12-13 10:41:00,2010,12,13,10
826,2010-12-13 10:46:00,2010,12,13,10
827,2010-12-13 10:52:00,2010,12,13,10
828,2010-12-13 10:58:00,2010,12,13,10
829,2010-12-13 11:11:00,2010,12,13,11
830,2010-12-13 11:23:00,2010,12,13,11
831,2010-12-13 11:29:00,2010,12,13,11
832,2010-12-13 11:44:00,2010,12,13,11
833,2010-12-13 11:47:00,2010,12,13,11
834,2010-12-13 11:51:00,2010,12,13,11
835,2010-12-13 11:57:00,2010,12,13,11
836,2010-12-13 12:10:00,2010,12,13,12
837,2010-12-13 12:26:00,2010,12,13,12
838,2010-12-13 12:50:00,2010,12,13,12
839,2010-12-13 12:57:00,2010,12,13,12
840,2010-12-13 13:10:00,2010,12,13,13
841,2010-12-13 13:25:00,2010,12,13,13
842,2010-12-13 13:27:00,2010,12,13,13
843,2010-12-13 13:28:00,2010,12,13,13
844,2010-12-13 13:32:00,2010,12,13,13
845,2010-12-13 13:50:00,2010,12,13,13
846,2010-12-13 13:52:00,2010,12,13,13
847,2010-12-13 14:16:00,2010,12,13,14
848,2010-12-13 14:24:00,2010,12,13,14
849,2010-12-13 14:32:00,2010,12,13,14
850,2010-12-13 14:36:00,2010,12,13,14
851,2010-12-13 14:39:00,2010,12,13,14
852,2010-12-13 14:52:00,2010,12,13,14
853,2010-12-13 14:55:00,2010,12,13,14
854,2010-12-13 14:56:00,2010,12,13,14
855,2010-12-13 15:07:00,2010,12,13,15
856,2010-12-13 15:12:00,2010,12,13,15
857,2010-12-13 15:13:00,2010,12,13,15
858,2010-12-13 15:16:00,2010,12,13,15
859,2010-12-13 15:20:00,2010,12,13,15
860,2010-12-13 15:26:00,2010,12,13,15
861,2010-12-13 15:34:00,2010,12,13,15
862,2010-12-13 15:36:00,2010,12,13,15
863,2010-12-13 15:37:00,2010,12,13,15
864,2010-12-13 15:42:00,2010,12,13,15
865,2010-12-13 15:44:00,2010,12,13,15
866,2010-12-13 15:45:00,2010,12,13,15
867,2010-12-13 15:46:00,2010,12,13,15
868,2010-12-13 15:56:00,2010,12,13,15
869,2010-12-13 16:01:00,2010,12,13,16
870,2010-12-13 16:17:00,2010,12,13,16
871,2010-12-13 16:18:00,2010,12,13,16
872,2010-12-13 16:38:00,2010,12,13,16
873,2010-12-13 17:03:00,2010,12,13,17
874,2010-12-13 17:40:00,2010,12,13,17
875,2010-12-14 09:39:00,2010,12,14,9
876,2010-12-14 09:50:00,2010,12,14,9
877,2010-12-14 09:52:00,2010,12,14,9
878,2010-12-14 10:18:00,2010,12,14,10
879,2010-12-14 10:34:00,2010,12,14,10
880,2010-12-14 10:38:00,2010,12,14,10
881,2010-12-14 10:43:00,2010,12,14,10
882,2010-12-14 10:46:00,2010,12,14,10
883,2010-12-14 10:48:00,2010,12,14,10
884,2010-12-14 11:01:00,2010,12,14,11
885,2010-12-14 11:03:00,2010,12,14,11
886,2010-12-14 11:04:00,2010,12,14,11
887,2010-12-14 11:10:00,2010,12,14,11
888,2010-12-14 11:11:00,2010,12,14,11
889,2010-12-14 11:12:00,2010,12,14,11
890,2010-12-14 11:26:00,2010,12,14,11
891,2010-12-14 11:29:00,2010,12,14,11
892,2010-12-14 11:38:00,2010,12,14,11
893,2010-12-14 11:39:00,2010,12,14,11
894,2010-12-14 11:42:00,2010,12,14,11
895,2010-12-14 11:43:00,2010,12,14,11
896,2010-12-14 11:44:00,2010,12,14,11
897,2010-12-14 11:48:00,2010,12,14,11
898,2010-12-14 11:51:00,2010,12,14,11
899,2010-12-14 12:06:00,2010,12,14,12
900,2010-12-14 12:11:00,2010,12,14,12
901,2010-12-14 12:17:00,2010,12,14,12
902,2010-12-14 12:18:00,2010,12,14,12
903,2010-12-14 12:22:00,2010,12,14,12
904,2010-12-14 12:25:00,2010,12,14,12
905,2010-12-14 12:30:00,2010,12,14,12
906,2010-12-14 12:35:00,2010,12,14,12
907,2010-12-14 12:38:00,2010,12,14,12
908,2010-12-14 12:58:00,2010,12,14,12
909,2010-12-14 12:59:00,2010,12,14,12
910,2010-12-14 13:00:00,2010,12,14,13
911,2010-12-14 13:01:00,2010,12,14,13
912,2010-12-14 13:02:00,2010,12,14,13
913,2010-12-14 13:03:00,2010,12,14,13
914,2010-12-14 13:09:00,2010,12,14,13
915,2010-12-14 13:10:00,2010,12,14,13
916,2010-12-14 13:11:00,2010,12,14,13
917,2010-12-14 13:18:00,2010,12,14,13
918,2010-12-14 13:19:00,2010,12,14,13
919,2010-12-14 13:22:00,2010,12,14,13
920,2010-12-14 13:28:00,2010,12,14,13
921,2010-12-14 13:31:00,2010,12,14,13
922,2010-12-14 13:32:00,2010,12,14,13
923,2010-12-14 13:33:00,2010,12,14,13
924,2010-12-14 13:35:00,2010,12,14,13
925,2010-12-14 13:44:00,2010,12,14,13
926,2010-12-14 13:50:00,2010,12,14,13
927,2010-12-14 13:51:00,2010,12,14,13
928,2010-12-14 13:58:00,2010,12,14,13
929,2010-12-14 13:59:00,2010,12,14,13
930,2010-12-14 14:02:00,2010,12,14,14
931,2010-12-14 14:11:00,2010,12,14,14
932,2010-12-14 14:15:00,2010,12,14,14
933,2010-12-14 14:26:00,2010,12,14,14
934,2010-12-14 14:37:00,2010,12,14,14
935,2010-12-14 14:40:00,2010,12,14,14
936,2010-12-14 14:42:00,2010,12,14,14
937,2010-12-14 14:50:00,2010,12,14,14
938,2010-12-14 14:54:00,2010,12,14,14
939,2010-12-14 15:02:00,2010,12,14,15
940,2010-12-14 15:13:00,2010,12,14,15
941,2010-12-14 15:18:00,2010,12,14,15
942,2010-12-14 15:43:00,2010,12,14,15
943,2010-12-14 15:50:00,2010,12,14,15
944,2010-12-14 16:07:00,2010,12,14,16
945,2010-12-14 16:23:00,2010,12,14,16
946,2010-12-14 16:39:00,2010,12,14,16
947,2010-12-14 16:53:00,2010,12,14,16
948,2010-12-14 17:22:00,2010,12,14,17
949,2010-12-15 09:07:00,2010,12,15,9
950,2010-12-15 09:09:00,2010,12,15,9
951,2010-12-15 09:49:00,2010,12,15,9
952,2010-12-15 09:51:00,2010,12,15,9
953,2010-12-15 09:58:00,2010,12,15,9
954,2010-12-15 10:04:00,2010,12,15,10
955,2010-12-15 10:17:00,2010,12,15,10
956,2010-12-15 10:31:00,2010,12,15,10
957,2010-12-15 10:40:00,2010,12,15,10
958,2010-12-15 10:41:00,2010,12,15,10
959,2010-12-15 10:48:00,2010,12,15,10
960,2010-12-15 10:54:00,2010,12,15,10
961,2010-12-15 10:57:00,2010,12,15,10
962,2010-12-15 11:08:00,2010,12,15,11
963,2010-12-15 11:14:00,2010,12,15,11
964,2010-12-15 11:15:00,2010,12,15,11
965,2010-12-15 11:21:00,2010,12,15,11
966,2010-12-15 11:22:00,2010,12,15,11
967,2010-12-15 11:26:00,2010,12,15,11
968,2010-12-15 11:32:00,2010,12,15,11
969,2010-12-15 11:34:00,2010,12,15,11
970,2010-12-15 11:53:00,2010,12,15,11
971,2010-12-15 11:56:00,2010,12,15,11
972,2010-12-15 12:01:00,2010,12,15,12
973,2010-12-15 12:05:00,2010,12,15,12
974,2010-12-15 12:06:00,2010,12,15,12
975,2010-12-15 12:08:00,2010,12,15,12
976,2010-12-15 12:09:00,2010,12,15,12
977,2010-12-15 12:27:00,2010,12,15,12
978,2010-12-15 12:29:00,2010,12,15,12
979,2010-12-15 12:30:00,2010,12,15,12
980,2010-12-15 12:43:00,2010,12,15,12
981,2010-12-15 12:47:00,2010,12,15,12
982,2010-12-15 12:54:00,2010,12,15,12
983,2010-12-15 13:00:00,2010,12,15,13
984,2010-12-15 13:21:00,2010,12,15,13
985,2010-12-15 13:24:00,2010,12,15,13
986,2010-12-15 13:25:00,2010,12,15,13
987,2010-12-15 13:26:00,2010,12,15,13
988,2010-12-15 13:37:00,2010,12,15,13
989,2010-12-15 13:38:00,2010,12,15,13
990,2010-12-15 13:49:00,2010,12,15,13
991,2010-12-15 13:50:00,2010,12,15,13
992,2010-12-15 14:00:00,2010,12,15,14
993,2010-12-15 14:12:00,2010,12,15,14
994,2010-12-15 14:25:00,2010,12,15,14
995,2010-12-15 14:26:00,2010,12,15,14
996,2010-12-15 14:29:00,2010,12,15,14
997,2010-12-15 14:35:00,2010,12,15,14
998,2010-12-15 14:45:00,2010,12,15,14
999,2010-12-15 15:00:00,2010,12,15,15
1000,2010-12-15 15:14:00,2010,12,15,15
1001,2010-12-15 15:34:00,2010,12,15,15
1002,2010-12-15 15:37:00,2010,12,15,15
1003,2010-12-15 15:45:00,2010,12,15,15
1004,2010-12-15 15:47:00,2010,12,15,15
1005,2010-12-15 15:50:00,2010,12,15,15
1006,2010-12-15 16:03:00,2010,12,15,16
1007,2010-12-15 16:19:00,2010,12,15,16
1008,2010-12-15 16:21:00,2010,12,15,16
1009,2010-12-15 16:24:00,2010,12,15,16
1010,2010-12-15 16:26:00,2010,12,15,16
1011,2010-12-15 16:32:00,2010,12,15,16
1012,2010-12-15 16:38:00,2010,12,15,16
1013,2010-12-15 16:50:00,2010,12,15,16
1014,2010-12-15 17:28:00,2010,12,15,17
1015,2010-12-16 08:03:00,2010,12,16,8
1016,2010-12-16 08:05:00,2010,12,16,8
1017,2010-12-16 08:10:00,2010,12,16,8
1018,2010-12-16 08:39:00,2010,12,16,8
1019,2010-12-16 08:41:00,2010,12,16,8
1020,2010-12-16 09:22:00,2010,12,16,9
1021,2010-12-16 09:23:00,2010,12,16,9
1022,2010-12-16 09:31:00,2010,12,16,9
1023,2010-12-16 09:35:00,2010,12,16,9
1024,2010-12-16 09:44:00,2010,12,16,9
1025,2010-12-16 09:45:00,2010,12,16,9
1026,2010-12-16 09:46:00,2010,12,16,9
1027,2010-12-16 09:52:00,2010,12,16,9
1028,2010-12-16 10:08:00,2010,12,16,10
1029,2010-12-16 10:10:00,2010,12,16,10
1030,2010-12-16 10:12:00,2010,12,16,10
1031,2010-12-16 10:18:00,2010,12,16,10
1032,2010-12-16 10:19:00,2010,12,16,10
1033,2010-12-16 10:28:00,2010,12,16,10
1034,2010-12-16 10:30:00,2010,12,16,10
1035,2010-12-16 10:35:00,2010,12,16,10
1036,2010-12-16 10:37:00,2010,12,16,10
1037,2010-12-16 10:38:00,2010,12,16,10
1038,2010-12-16 10:43:00,2010,12,16,10
1039,2010-12-16 10:51:00,2010,12,16,10
1040,2010-12-16 10:52:00,2010,12,16,10
1041,2010-12-16 11:03:00,2010,12,16,11
1042,2010-12-16 11:07:00,2010,12,16,11
1043,2010-12-16 11:11:00,2010,12,16,11
1044,2010-12-16 11:15:00,2010,12,16,11
1045,2010-12-16 11:24:00,2010,12,16,11
1046,2010-12-16 11:27:00,2010,12,16,11
1047,2010-12-16 11:35:00,2010,12,16,11
1048,2010-12-16 11:36:00,2010,12,16,11
1049,2010-12-16 11:43:00,2010,12,16,11
1050,2010-12-16 11:51:00,2010,12,16,11
1051,2010-12-16 11:53:00,2010,12,16,11
1052,2010-12-16 12:09:00,2010,12,16,12
1053,2010-12-16 12:11:00,2010,12,16,12
1054,2010-12-16 12:15:00,2010,12,16,12
1055,2010-12-16 12:20:00,2010,12,16,12
1056,2010-12-16 12:23:00,2010,12,16,12
1057,2010-12-16 12:31:00,2010,12,16,12
1058,2010-12-16 12:42:00,2010,12,16,12
1059,2010-12-16 12:46:00,2010,12,16,12
1060,2010-12-16 12:48:00,2010,12,16,12
1061,2010-12-16 12:55:00,2010,12,16,12
1062,2010-12-16 13:00:00,2010,12,16,13
1063,2010-12-16 13:02:00,2010,12,16,13
1064,2010-12-16 13:05:00,2010,12,16,13
1065,2010-12-16 13:15:00,2010,12,16,13
1066,2010-12-16 13:21:00,2010,12,16,13
1067,2010-12-16 13:33:00,2010,12,16,13
1068,2010-12-16 13:43:00,2010,12,16,13
1069,2010-12-16 13:44:00,2010,12,16,13
1070,2010-12-16 14:17:00,2010,12,16,14
1071,2010-12-16 14:25:00,2010,12,16,14
1072,2010-12-16 14:26:00,2010,12,16,14
1073,2010-12-16 14:27:00,2010,12,16,14
1074,2010-12-16 14:29:00,2010,12,16,14
1075,2010-12-16 14:32:00,2010,12,16,14
1076,2010-12-16 14:34:00,2010,12,16,14
1077,2010-12-16 14:35:00,2010,12,16,14
1078,2010-12-16 14:36:00,2010,12,16,14
1079,2010-12-16 15:02:00,2010,12,16,15
1080,2010-12-16 15:07:00,2010,12,16,15
1081,2010-12-16 15:23:00,2010,12,16,15
1082,2010-12-16 15:24:00,2010,12,16,15
1083,2010-12-16 15:27:00,2010,12,16,15
1084,2010-12-16 15:29:00,2010,12,16,15
1085,2010-12-16 15:34:00,2010,12,16,15
1086,2010-12-16 15:40:00,2010,12,16,15
1087,2010-12-16 15:45:00,2010,12,16,15
1088,2010-12-16 15:47:00,2010,12,16,15
1089,2010-12-16 15:59:00,2010,12,16,15
1090,2010-12-16 16:05:00,2010,12,16,16
1091,2010-12-16 16:28:00,2010,12,16,16
1092,2010-12-16 16:36:00,2010,12,16,16
1093,2010-12-16 16:42:00,2010,12,16,16
1094,2010-12-16 16:45:00,2010,12,16,16
1095,2010-12-16 16:54:00,2010,12,16,16
1096,2010-12-16 17:01:00,2010,12,16,17
1097,2010-12-16 17:20:00,2010,12,16,17
1098,2010-12-16 17:29:00,2010,12,16,17
1099,2010-12-16 17:30:00,2010,12,16,17
1100,2010-12-16 17:34:00,2010,12,16,17
1101,2010-12-16 17:36:00,2010,12,16,17
1102,2010-12-16 17:37:00,2010,12,16,17
1103,2010-12-16 17:38:00,2010,12,16,17
1104,2010-12-16 17:43:00,2010,12,16,17
1105,2010-12-16 17:48:00,2010,12,16,17
1106,2010-12-16 17:49:00,2010,12,16,17
1107,2010-12-16 17:51:00,2010,12,16,17
1108,2010-12-16 17:53:00,2010,12,16,17
1109,2010-12-16 18:01:00,2010,12,16,18
1110,2010-12-16 18:18:00,2010,12,16,18
1111,2010-12-16 18:20:00,2010,12,16,18
1112,2010-12-16 18:23:00,2010,12,16,18
1113,2010-12-16 18:38:00,2010,12,16,18
1114,2010-12-16 19:04:00,2010,12,16,19
1115,2010-12-16 19:09:00,2010,12,16,19
1116,2010-12-16 19:10:00,2010,12,16,19
1117,2010-12-16 19:16:00,2010,12,16,19
1118,2010-12-16 19:19:00,2010,12,16,19
1119,2010-12-16 19:22:00,2010,12,16,19
1120,2010-12-16 19:51:00,2010,12,16,19
1121,2010-12-17 08:20:00,2010,12,17,8
1122,2010-12-17 09:22:00,2010,12,17,9
1123,2010-12-17 09:24:00,2010,12,17,9
1124,2010-12-17 09:37:00,2010,12,17,9
1125,2010-12-17 09:38:00,2010,12,17,9
1126,2010-12-17 09:39:00,2010,12,17,9
1127,2010-12-17 09:45:00,2010,12,17,9
1128,2010-12-17 09:52:00,2010,12,17,9
1129,2010-12-17 10:12:00,2010,12,17,10
1130,2010-12-17 10:32:00,2010,12,17,10
1131,2010-12-17 10:34:00,2010,12,17,10
1132,2010-12-17 10:54:00,2010,12,17,10
1133,2010-12-17 11:23:00,2010,12,17,11
1134,2010-12-17 11:30:00,2010,12,17,11
1135,2010-12-17 11:40:00,2010,12,17,11
1136,2010-12-17 11:43:00,2010,12,17,11
1137,2010-12-17 11:51:00,2010,12,17,11
1138,2010-12-17 11:52:00,2010,12,17,11
1139,2010-12-17 11:53:00,2010,12,17,11
1140,2010-12-17 12:00:00,2010,12,17,12
1141,2010-12-17 12:02:00,2010,12,17,12
1142,2010-12-17 12:21:00,2010,12,17,12
1143,2010-12-17 12:24:00,2010,12,17,12
1144,2010-12-17 12:38:00,2010,12,17,12
1145,2010-12-17 12:43:00,2010,12,17,12
1146,2010-12-17 12:56:00,2010,12,17,12
1147,2010-12-17 13:17:00,2010,12,17,13
1148,2010-12-17 13:29:00,2010,12,17,13
1149,2010-12-17 13:45:00,2010,12,17,13
1150,2010-12-17 13:49:00,2010,12,17,13
1151,2010-12-17 13:56:00,2010,12,17,13
1152,2010-12-17 13:57:00,2010,12,17,13
1153,2010-12-17 13:58:00,2010,12,17,13
1154,2010-12-17 14:10:00,2010,12,17,14
1155,2010-12-17 14:15:00,2010,12,17,14
1156,2010-12-17 14:21:00,2010,12,17,14
1157,2010-12-17 14:23:00,2010,12,17,14
1158,2010-12-17 14:24:00,2010,12,17,14
1159,2010-12-17 14:46:00,2010,12,17,14
1160,2010-12-17 15:14:00,2010,12,17,15
1161,2010-12-17 15:15:00,2010,12,17,15
1162,2010-12-17 15:39:00,2010,12,17,15
1163,2010-12-17 15:52:00,2010,12,17,15
1164,2010-12-17 15:57:00,2010,12,17,15
1165,2010-12-17 15:58:00,2010,12,17,15
1166,2010-12-17 16:00:00,2010,12,17,16
1167,2010-12-17 16:53:00,2010,12,17,16
1168,2010-12-17 17:06:00,2010,12,17,17
1169,2010-12-17 17:12:00,2010,12,17,17
1170,2010-12-17 17:17:00,2010,12,17,17
1171,2010-12-17 17:23:00,2010,12,17,17
1172,2010-12-17 17:33:00,2010,12,17,17
1173,2010-12-17 18:07:00,2010,12,17,18
1174,2010-12-19 10:21:00,2010,12,19,10
1175,2010-12-19 11:19:00,2010,12,19,11
1176,2010-12-19 11:35:00,2010,12,19,11
1177,2010-12-19 11:38:00,2010,12,19,11
1178,2010-12-19 12:46:00,2010,12,19,12
1179,2010-12-19 13:31:00,2010,12,19,13
1180,2010-12-19 13:59:00,2010,12,19,13
1181,2010-12-19 14:03:00,2010,12,19,14
1182,2010-12-19 14:16:00,2010,12,19,14
1183,2010-12-19 14:23:00,2010,12,19,14
1184,2010-12-19 14:24:00,2010,12,19,14
1185,2010-12-19 14:27:00,2010,12,19,14
1186,2010-12-19 14:41:00,2010,12,19,14
1187,2010-12-19 14:58:00,2010,12,19,14
1188,2010-12-19 15:07:00,2010,12,19,15
1189,2010-12-19 15:31:00,2010,12,19,15
1190,2010-12-19 15:44:00,2010,12,19,15
1191,2010-12-20 09:22:00,2010,12,20,9
1192,2010-12-20 09:37:00,2010,12,20,9
1193,2010-12-20 09:41:00,2010,12,20,9
1194,2010-12-20 10:00:00,2010,12,20,10
1195,2010-12-20 10:09:00,2010,12,20,10
1196,2010-12-20 10:38:00,2010,12,20,10
1197,2010-12-20 10:41:00,2010,12,20,10
1198,2010-12-20 10:48:00,2010,12,20,10
1199,2010-12-20 11:08:00,2010,12,20,11
1200,2010-12-20 11:14:00,2010,12,20,11
1201,2010-12-20 11:38:00,2010,12,20,11
1202,2010-12-20 11:41:00,2010,12,20,11
1203,2010-12-20 11:45:00,2010,12,20,11
1204,2010-12-20 11:58:00,2010,12,20,11
1205,2010-12-20 12:05:00,2010,12,20,12
1206,2010-12-20 12:06:00,2010,12,20,12
1207,2010-12-20 12:14:00,2010,12,20,12
1208,2010-12-20 12:45:00,2010,12,20,12
1209,2010-12-20 12:51:00,2010,12,20,12
1210,2010-12-20 13:08:00,2010,12,20,13
1211,2010-12-20 13:10:00,2010,12,20,13
1212,2010-12-20 13:11:00,2010,12,20,13
1213,2010-12-20 13:21:00,2010,12,20,13
1214,2010-12-20 13:24:00,2010,12,20,13
1215,2010-12-20 13:27:00,2010,12,20,13
1216,2010-12-20 13:31:00,2010,12,20,13
1217,2010-12-20 13:52:00,2010,12,20,13
1218,2010-12-20 14:06:00,2010,12,20,14
1219,2010-12-20 14:10:00,2010,12,20,14
1220,2010-12-20 14:15:00,2010,12,20,14
1221,2010-12-20 14:33:00,2010,12,20,14
1222,2010-12-20 14:49:00,2010,12,20,14
1223,2010-12-20 14:51:00,2010,12,20,14
1224,2010-12-20 14:59:00,2010,12,20,14
1225,2010-12-20 15:09:00,2010,12,20,15
1226,2010-12-20 15:12:00,2010,12,20,15
1227,2010-12-20 15:14:00,2010,12,20,15
1228,2010-12-20 15:15:00,2010,12,20,15
1229,2010-12-20 15:22:00,2010,12,20,15
1230,2010-12-20 15:26:00,2010,12,20,15
1231,2010-12-20 15:30:00,2010,12,20,15
1232,2010-12-20 15:35:00,2010,12,20,15
1233,2010-12-20 16:03:00,2010,12,20,16
1234,2010-12-20 16:04:00,2010,12,20,16
1235,2010-12-20 16:08:00,2010,12,20,16
1236,2010-12-20 16:50:00,2010,12,20,16
1237,2010-12-20 17:05:00,2010,12,20,17
1238,2010-12-21 09:34:00,2010,12,21,9
1239,2010-12-21 09:47:00,2010,12,21,9
1240,2010-12-21 09:48:00,2010,12,21,9
1241,2010-12-21 10:18:00,2010,12,21,10
1242,2010-12-21 10:26:00,2010,12,21,10
1243,2010-12-21 10:30:00,2010,12,21,10
1244,2010-12-21 10:41:00,2010,12,21,10
1245,2010-12-21 10:51:00,2010,12,21,10
1246,2010-12-21 10:54:00,2010,12,21,10
1247,2010-12-21 11:00:00,2010,12,21,11
1248,2010-12-21 12:57:00,2010,12,21,12
1249,2010-12-21 13:03:00,2010,12,21,13
1250,2010-12-21 13:22:00,2010,12,21,13
1251,2010-12-21 13:34:00,2010,12,21,13
1252,2010-12-21 13:45:00,2010,12,21,13
1253,2010-12-21 13:49:00,2010,12,21,13
1254,2010-12-21 13:53:00,2010,12,21,13
1255,2010-12-21 13:58:00,2010,12,21,13
1256,2010-12-21 14:26:00,2010,12,21,14
1257,2010-12-21 14:54:00,2010,12,21,14
1258,2010-12-21 15:05:00,2010,12,21,15
1259,2010-12-21 15:09:00,2010,12,21,15
1260,2010-12-21 15:43:00,2010,12,21,15
1261,2010-12-21 16:06:00,2010,12,21,16
1262,2010-12-21 16:08:00,2010,12,21,16
1263,2010-12-21 17:16:00,2010,12,21,17
1264,2010-12-22 10:29:00,2010,12,22,10
1265,2010-12-22 11:07:00,2010,12,22,11
1266,2010-12-22 11:11:00,2010,12,22,11
1267,2010-12-22 12:39:00,2010,12,22,12
1268,2010-12-22 12:44:00,2010,12,22,12
1269,2010-12-22 12:47:00,2010,12,22,12
1270,2010-12-22 13:17:00,2010,12,22,13
1271,2010-12-22 13:39:00,2010,12,22,13
1272,2010-12-22 13:46:00,2010,12,22,13
1273,2010-12-22 13:48:00,2010,12,22,13
1274,2010-12-22 14:28:00,2010,12,22,14
1275,2010-12-22 16:19:00,2010,12,22,16
1276,2010-12-22 16:23:00,2010,12,22,16
1277,2010-12-23 09:55:00,2010,12,23,9
1278,2010-12-23 09:59:00,2010,12,23,9
1279,2010-12-23 10:38:00,2010,12,23,10
1280,2010-12-23 11:06:00,2010,12,23,11
1281,2010-12-23 11:09:00,2010,12,23,11
1282,2010-12-23 11:24:00,2010,12,23,11
1283,2010-12-23 11:46:00,2010,12,23,11
1284,2010-12-23 12:03:00,2010,12,23,12
1285,2010-12-23 12:04:00,2010,12,23,12
1286,2010-12-23 12:58:00,2010,12,23,12
1287,2010-12-23 14:06:00,2010,12,23,14
1288,2010-12-23 14:35:00,2010,12,23,14
1289,2010-12-23 14:40:00,2010,12,23,14
1290,2010-12-23 14:58:00,2010,12,23,14
1291,2010-12-23 15:16:00,2010,12,23,15
1292,2010-12-23 15:32:00,2010,12,23,15
1293,2010-12-23 16:06:00,2010,12,23,16
1294,2011-01-04 10:00:00,2011,1,4,10
1295,2011-01-04 10:22:00,2011,1,4,10
1296,2011-01-04 10:23:00,2011,1,4,10
1297,2011-01-04 10:37:00,2011,1,4,10
1298,2011-01-04 10:38:00,2011,1,4,10
1299,2011-01-04 11:30:00,2011,1,4,11
1300,2011-01-04 11:34:00,2011,1,4,11
1301,2011-01-04 11:40:00,2011,1,4,11
1302,2011-01-04 11:42:00,2011,1,4,11
1303,2011-01-04 11:48:00,2011,1,4,11
1304,2011-01-04 12:18:00,2011,1,4,12
1305,2011-01-04 12:45:00,2011,1,4,12
1306,2011-01-04 12:51:00,2011,1,4,12
1307,2011-01-04 12:57:00,2011,1,4,12
1308,2011-01-04 12:58:00,2011,1,4,12
1309,2011-01-04 13:03:00,2011,1,4,13
1310,2011-01-04 13:22:00,2011,1,4,13
1311,2011-01-04 13:30:00,2011,1,4,13
1312,2011-01-04 13:38:00,2011,1,4,13
1313,2011-01-04 13:47:00,2011,1,4,13
1314,2011-01-04 13:50:00,2011,1,4,13
1315,2011-01-04 14:12:00,2011,1,4,14
1316,2011-01-04 14:20:00,2011,1,4,14
1317,2011-01-04 14:21:00,2011,1,4,14
1318,2011-01-04 14:33:00,2011,1,4,14
1319,2011-01-04 14:40:00,2011,1,4,14
1320,2011-01-04 14:47:00,2011,1,4,14
1321,2011-01-04 15:24:00,2011,1,4,15
1322,2011-01-04 15:33:00,2011,1,4,15
1323,2011-01-04 15:40:00,2011,1,4,15
1324,2011-01-04 15:43:00,2011,1,4,15
1325,2011-01-04 15:50:00,2011,1,4,15
1326,2011-01-04 16:41:00,2011,1,4,16
1327,2011-01-05 09:11:00,2011,1,5,9
1328,2011-01-05 09:44:00,2011,1,5,9
1329,2011-01-05 09:51:00,2011,1,5,9
1330,2011-01-05 10:08:00,2011,1,5,10
1331,2011-01-05 10:35:00,2011,1,5,10
1332,2011-01-05 10:39:00,2011,1,5,10
1333,2011-01-05 10:45:00,2011,1,5,10
1334,2011-01-05 10:46:00,2011,1,5,10
1335,2011-01-05 10:51:00,2011,1,5,10
1336,2011-01-05 10:58:00,2011,1,5,10
1337,2011-01-05 11:00:00,2011,1,5,11
1338,2011-01-05 11:25:00,2011,1,5,11
1339,2011-01-05 11:41:00,2011,1,5,11
1340,2011-01-05 11:47:00,2011,1,5,11
1341,2011-01-05 11:50:00,2011,1,5,11
1342,2011-01-05 11:52:00,2011,1,5,11
1343,2011-01-05 12:09:00,2011,1,5,12
1344,2011-01-05 12:13:00,2011,1,5,12
1345,2011-01-05 12:15:00,2011,1,5,12
1346,2011-01-05 12:20:00,2011,1,5,12
1347,2011-01-05 12:21:00,2011,1,5,12
1348,2011-01-05 12:29:00,2011,1,5,12
1349,2011-01-05 12:32:00,2011,1,5,12
1350,2011-01-05 12:35:00,2011,1,5,12
1351,2011-01-05 12:37:00,2011,1,5,12
1352,2011-01-05 12:40:00,2011,1,5,12
1353,2011-01-05 12:42:00,2011,1,5,12
1354,2011-01-05 12:54:00,2011,1,5,12
1355,2011-01-05 13:05:00,2011,1,5,13
1356,2011-01-05 13:09:00,2011,1,5,13
1357,2011-01-05 13:29:00,2011,1,5,13
1358,2011-01-05 13:37:00,2011,1,5,13
1359,2011-01-05 13:40:00,2011,1,5,13
1360,2011-01-05 13:41:00,2011,1,5,13
1361,2011-01-05 13:53:00,2011,1,5,13
1362,2011-01-05 13:57:00,2011,1,5,13
1363,2011-01-05 14:48:00,2011,1,5,14
1364,2011-01-05 15:09:00,2011,1,5,15
1365,2011-01-05 15:30:00,2011,1,5,15
1366,2011-01-05 15:42:00,2011,1,5,15
1367,2011-01-05 15:56:00,2011,1,5,15
1368,2011-01-05 15:57:00,2011,1,5,15
1369,2011-01-05 16:00:00,2011,1,5,16
1370,2011-01-05 16:06:00,2011,1,5,16
1371,2011-01-05 16:28:00,2011,1,5,16
1372,2011-01-05 17:33:00,2011,1,5,17
1373,2011-01-06 08:52:00,2011,1,6,8
1374,2011-01-06 09:00:00,2011,1,6,9
1375,2011-01-06 09:40:00,2011,1,6,9
1376,2011-01-06 09:57:00,2011,1,6,9
1377,2011-01-06 10:01:00,2011,1,6,10
1378,2011-01-06 10:03:00,2011,1,6,10
1379,2011-01-06 10:20:00,2011,1,6,10
1380,2011-01-06 10:46:00,2011,1,6,10
1381,2011-01-06 11:12:00,2011,1,6,11
1382,2011-01-06 11:25:00,2011,1,6,11
1383,2011-01-06 11:39:00,2011,1,6,11
1384,2011-01-06 11:57:00,2011,1,6,11
1385,2011-01-06 11:59:00,2011,1,6,11
1386,2011-01-06 12:11:00,2011,1,6,12
1387,2011-01-06 12:16:00,2011,1,6,12
1388,2011-01-06 12:18:00,2011,1,6,12
1389,2011-01-06 12:31:00,2011,1,6,12
1390,2011-01-06 12:32:00,2011,1,6,12
1391,2011-01-06 12:37:00,2011,1,6,12
1392,2011-01-06 12:45:00,2011,1,6,12
1393,2011-01-06 13:00:00,2011,1,6,13
1394,2011-01-06 13:19:00,2011,1,6,13
1395,2011-01-06 13:56:00,2011,1,6,13
1396,2011-01-06 14:07:00,2011,1,6,14
1397,2011-01-06 14:14:00,2011,1,6,14
1398,2011-01-06 14:26:00,2011,1,6,14
1399,2011-01-06 14:53:00,2011,1,6,14
1400,2011-01-06 14:58:00,2011,1,6,14
1401,2011-01-06 15:14:00,2011,1,6,15
1402,2011-01-06 15:25:00,2011,1,6,15
1403,2011-01-06 15:29:00,2011,1,6,15
1404,2011-01-06 15:41:00,2011,1,6,15
1405,2011-01-06 15:42:00,2011,1,6,15
1406,2011-01-06 15:54:00,2011,1,6,15
1407,2011-01-06 16:03:00,2011,1,6,16
1408,2011-01-06 16:12:00,2011,1,6,16
1409,2011-01-06 16:25:00,2011,1,6,16
1410,2011-01-06 16:35:00,2011,1,6,16
1411,2011-01-06 16:41:00,2011,1,6,16
1412,2011-01-06 17:10:00,2011,1,6,17
1413,2011-01-06 17:19:00,2011,1,6,17
1414,2011-01-06 17:47:00,2011,1,6,17
1415,2011-01-06 17:58:00,2011,1,6,17
1416,2011-01-06 18:24:00,2011,1,6,18
1417,2011-01-06 18:33:00,2011,1,6,18
1418,2011-01-06 18:57:00,2011,1,6,18
1419,2011-01-07 09:23:00,2011,1,7,9
1420,2011-01-07 09:31:00,2011,1,7,9
1421,2011-01-07 09:40:00,2011,1,7,9
1422,2011-01-07 09:50:00,2011,1,7,9
1423,2011-01-07 09:53:00,2011,1,7,9
1424,2011-01-07 09:55:00,2011,1,7,9
1425,2011-01-07 10:00:00,2011,1,7,10
1426,2011-01-07 10:04:00,2011,1,7,10
1427,2011-01-07 10:24:00,2011,1,7,10
1428,2011-01-07 10:27:00,2011,1,7,10
1429,2011-01-07 10:29:00,2011,1,7,10
1430,2011-01-07 10:32:00,2011,1,7,10
1431,2011-01-07 10:47:00,2011,1,7,10
1432,2011-01-07 10:55:00,2011,1,7,10
1433,2011-01-07 11:13:00,2011,1,7,11
1434,2011-01-07 11:49:00,2011,1,7,11
1435,2011-01-07 11:54:00,2011,1,7,11
1436,2011-01-07 11:57:00,2011,1,7,11
1437,2011-01-07 12:07:00,2011,1,7,12
1438,2011-01-07 12:14:00,2011,1,7,12
1439,2011-01-07 12:26:00,2011,1,7,12
1440,2011-01-07 12:28:00,2011,1,7,12
1441,2011-01-07 12:35:00,2011,1,7,12
1442,2011-01-07 12:44:00,2011,1,7,12
1443,2011-01-07 12:45:00,2011,1,7,12
1444,2011-01-07 13:13:00,2011,1,7,13
1445,2011-01-07 13:17:00,2011,1,7,13
1446,2011-01-07 13:30:00,2011,1,7,13
1447,2011-01-07 13:34:00,2011,1,7,13
1448,2011-01-07 13:39:00,2011,1,7,13
1449,2011-01-07 14:04:00,2011,1,7,14
1450,2011-01-07 14:21:00,2011,1,7,14
1451,2011-01-07 14:22:00,2011,1,7,14
1452,2011-01-07 14:31:00,2011,1,7,14
1453,2011-01-07 14:43:00,2011,1,7,14
1454,2011-01-07 14:49:00,2011,1,7,14
1455,2011-01-07 14:53:00,2011,1,7,14
1456,2011-01-07 15:19:00,2011,1,7,15
1457,2011-01-07 15:27:00,2011,1,7,15
1458,2011-01-07 15:42:00,2011,1,7,15
1459,2011-01-07 15:48:00,2011,1,7,15
1460,2011-01-07 16:32:00,2011,1,7,16
1461,2011-01-07 16:34:00,2011,1,7,16
1462,2011-01-07 17:18:00,2011,1,7,17
1463,2011-01-09 10:06:00,2011,1,9,10
1464,2011-01-09 10:21:00,2011,1,9,10
1465,2011-01-09 10:26:00,2011,1,9,10
1466,2011-01-09 10:43:00,2011,1,9,10
1467,2011-01-09 10:50:00,2011,1,9,10
1468,2011-01-09 11:02:00,2011,1,9,11
1469,2011-01-09 11:05:00,2011,1,9,11
1470,2011-01-09 11:12:00,2011,1,9,11
1471,2011-01-09 11:20:00,2011,1,9,11
1472,2011-01-09 11:27:00,2011,1,9,11
1473,2011-01-09 11:32:00,2011,1,9,11
1474,2011-01-09 11:34:00,2011,1,9,11
1475,2011-01-09 11:39:00,2011,1,9,11
1476,2011-01-09 11:41:00,2011,1,9,11
1477,2011-01-09 11:43:00,2011,1,9,11
1478,2011-01-09 11:54:00,2011,1,9,11
1479,2011-01-09 12:01:00,2011,1,9,12
1480,2011-01-09 12:02:00,2011,1,9,12
1481,2011-01-09 12:03:00,2011,1,9,12
1482,2011-01-09 12:12:00,2011,1,9,12
1483,2011-01-09 12:31:00,2011,1,9,12
1484,2011-01-09 12:46:00,2011,1,9,12
1485,2011-01-09 12:50:00,2011,1,9,12
1486,2011-01-09 12:51:00,2011,1,9,12
1487,2011-01-09 12:53:00,2011,1,9,12
1488,2011-01-09 13:02:00,2011,1,9,13
1489,2011-01-09 13:41:00,2011,1,9,13
1490,2011-01-09 13:50:00,2011,1,9,13
1491,2011-01-09 14:02:00,2011,1,9,14
1492,2011-01-09 14:03:00,2011,1,9,14
1493,2011-01-09 14:11:00,2011,1,9,14
1494,2011-01-09 14:12:00,2011,1,9,14
1495,2011-01-09 14:17:00,2011,1,9,14
1496,2011-01-09 14:21:00,2011,1,9,14
1497,2011-01-09 14:28:00,2011,1,9,14
1498,2011-01-09 14:36:00,2011,1,9,14
1499,2011-01-09 14:42:00,2011,1,9,14
1500,2011-01-09 15:10:00,2011,1,9,15
1501,2011-01-09 15:13:00,2011,1,9,15
1502,2011-01-09 15:18:00,2011,1,9,15
1503,2011-01-09 15:23:00,2011,1,9,15
1504,2011-01-09 15:32:00,2011,1,9,15
1505,2011-01-09 15:35:00,2011,1,9,15
1506,2011-01-09 15:56:00,2011,1,9,15
1507,2011-01-09 16:07:00,2011,1,9,16
1508,2011-01-09 16:11:00,2011,1,9,16
1509,2011-01-10 09:11:00,2011,1,10,9
1510,2011-01-10 09:44:00,2011,1,10,9
1511,2011-01-10 09:48:00,2011,1,10,9
1512,2011-01-10 09:55:00,2011,1,10,9
1513,2011-01-10 09:58:00,2011,1,10,9
1514,2011-01-10 10:32:00,2011,1,10,10
1515,2011-01-10 10:35:00,2011,1,10,10
1516,2011-01-10 10:44:00,2011,1,10,10
1517,2011-01-10 10:58:00,2011,1,10,10
1518,2011-01-10 11:09:00,2011,1,10,11
1519,2011-01-10 11:22:00,2011,1,10,11
1520,2011-01-10 11:35:00,2011,1,10,11
1521,2011-01-10 11:38:00,2011,1,10,11
1522,2011-01-10 11:59:00,2011,1,10,11
1523,2011-01-10 12:03:00,2011,1,10,12
1524,2011-01-10 12:04:00,2011,1,10,12
1525,2011-01-10 12:28:00,2011,1,10,12
1526,2011-01-10 12:36:00,2011,1,10,12
1527,2011-01-10 13:20:00,2011,1,10,13
1528,2011-01-10 13:22:00,2011,1,10,13
1529,2011-01-10 14:16:00,2011,1,10,14
1530,2011-01-10 14:20:00,2011,1,10,14
1531,2011-01-10 14:57:00,2011,1,10,14
1532,2011-01-10 14:58:00,2011,1,10,14
1533,2011-01-10 14:59:00,2011,1,10,14
1534,2011-01-10 15:07:00,2011,1,10,15
1535,2011-01-10 15:16:00,2011,1,10,15
1536,2011-01-10 15:18:00,2011,1,10,15
1537,2011-01-10 15:35:00,2011,1,10,15
1538,2011-01-10 15:51:00,2011,1,10,15
1539,2011-01-10 16:24:00,2011,1,10,16
1540,2011-01-10 16:29:00,2011,1,10,16
1541,2011-01-10 17:18:00,2011,1,10,17
1542,2011-01-11 07:57:00,2011,1,11,7
1543,2011-01-11 08:43:00,2011,1,11,8
1544,2011-01-11 08:45:00,2011,1,11,8
1545,2011-01-11 08:50:00,2011,1,11,8
1546,2011-01-11 09:12:00,2011,1,11,9
1547,2011-01-11 09:20:00,2011,1,11,9
1548,2011-01-11 09:24:00,2011,1,11,9
1549,2011-01-11 09:47:00,2011,1,11,9
1550,2011-01-11 09:48:00,2011,1,11,9
1551,2011-01-11 09:58:00,2011,1,11,9
1552,2011-01-11 10:04:00,2011,1,11,10
1553,2011-01-11 10:19:00,2011,1,11,10
1554,2011-01-11 10:26:00,2011,1,11,10
1555,2011-01-11 10:31:00,2011,1,11,10
1556,2011-01-11 10:38:00,2011,1,11,10
1557,2011-01-11 10:40:00,2011,1,11,10
1558,2011-01-11 11:15:00,2011,1,11,11
1559,2011-01-11 11:18:00,2011,1,11,11
1560,2011-01-11 11:32:00,2011,1,11,11
1561,2011-01-11 11:39:00,2011,1,11,11
1562,2011-01-11 11:48:00,2011,1,11,11
1563,2011-01-11 11:54:00,2011,1,11,11
1564,2011-01-11 12:00:00,2011,1,11,12
1565,2011-01-11 12:05:00,2011,1,11,12
1566,2011-01-11 12:11:00,2011,1,11,12
1567,2011-01-11 12:12:00,2011,1,11,12
1568,2011-01-11 12:20:00,2011,1,11,12
1569,2011-01-11 12:25:00,2011,1,11,12
1570,2011-01-11 12:29:00,2011,1,11,12
1571,2011-01-11 12:30:00,2011,1,11,12
1572,2011-01-11 12:37:00,2011,1,11,12
1573,2011-01-11 12:41:00,2011,1,11,12
1574,2011-01-11 12:55:00,2011,1,11,12
1575,2011-01-11 12:56:00,2011,1,11,12
1576,2011-01-11 12:57:00,2011,1,11,12
1577,2011-01-11 13:06:00,2011,1,11,13
1578,2011-01-11 13:25:00,2011,1,11,13
1579,2011-01-11 13:26:00,2011,1,11,13
1580,2011-01-11 13:31:00,2011,1,11,13
1581,2011-01-11 13:54:00,2011,1,11,13
1582,2011-01-11 14:00:00,2011,1,11,14
1583,2011-01-11 14:15:00,2011,1,11,14
1584,2011-01-11 14:38:00,2011,1,11,14
1585,2011-01-11 14:50:00,2011,1,11,14
1586,2011-01-11 15:00:00,2011,1,11,15
1587,2011-01-11 15:13:00,2011,1,11,15
1588,2011-01-11 15:42:00,2011,1,11,15
1589,2011-01-11 16:16:00,2011,1,11,16
1590,2011-01-11 16:24:00,2011,1,11,16
1591,2011-01-12 09:33:00,2011,1,12,9
1592,2011-01-12 09:43:00,2011,1,12,9
1593,2011-01-12 10:14:00,2011,1,12,10
1594,2011-01-12 10:16:00,2011,1,12,10
1595,2011-01-12 10:20:00,2011,1,12,10
1596,2011-01-12 10:49:00,2011,1,12,10
1597,2011-01-12 10:58:00,2011,1,12,10
1598,2011-01-12 11:18:00,2011,1,12,11
1599,2011-01-12 11:21:00,2011,1,12,11
1600,2011-01-12 11:46:00,2011,1,12,11
1601,2011-01-12 11:51:00,2011,1,12,11
1602,2011-01-12 11:52:00,2011,1,12,11
1603,2011-01-12 11:53:00,2011,1,12,11
1604,2011-01-12 12:00:00,2011,1,12,12
1605,2011-01-12 12:10:00,2011,1,12,12
1606,2011-01-12 12:12:00,2011,1,12,12
1607,2011-01-12 12:31:00,2011,1,12,12
1608,2011-01-12 12:41:00,2011,1,12,12
1609,2011-01-12 12:43:00,2011,1,12,12
1610,2011-01-12 13:10:00,2011,1,12,13
1611,2011-01-12 13:16:00,2011,1,12,13
1612,2011-01-12 13:19:00,2011,1,12,13
1613,2011-01-12 13:27:00,2011,1,12,13
1614,2011-01-12 13:30:00,2011,1,12,13
1615,2011-01-12 13:40:00,2011,1,12,13
1616,2011-01-12 13:52:00,2011,1,12,13
1617,2011-01-12 14:10:00,2011,1,12,14
1618,2011-01-12 14:13:00,2011,1,12,14
1619,2011-01-12 14:43:00,2011,1,12,14
1620,2011-01-12 14:57:00,2011,1,12,14
1621,2011-01-12 15:00:00,2011,1,12,15
1622,2011-01-12 15:06:00,2011,1,12,15
1623,2011-01-12 15:22:00,2011,1,12,15
1624,2011-01-12 15:25:00,2011,1,12,15
1625,2011-01-12 15:36:00,2011,1,12,15
1626,2011-01-12 15:44:00,2011,1,12,15
1627,2011-01-12 15:48:00,2011,1,12,15
1628,2011-01-12 16:14:00,2011,1,12,16
1629,2011-01-12 16:51:00,2011,1,12,16
1630,2011-01-12 16:52:00,2011,1,12,16
1631,2011-01-12 16:57:00,2011,1,12,16
1632,2011-01-13 09:23:00,2011,1,13,9
1633,2011-01-13 09:29:00,2011,1,13,9
1634,2011-01-13 09:40:00,2011,1,13,9
1635,2011-01-13 09:55:00,2011,1,13,9
1636,2011-01-13 10:04:00,2011,1,13,10
1637,2011-01-13 10:08:00,2011,1,13,10
1638,2011-01-13 10:28:00,2011,1,13,10
1639,2011-01-13 10:33:00,2011,1,13,10
1640,2011-01-13 10:35:00,2011,1,13,10
1641,2011-01-13 10:39:00,2011,1,13,10
1642,2011-01-13 10:43:00,2011,1,13,10
1643,2011-01-13 10:48:00,2011,1,13,10
1644,2011-01-13 11:05:00,2011,1,13,11
1645,2011-01-13 11:26:00,2011,1,13,11
1646,2011-01-13 11:48:00,2011,1,13,11
1647,2011-01-13 11:54:00,2011,1,13,11
1648,2011-01-13 11:57:00,2011,1,13,11
1649,2011-01-13 12:03:00,2011,1,13,12
1650,2011-01-13 12:10:00,2011,1,13,12
1651,2011-01-13 12:32:00,2011,1,13,12
1652,2011-01-13 12:37:00,2011,1,13,12
1653,2011-01-13 12:41:00,2011,1,13,12
1654,2011-01-13 12:53:00,2011,1,13,12
1655,2011-01-13 13:21:00,2011,1,13,13
1656,2011-01-13 13:36:00,2011,1,13,13
1657,2011-01-13 14:24:00,2011,1,13,14
1658,2011-01-13 14:34:00,2011,1,13,14
1659,2011-01-13 14:50:00,2011,1,13,14
1660,2011-01-13 14:55:00,2011,1,13,14
1661,2011-01-13 15:01:00,2011,1,13,15
1662,2011-01-13 15:10:00,2011,1,13,15
1663,2011-01-13 15:11:00,2011,1,13,15
1664,2011-01-13 15:13:00,2011,1,13,15
1665,2011-01-13 15:17:00,2011,1,13,15
1666,2011-01-13 15:18:00,2011,1,13,15
1667,2011-01-13 15:19:00,2011,1,13,15
1668,2011-01-13 15:34:00,2011,1,13,15
1669,2011-01-14 08:16:00,2011,1,14,8
1670,2011-01-14 09:13:00,2011,1,14,9
1671,2011-01-14 09:20:00,2011,1,14,9
1672,2011-01-14 09:23:00,2011,1,14,9
1673,2011-01-14 09:52:00,2011,1,14,9
1674,2011-01-14 09:54:00,2011,1,14,9
1675,2011-01-14 10:06:00,2011,1,14,10
1676,2011-01-14 10:10:00,2011,1,14,10
1677,2011-01-14 10:20:00,2011,1,14,10
1678,2011-01-14 10:31:00,2011,1,14,10
1679,2011-01-14 10:39:00,2011,1,14,10
1680,2011-01-14 10:42:00,2011,1,14,10
1681,2011-01-14 11:05:00,2011,1,14,11
1682,2011-01-14 11:36:00,2011,1,14,11
1683,2011-01-14 11:47:00,2011,1,14,11
1684,2011-01-14 11:50:00,2011,1,14,11
1685,2011-01-14 12:09:00,2011,1,14,12
1686,2011-01-14 12:21:00,2011,1,14,12
1687,2011-01-14 12:22:00,2011,1,14,12
1688,2011-01-14 12:23:00,2011,1,14,12
1689,2011-01-14 12:24:00,2011,1,14,12
1690,2011-01-14 12:27:00,2011,1,14,12
1691,2011-01-14 12:29:00,2011,1,14,12
1692,2011-01-14 13:28:00,2011,1,14,13
1693,2011-01-14 13:41:00,2011,1,14,13
1694,2011-01-14 13:42:00,2011,1,14,13
1695,2011-01-14 13:52:00,2011,1,14,13
1696,2011-01-14 13:59:00,2011,1,14,13
1697,2011-01-14 14:02:00,2011,1,14,14
1698,2011-01-14 14:11:00,2011,1,14,14
1699,2011-01-14 14:39:00,2011,1,14,14
1700,2011-01-14 14:45:00,2011,1,14,14
1701,2011-01-14 14:47:00,2011,1,14,14
1702,2011-01-14 15:04:00,2011,1,14,15
1703,2011-01-14 15:29:00,2011,1,14,15
1704,2011-01-14 16:29:00,2011,1,14,16
1705,2011-01-14 17:16:00,2011,1,14,17
1706,2011-01-16 10:42:00,2011,1,16,10
1707,2011-01-16 10:56:00,2011,1,16,10
1708,2011-01-16 11:07:00,2011,1,16,11
1709,2011-01-16 11:08:00,2011,1,16,11
1710,2011-01-16 11:49:00,2011,1,16,11
1711,2011-01-16 12:11:00,2011,1,16,12
1712,2011-01-16 12:35:00,2011,1,16,12
1713,2011-01-16 12:41:00,2011,1,16,12
1714,2011-01-16 12:44:00,2011,1,16,12
1715,2011-01-16 13:04:00,2011,1,16,13
1716,2011-01-16 13:18:00,2011,1,16,13
1717,2011-01-16 13:19:00,2011,1,16,13
1718,2011-01-16 13:25:00,2011,1,16,13
1719,2011-01-16 13:41:00,2011,1,16,13
1720,2011-01-16 13:51:00,2011,1,16,13
1721,2011-01-16 13:54:00,2011,1,16,13
1722,2011-01-16 14:36:00,2011,1,16,14
1723,2011-01-16 15:30:00,2011,1,16,15
1724,2011-01-16 15:38:00,2011,1,16,15
1725,2011-01-16 15:44:00,2011,1,16,15
1726,2011-01-16 15:50:00,2011,1,16,15
1727,2011-01-16 16:10:00,2011,1,16,16
1728,2011-01-16 16:23:00,2011,1,16,16
1729,2011-01-16 16:25:00,2011,1,16,16
1730,2011-01-17 10:37:00,2011,1,17,10
1731,2011-01-17 10:52:00,2011,1,17,10
1732,2011-01-17 11:01:00,2011,1,17,11
1733,2011-01-17 11:09:00,2011,1,17,11
1734,2011-01-17 11:12:00,2011,1,17,11
1735,2011-01-17 11:17:00,2011,1,17,11
1736,2011-01-17 11:21:00,2011,1,17,11
1737,2011-01-17 11:24:00,2011,1,17,11
1738,2011-01-17 11:28:00,2011,1,17,11
1739,2011-01-17 11:34:00,2011,1,17,11
1740,2011-01-17 11:46:00,2011,1,17,11
1741,2011-01-17 11:53:00,2011,1,17,11
1742,2011-01-17 11:55:00,2011,1,17,11
1743,2011-01-17 11:57:00,2011,1,17,11
1744,2011-01-17 11:59:00,2011,1,17,11
1745,2011-01-17 12:31:00,2011,1,17,12
1746,2011-01-17 12:34:00,2011,1,17,12
1747,2011-01-17 12:45:00,2011,1,17,12
1748,2011-01-17 13:08:00,2011,1,17,13
1749,2011-01-17 13:09:00,2011,1,17,13
1750,2011-01-17 13:21:00,2011,1,17,13
1751,2011-01-17 13:23:00,2011,1,17,13
1752,2011-01-17 13:25:00,2011,1,17,13
1753,2011-01-17 13:30:00,2011,1,17,13
1754,2011-01-17 13:39:00,2011,1,17,13
1755,2011-01-17 13:59:00,2011,1,17,13
1756,2011-01-17 14:18:00,2011,1,17,14
1757,2011-01-17 14:27:00,2011,1,17,14
1758,2011-01-17 14:40:00,2011,1,17,14
1759,2011-01-17 14:49:00,2011,1,17,14
1760,2011-01-17 14:51:00,2011,1,17,14
1761,2011-01-17 15:05:00,2011,1,17,15
1762,2011-01-17 15:11:00,2011,1,17,15
1763,2011-01-17 15:17:00,2011,1,17,15
1764,2011-01-17 15:19:00,2011,1,17,15
1765,2011-01-17 15:31:00,2011,1,17,15
1766,2011-01-17 15:42:00,2011,1,17,15
1767,2011-01-17 15:50:00,2011,1,17,15
1768,2011-01-17 16:06:00,2011,1,17,16
1769,2011-01-17 16:07:00,2011,1,17,16
1770,2011-01-17 16:14:00,2011,1,17,16
1771,2011-01-17 16:23:00,2011,1,17,16
1772,2011-01-17 17:08:00,2011,1,17,17
1773,2011-01-18 08:43:00,2011,1,18,8
1774,2011-01-18 08:44:00,2011,1,18,8
1775,2011-01-18 08:46:00,2011,1,18,8
1776,2011-01-18 08:53:00,2011,1,18,8
1777,2011-01-18 09:44:00,2011,1,18,9
1778,2011-01-18 09:50:00,2011,1,18,9
1779,2011-01-18 10:01:00,2011,1,18,10
1780,2011-01-18 10:15:00,2011,1,18,10
1781,2011-01-18 10:22:00,2011,1,18,10
1782,2011-01-18 10:28:00,2011,1,18,10
1783,2011-01-18 10:41:00,2011,1,18,10
1784,2011-01-18 10:58:00,2011,1,18,10
1785,2011-01-18 11:30:00,2011,1,18,11
1786,2011-01-18 11:51:00,2011,1,18,11
1787,2011-01-18 11:54:00,2011,1,18,11
1788,2011-01-18 12:05:00,2011,1,18,12
1789,2011-01-18 12:09:00,2011,1,18,12
1790,2011-01-18 12:40:00,2011,1,18,12
1791,2011-01-18 12:46:00,2011,1,18,12
1792,2011-01-18 13:05:00,2011,1,18,13
1793,2011-01-18 13:15:00,2011,1,18,13
1794,2011-01-18 13:34:00,2011,1,18,13
1795,2011-01-18 13:38:00,2011,1,18,13
1796,2011-01-18 13:40:00,2011,1,18,13
1797,2011-01-18 14:04:00,2011,1,18,14
1798,2011-01-18 15:25:00,2011,1,18,15
1799,2011-01-18 15:37:00,2011,1,18,15
1800,2011-01-18 15:58:00,2011,1,18,15
1801,2011-01-18 16:31:00,2011,1,18,16
1802,2011-01-18 16:39:00,2011,1,18,16
1803,2011-01-18 16:45:00,2011,1,18,16
1804,2011-01-18 16:52:00,2011,1,18,16
1805,2011-01-19 08:34:00,2011,1,19,8
1806,2011-01-19 09:05:00,2011,1,19,9
1807,2011-01-19 09:13:00,2011,1,19,9
1808,2011-01-19 09:45:00,2011,1,19,9
1809,2011-01-19 09:54:00,2011,1,19,9
1810,2011-01-19 10:09:00,2011,1,19,10
1811,2011-01-19 10:49:00,2011,1,19,10
1812,2011-01-19 10:51:00,2011,1,19,10
1813,2011-01-19 10:56:00,2011,1,19,10
1814,2011-01-19 11:15:00,2011,1,19,11
1815,2011-01-19 11:38:00,2011,1,19,11
1816,2011-01-19 11:48:00,2011,1,19,11
1817,2011-01-19 11:50:00,2011,1,19,11
1818,2011-01-19 11:51:00,2011,1,19,11
1819,2011-01-19 12:07:00,2011,1,19,12
1820,2011-01-19 12:14:00,2011,1,19,12
1821,2011-01-19 12:34:00,2011,1,19,12
1822,2011-01-19 12:38:00,2011,1,19,12
1823,2011-01-19 12:52:00,2011,1,19,12
1824,2011-01-19 13:21:00,2011,1,19,13
1825,2011-01-19 13:32:00,2011,1,19,13
1826,2011-01-19 14:22:00,2011,1,19,14
1827,2011-01-19 14:39:00,2011,1,19,14
1828,2011-01-19 14:43:00,2011,1,19,14
1829,2011-01-19 14:50:00,2011,1,19,14
1830,2011-01-19 14:52:00,2011,1,19,14
1831,2011-01-19 15:20:00,2011,1,19,15
1832,2011-01-19 15:30:00,2011,1,19,15
1833,2011-01-19 16:08:00,2011,1,19,16
1834,2011-01-19 16:18:00,2011,1,19,16
1835,2011-01-19 16:19:00,2011,1,19,16
1836,2011-01-19 17:17:00,2011,1,19,17
1837,2011-01-19 17:23:00,2011,1,19,17
1838,2011-01-20 09:03:00,2011,1,20,9
1839,2011-01-20 09:25:00,2011,1,20,9
1840,2011-01-20 09:54:00,2011,1,20,9
1841,2011-01-20 10:11:00,2011,1,20,10
1842,2011-01-20 10:18:00,2011,1,20,10
1843,2011-01-20 10:43:00,2011,1,20,10
1844,2011-01-20 10:47:00,2011,1,20,10
1845,2011-01-20 10:48:00,2011,1,20,10
1846,2011-01-20 11:15:00,2011,1,20,11
1847,2011-01-20 11:39:00,2011,1,20,11
1848,2011-01-20 12:04:00,2011,1,20,12
1849,2011-01-20 12:11:00,2011,1,20,12
1850,2011-01-20 12:16:00,2011,1,20,12
1851,2011-01-20 12:20:00,2011,1,20,12
1852,2011-01-20 12:23:00,2011,1,20,12
1853,2011-01-20 12:29:00,2011,1,20,12
1854,2011-01-20 12:34:00,2011,1,20,12
1855,2011-01-20 13:01:00,2011,1,20,13
1856,2011-01-20 13:02:00,2011,1,20,13
1857,2011-01-20 13:49:00,2011,1,20,13
1858,2011-01-20 14:01:00,2011,1,20,14
1859,2011-01-20 14:13:00,2011,1,20,14
1860,2011-01-20 14:17:00,2011,1,20,14
1861,2011-01-20 14:18:00,2011,1,20,14
1862,2011-01-20 14:24:00,2011,1,20,14
1863,2011-01-20 15:00:00,2011,1,20,15
1864,2011-01-20 15:01:00,2011,1,20,15
1865,2011-01-20 15:22:00,2011,1,20,15
1866,2011-01-20 15:42:00,2011,1,20,15
1867,2011-01-20 16:17:00,2011,1,20,16
1868,2011-01-20 19:16:00,2011,1,20,19
1869,2011-01-21 09:03:00,2011,1,21,9
1870,2011-01-21 09:06:00,2011,1,21,9
1871,2011-01-21 09:52:00,2011,1,21,9
1872,2011-01-21 10:35:00,2011,1,21,10
1873,2011-01-21 11:08:00,2011,1,21,11
1874,2011-01-21 11:09:00,2011,1,21,11
1875,2011-01-21 11:18:00,2011,1,21,11
1876,2011-01-21 11:19:00,2011,1,21,11
1877,2011-01-21 11:34:00,2011,1,21,11
1878,2011-01-21 11:42:00,2011,1,21,11
1879,2011-01-21 11:50:00,2011,1,21,11
1880,2011-01-21 11:55:00,2011,1,21,11
1881,2011-01-21 12:37:00,2011,1,21,12
1882,2011-01-21 12:40:00,2011,1,21,12
1883,2011-01-21 13:05:00,2011,1,21,13
1884,2011-01-21 13:07:00,2011,1,21,13
1885,2011-01-21 13:09:00,2011,1,21,13
1886,2011-01-21 13:13:00,2011,1,21,13
1887,2011-01-21 13:21:00,2011,1,21,13
1888,2011-01-21 13:47:00,2011,1,21,13
1889,2011-01-21 13:55:00,2011,1,21,13
1890,2011-01-21 14:04:00,2011,1,21,14
1891,2011-01-21 14:17:00,2011,1,21,14
1892,2011-01-21 14:21:00,2011,1,21,14
1893,2011-01-21 14:38:00,2011,1,21,14
1894,2011-01-21 14:39:00,2011,1,21,14
1895,2011-01-21 14:51:00,2011,1,21,14
1896,2011-01-21 15:25:00,2011,1,21,15
1897,2011-01-21 15:36:00,2011,1,21,15
1898,2011-01-21 15:41:00,2011,1,21,15
1899,2011-01-21 15:45:00,2011,1,21,15
1900,2011-01-21 15:56:00,2011,1,21,15
1901,2011-01-21 15:57:00,2011,1,21,15
1902,2011-01-21 17:14:00,2011,1,21,17
1903,2011-01-23 10:15:00,2011,1,23,10
1904,2011-01-23 10:29:00,2011,1,23,10
1905,2011-01-23 10:32:00,2011,1,23,10
1906,2011-01-23 10:43:00,2011,1,23,10
1907,2011-01-23 11:15:00,2011,1,23,11
1908,2011-01-23 11:48:00,2011,1,23,11
1909,2011-01-23 11:53:00,2011,1,23,11
1910,2011-01-23 12:07:00,2011,1,23,12
1911,2011-01-23 12:08:00,2011,1,23,12
1912,2011-01-23 12:19:00,2011,1,23,12
1913,2011-01-23 12:41:00,2011,1,23,12
1914,2011-01-23 12:43:00,2011,1,23,12
1915,2011-01-23 13:25:00,2011,1,23,13
1916,2011-01-23 13:31:00,2011,1,23,13
1917,2011-01-23 13:33:00,2011,1,23,13
1918,2011-01-23 13:34:00,2011,1,23,13
1919,2011-01-23 13:58:00,2011,1,23,13
1920,2011-01-23 14:20:00,2011,1,23,14
1921,2011-01-23 14:29:00,2011,1,23,14
1922,2011-01-23 14:58:00,2011,1,23,14
1923,2011-01-23 14:59:00,2011,1,23,14
1924,2011-01-23 15:16:00,2011,1,23,15
1925,2011-01-23 15:17:00,2011,1,23,15
1926,2011-01-23 15:34:00,2011,1,23,15
1927,2011-01-23 15:45:00,2011,1,23,15
1928,2011-01-23 16:02:00,2011,1,23,16
1929,2011-01-23 16:17:00,2011,1,23,16
1930,2011-01-24 08:20:00,2011,1,24,8
1931,2011-01-24 09:25:00,2011,1,24,9
1932,2011-01-24 09:28:00,2011,1,24,9
1933,2011-01-24 09:52:00,2011,1,24,9
1934,2011-01-24 10:01:00,2011,1,24,10
1935,2011-01-24 10:05:00,2011,1,24,10
1936,2011-01-24 10:12:00,2011,1,24,10
1937,2011-01-24 10:38:00,2011,1,24,10
1938,2011-01-24 10:43:00,2011,1,24,10
1939,2011-01-24 10:56:00,2011,1,24,10
1940,2011-01-24 11:12:00,2011,1,24,11
1941,2011-01-24 11:21:00,2011,1,24,11
1942,2011-01-24 11:31:00,2011,1,24,11
1943,2011-01-24 11:34:00,2011,1,24,11
1944,2011-01-24 11:35:00,2011,1,24,11
1945,2011-01-24 11:39:00,2011,1,24,11
1946,2011-01-24 11:50:00,2011,1,24,11
1947,2011-01-24 11:56:00,2011,1,24,11
1948,2011-01-24 12:00:00,2011,1,24,12
1949,2011-01-24 12:08:00,2011,1,24,12
1950,2011-01-24 12:13:00,2011,1,24,12
1951,2011-01-24 12:44:00,2011,1,24,12
1952,2011-01-24 12:58:00,2011,1,24,12
1953,2011-01-24 13:06:00,2011,1,24,13
1954,2011-01-24 13:27:00,2011,1,24,13
1955,2011-01-24 13:35:00,2011,1,24,13
1956,2011-01-24 13:37:00,2011,1,24,13
1957,2011-01-24 13:48:00,2011,1,24,13
1958,2011-01-24 13:58:00,2011,1,24,13
1959,2011-01-24 14:01:00,2011,1,24,14
1960,2011-01-24 14:16:00,2011,1,24,14
1961,2011-01-24 14:39:00,2011,1,24,14
1962,2011-01-24 14:44:00,2011,1,24,14
1963,2011-01-24 14:46:00,2011,1,24,14
1964,2011-01-24 14:54:00,2011,1,24,14
1965,2011-01-24 15:09:00,2011,1,24,15
1966,2011-01-24 15:32:00,2011,1,24,15
1967,2011-01-24 15:47:00,2011,1,24,15
1968,2011-01-24 15:48:00,2011,1,24,15
1969,2011-01-24 15:52:00,2011,1,24,15
1970,2011-01-24 15:59:00,2011,1,24,15
1971,2011-01-24 16:05:00,2011,1,24,16
1972,2011-01-25 08:03:00,2011,1,25,8
1973,2011-01-25 08:21:00,2011,1,25,8
1974,2011-01-25 09:01:00,2011,1,25,9
1975,2011-01-25 09:11:00,2011,1,25,9
1976,2011-01-25 09:31:00,2011,1,25,9
1977,2011-01-25 09:58:00,2011,1,25,9
1978,2011-01-25 10:20:00,2011,1,25,10
1979,2011-01-25 10:38:00,2011,1,25,10
1980,2011-01-25 10:42:00,2011,1,25,10
1981,2011-01-25 10:49:00,2011,1,25,10
1982,2011-01-25 10:56:00,2011,1,25,10
1983,2011-01-25 10:57:00,2011,1,25,10
1984,2011-01-25 11:07:00,2011,1,25,11
1985,2011-01-25 11:08:00,2011,1,25,11
1986,2011-01-25 11:18:00,2011,1,25,11
1987,2011-01-25 11:20:00,2011,1,25,11
1988,2011-01-25 11:41:00,2011,1,25,11
1989,2011-01-25 11:57:00,2011,1,25,11
1990,2011-01-25 11:59:00,2011,1,25,11
1991,2011-01-25 12:03:00,2011,1,25,12
1992,2011-01-25 12:15:00,2011,1,25,12
1993,2011-01-25 12:16:00,2011,1,25,12
1994,2011-01-25 12:21:00,2011,1,25,12
1995,2011-01-25 12:26:00,2011,1,25,12
1996,2011-01-25 12:31:00,2011,1,25,12
1997,2011-01-25 12:33:00,2011,1,25,12
1998,2011-01-25 12:35:00,2011,1,25,12
1999,2011-01-25 12:39:00,2011,1,25,12
2000,2011-01-25 12:46:00,2011,1,25,12
2001,2011-01-25 12:52:00,2011,1,25,12
2002,2011-01-25 13:04:00,2011,1,25,13
2003,2011-01-25 13:10:00,2011,1,25,13
2004,2011-01-25 13:15:00,2011,1,25,13
2005,2011-01-25 13:26:00,2011,1,25,13
2006,2011-01-25 13:35:00,2011,1,25,13
2007,2011-01-25 13:37:00,2011,1,25,13
2008,2011-01-25 13:38:00,2011,1,25,13
2009,2011-01-25 13:43:00,2011,1,25,13
2010,2011-01-25 13:46:00,2011,1,25,13
2011,2011-01-25 13:55:00,2011,1,25,13
2012,2011-01-25 14:00:00,2011,1,25,14
2013,2011-01-25 14:33:00,2011,1,25,14
2014,2011-01-25 14:36:00,2011,1,25,14
2015,2011-01-25 14:44:00,2011,1,25,14
2016,2011-01-25 14:45:00,2011,1,25,14
2017,2011-01-25 14:47:00,2011,1,25,14
2018,2011-01-25 14:53:00,2011,1,25,14
2019,2011-01-25 15:13:00,2011,1,25,15
2020,2011-01-25 15:18:00,2011,1,25,15
2021,2011-01-25 15:36:00,2011,1,25,15
2022,2011-01-25 15:55:00,2011,1,25,15
2023,2011-01-25 15:59:00,2011,1,25,15
2024,2011-01-25 16:33:00,2011,1,25,16
2025,2011-01-25 16:36:00,2011,1,25,16
2026,2011-01-26 08:38:00,2011,1,26,8
2027,2011-01-26 09:04:00,2011,1,26,9
2028,2011-01-26 09:23:00,2011,1,26,9
2029,2011-01-26 09:26:00,2011,1,26,9
2030,2011-01-26 09:27:00,2011,1,26,9
2031,2011-01-26 10:02:00,2011,1,26,10
2032,2011-01-26 10:10:00,2011,1,26,10
2033,2011-01-26 10:17:00,2011,1,26,10
2034,2011-01-26 10:30:00,2011,1,26,10
2035,2011-01-26 10:33:00,2011,1,26,10
2036,2011-01-26 10:49:00,2011,1,26,10
2037,2011-01-26 10:51:00,2011,1,26,10
2038,2011-01-26 11:14:00,2011,1,26,11
2039,2011-01-26 11:27:00,2011,1,26,11
2040,2011-01-26 11:34:00,2011,1,26,11
2041,2011-01-26 11:35:00,2011,1,26,11
2042,2011-01-26 12:12:00,2011,1,26,12
2043,2011-01-26 12:15:00,2011,1,26,12
2044,2011-01-26 12:19:00,2011,1,26,12
2045,2011-01-26 12:27:00,2011,1,26,12
2046,2011-01-26 12:29:00,2011,1,26,12
2047,2011-01-26 12:35:00,2011,1,26,12
2048,2011-01-26 12:36:00,2011,1,26,12
2049,2011-01-26 12:38:00,2011,1,26,12
2050,2011-01-26 12:40:00,2011,1,26,12
2051,2011-01-26 12:42:00,2011,1,26,12
2052,2011-01-26 12:43:00,2011,1,26,12
2053,2011-01-26 12:45:00,2011,1,26,12
2054,2011-01-26 13:20:00,2011,1,26,13
2055,2011-01-26 13:33:00,2011,1,26,13
2056,2011-01-26 13:37:00,2011,1,26,13
2057,2011-01-26 13:38:00,2011,1,26,13
2058,2011-01-26 13:40:00,2011,1,26,13
2059,2011-01-26 13:46:00,2011,1,26,13
2060,2011-01-26 13:56:00,2011,1,26,13
2061,2011-01-26 14:19:00,2011,1,26,14
2062,2011-01-26 14:30:00,2011,1,26,14
2063,2011-01-26 14:35:00,2011,1,26,14
2064,2011-01-26 14:45:00,2011,1,26,14
2065,2011-01-26 14:51:00,2011,1,26,14
2066,2011-01-26 14:58:00,2011,1,26,14
2067,2011-01-26 15:00:00,2011,1,26,15
2068,2011-01-26 15:31:00,2011,1,26,15
2069,2011-01-26 15:49:00,2011,1,26,15
2070,2011-01-26 16:41:00,2011,1,26,16
2071,2011-01-26 17:08:00,2011,1,26,17
2072,2011-01-26 17:27:00,2011,1,26,17
2073,2011-01-26 17:37:00,2011,1,26,17
2074,2011-01-26 17:43:00,2011,1,26,17
2075,2011-01-27 08:30:00,2011,1,27,8
2076,2011-01-27 09:33:00,2011,1,27,9
2077,2011-01-27 09:42:00,2011,1,27,9
2078,2011-01-27 10:02:00,2011,1,27,10
2079,2011-01-27 10:18:00,2011,1,27,10
2080,2011-01-27 10:19:00,2011,1,27,10
2081,2011-01-27 10:30:00,2011,1,27,10
2082,2011-01-27 10:43:00,2011,1,27,10
2083,2011-01-27 10:56:00,2011,1,27,10
2084,2011-01-27 11:05:00,2011,1,27,11
2085,2011-01-27 11:15:00,2011,1,27,11
2086,2011-01-27 11:55:00,2011,1,27,11
2087,2011-01-27 12:06:00,2011,1,27,12
2088,2011-01-27 12:10:00,2011,1,27,12
2089,2011-01-27 12:11:00,2011,1,27,12
2090,2011-01-27 12:13:00,2011,1,27,12
2091,2011-01-27 12:19:00,2011,1,27,12
2092,2011-01-27 12:23:00,2011,1,27,12
2093,2011-01-27 12:40:00,2011,1,27,12
2094,2011-01-27 13:08:00,2011,1,27,13
2095,2011-01-27 13:23:00,2011,1,27,13
2096,2011-01-27 13:29:00,2011,1,27,13
2097,2011-01-27 13:37:00,2011,1,27,13
2098,2011-01-27 13:38:00,2011,1,27,13
2099,2011-01-27 13:40:00,2011,1,27,13
2100,2011-01-27 13:42:00,2011,1,27,13
2101,2011-01-27 13:53:00,2011,1,27,13
2102,2011-01-27 14:07:00,2011,1,27,14
2103,2011-01-27 14:10:00,2011,1,27,14
2104,2011-01-27 14:31:00,2011,1,27,14
2105,2011-01-27 14:35:00,2011,1,27,14
2106,2011-01-27 14:45:00,2011,1,27,14
2107,2011-01-27 14:46:00,2011,1,27,14
2108,2011-01-27 14:48:00,2011,1,27,14
2109,2011-01-27 15:02:00,2011,1,27,15
2110,2011-01-27 15:22:00,2011,1,27,15
2111,2011-01-27 15:36:00,2011,1,27,15
2112,2011-01-27 15:38:00,2011,1,27,15
2113,2011-01-27 15:51:00,2011,1,27,15
2114,2011-01-27 16:11:00,2011,1,27,16
2115,2011-01-27 16:13:00,2011,1,27,16
2116,2011-01-27 16:17:00,2011,1,27,16
2117,2011-01-27 16:29:00,2011,1,27,16
2118,2011-01-27 16:30:00,2011,1,27,16
2119,2011-01-27 16:43:00,2011,1,27,16
2120,2011-01-27 16:49:00,2011,1,27,16
2121,2011-01-27 17:41:00,2011,1,27,17
2122,2011-01-27 18:05:00,2011,1,27,18
2123,2011-01-27 19:33:00,2011,1,27,19
2124,2011-01-28 09:09:00,2011,1,28,9
2125,2011-01-28 09:20:00,2011,1,28,9
2126,2011-01-28 10:00:00,2011,1,28,10
2127,2011-01-28 10:08:00,2011,1,28,10
2128,2011-01-28 10:10:00,2011,1,28,10
2129,2011-01-28 10:28:00,2011,1,28,10
2130,2011-01-28 10:40:00,2011,1,28,10
2131,2011-01-28 10:45:00,2011,1,28,10
2132,2011-01-28 10:47:00,2011,1,28,10
2133,2011-01-28 11:27:00,2011,1,28,11
2134,2011-01-28 11:58:00,2011,1,28,11
2135,2011-01-28 12:06:00,2011,1,28,12
2136,2011-01-28 12:07:00,2011,1,28,12
2137,2011-01-28 12:11:00,2011,1,28,12
2138,2011-01-28 12:19:00,2011,1,28,12
2139,2011-01-28 12:21:00,2011,1,28,12
2140,2011-01-28 12:28:00,2011,1,28,12
2141,2011-01-28 12:43:00,2011,1,28,12
2142,2011-01-28 12:48:00,2011,1,28,12
2143,2011-01-28 13:04:00,2011,1,28,13
2144,2011-01-28 13:08:00,2011,1,28,13
2145,2011-01-28 13:18:00,2011,1,28,13
2146,2011-01-28 13:27:00,2011,1,28,13
2147,2011-01-28 13:37:00,2011,1,28,13
2148,2011-01-28 13:54:00,2011,1,28,13
2149,2011-01-28 14:37:00,2011,1,28,14
2150,2011-01-28 14:42:00,2011,1,28,14
2151,2011-01-28 14:45:00,2011,1,28,14
2152,2011-01-28 14:53:00,2011,1,28,14
2153,2011-01-28 14:57:00,2011,1,28,14
2154,2011-01-28 15:09:00,2011,1,28,15
2155,2011-01-28 15:21:00,2011,1,28,15
2156,2011-01-28 15:29:00,2011,1,28,15
2157,2011-01-28 15:45:00,2011,1,28,15
2158,2011-01-28 15:53:00,2011,1,28,15
2159,2011-01-28 16:18:00,2011,1,28,16
2160,2011-01-28 16:42:00,2011,1,28,16
2161,2011-01-30 10:19:00,2011,1,30,10
2162,2011-01-30 10:27:00,2011,1,30,10
2163,2011-01-30 10:33:00,2011,1,30,10
2164,2011-01-30 10:43:00,2011,1,30,10
2165,2011-01-30 11:01:00,2011,1,30,11
2166,2011-01-30 11:11:00,2011,1,30,11
2167,2011-01-30 11:52:00,2011,1,30,11
2168,2011-01-30 12:09:00,2011,1,30,12
2169,2011-01-30 12:42:00,2011,1,30,12
2170,2011-01-30 13:36:00,2011,1,30,13
2171,2011-01-30 13:48:00,2011,1,30,13
2172,2011-01-30 13:51:00,2011,1,30,13
2173,2011-01-30 14:03:00,2011,1,30,14
2174,2011-01-30 14:05:00,2011,1,30,14
2175,2011-01-30 14:13:00,2011,1,30,14
2176,2011-01-30 14:19:00,2011,1,30,14
2177,2011-01-30 14:36:00,2011,1,30,14
2178,2011-01-30 14:37:00,2011,1,30,14
2179,2011-01-30 15:22:00,2011,1,30,15
2180,2011-01-30 15:40:00,2011,1,30,15
2181,2011-01-30 15:48:00,2011,1,30,15
2182,2011-01-30 15:52:00,2011,1,30,15
2183,2011-01-30 15:54:00,2011,1,30,15
2184,2011-01-31 08:56:00,2011,1,31,8
2185,2011-01-31 09:05:00,2011,1,31,9
2186,2011-01-31 09:41:00,2011,1,31,9
2187,2011-01-31 09:51:00,2011,1,31,9
2188,2011-01-31 09:55:00,2011,1,31,9
2189,2011-01-31 09:57:00,2011,1,31,9
2190,2011-01-31 10:08:00,2011,1,31,10
2191,2011-01-31 10:09:00,2011,1,31,10
2192,2011-01-31 10:13:00,2011,1,31,10
2193,2011-01-31 10:42:00,2011,1,31,10
2194,2011-01-31 10:44:00,2011,1,31,10
2195,2011-01-31 11:25:00,2011,1,31,11
2196,2011-01-31 11:42:00,2011,1,31,11
2197,2011-01-31 11:46:00,2011,1,31,11
2198,2011-01-31 12:09:00,2011,1,31,12
2199,2011-01-31 12:10:00,2011,1,31,12
2200,2011-01-31 12:16:00,2011,1,31,12
2201,2011-01-31 12:18:00,2011,1,31,12
2202,2011-01-31 12:21:00,2011,1,31,12
2203,2011-01-31 12:33:00,2011,1,31,12
2204,2011-01-31 12:34:00,2011,1,31,12
2205,2011-01-31 12:35:00,2011,1,31,12
2206,2011-01-31 12:37:00,2011,1,31,12
2207,2011-01-31 12:50:00,2011,1,31,12
2208,2011-01-31 13:07:00,2011,1,31,13
2209,2011-01-31 13:17:00,2011,1,31,13
2210,2011-01-31 13:19:00,2011,1,31,13
2211,2011-01-31 13:27:00,2011,1,31,13
2212,2011-01-31 13:39:00,2011,1,31,13
2213,2011-01-31 14:02:00,2011,1,31,14
2214,2011-01-31 14:07:00,2011,1,31,14
2215,2011-01-31 14:13:00,2011,1,31,14
2216,2011-01-31 14:18:00,2011,1,31,14
2217,2011-01-31 14:35:00,2011,1,31,14
2218,2011-01-31 14:38:00,2011,1,31,14
2219,2011-01-31 14:53:00,2011,1,31,14
2220,2011-01-31 14:59:00,2011,1,31,14
2221,2011-01-31 15:05:00,2011,1,31,15
2222,2011-01-31 15:09:00,2011,1,31,15
2223,2011-01-31 15:11:00,2011,1,31,15
2224,2011-01-31 15:17:00,2011,1,31,15
2225,2011-01-31 15:27:00,2011,1,31,15
2226,2011-01-31 15:35:00,2011,1,31,15
2227,2011-01-31 15:36:00,2011,1,31,15
2228,2011-01-31 15:37:00,2011,1,31,15
2229,2011-01-31 15:52:00,2011,1,31,15
2230,2011-01-31 15:57:00,2011,1,31,15
2231,2011-01-31 16:02:00,2011,1,31,16
2232,2011-01-31 16:26:00,2011,1,31,16
2233,2011-01-31 16:47:00,2011,1,31,16
2234,2011-01-31 16:48:00,2011,1,31,16
2235,2011-01-31 16:59:00,2011,1,31,16
2236,2011-02-01 08:23:00,2011,2,1,8
2237,2011-02-01 08:31:00,2011,2,1,8
2238,2011-02-01 09:01:00,2011,2,1,9
2239,2011-02-01 09:36:00,2011,2,1,9
2240,2011-02-01 09:38:00,2011,2,1,9
2241,2011-02-01 10:00:00,2011,2,1,10
2242,2011-02-01 10:14:00,2011,2,1,10
2243,2011-02-01 10:15:00,2011,2,1,10
2244,2011-02-01 10:37:00,2011,2,1,10
2245,2011-02-01 10:38:00,2011,2,1,10
2246,2011-02-01 10:47:00,2011,2,1,10
2247,2011-02-01 10:59:00,2011,2,1,10
2248,2011-02-01 11:07:00,2011,2,1,11
2249,2011-02-01 11:08:00,2011,2,1,11
2250,2011-02-01 11:16:00,2011,2,1,11
2251,2011-02-01 11:19:00,2011,2,1,11
2252,2011-02-01 11:20:00,2011,2,1,11
2253,2011-02-01 11:21:00,2011,2,1,11
2254,2011-02-01 11:30:00,2011,2,1,11
2255,2011-02-01 11:31:00,2011,2,1,11
2256,2011-02-01 11:40:00,2011,2,1,11
2257,2011-02-01 11:42:00,2011,2,1,11
2258,2011-02-01 11:51:00,2011,2,1,11
2259,2011-02-01 11:58:00,2011,2,1,11
2260,2011-02-01 12:03:00,2011,2,1,12
2261,2011-02-01 12:08:00,2011,2,1,12
2262,2011-02-01 12:25:00,2011,2,1,12
2263,2011-02-01 12:27:00,2011,2,1,12
2264,2011-02-01 12:29:00,2011,2,1,12
2265,2011-02-01 12:42:00,2011,2,1,12
2266,2011-02-01 12:54:00,2011,2,1,12
2267,2011-02-01 13:09:00,2011,2,1,13
2268,2011-02-01 13:10:00,2011,2,1,13
2269,2011-02-01 13:15:00,2011,2,1,13
2270,2011-02-01 13:20:00,2011,2,1,13
2271,2011-02-01 13:25:00,2011,2,1,13
2272,2011-02-01 13:26:00,2011,2,1,13
2273,2011-02-01 13:28:00,2011,2,1,13
2274,2011-02-01 13:36:00,2011,2,1,13
2275,2011-02-01 13:45:00,2011,2,1,13
2276,2011-02-01 13:47:00,2011,2,1,13
2277,2011-02-01 13:50:00,2011,2,1,13
2278,2011-02-01 13:55:00,2011,2,1,13
2279,2011-02-01 14:01:00,2011,2,1,14
2280,2011-02-01 14:12:00,2011,2,1,14
2281,2011-02-01 14:24:00,2011,2,1,14
2282,2011-02-01 14:29:00,2011,2,1,14
2283,2011-02-01 14:43:00,2011,2,1,14
2284,2011-02-01 14:46:00,2011,2,1,14
2285,2011-02-01 14:58:00,2011,2,1,14
2286,2011-02-01 15:11:00,2011,2,1,15
2287,2011-02-01 15:15:00,2011,2,1,15
2288,2011-02-01 15:24:00,2011,2,1,15
2289,2011-02-01 15:35:00,2011,2,1,15
2290,2011-02-01 15:41:00,2011,2,1,15
2291,2011-02-01 16:03:00,2011,2,1,16
2292,2011-02-01 16:18:00,2011,2,1,16
2293,2011-02-01 16:47:00,2011,2,1,16
2294,2011-02-02 07:51:00,2011,2,2,7
2295,2011-02-02 07:58:00,2011,2,2,7
2296,2011-02-02 09:06:00,2011,2,2,9
2297,2011-02-02 09:08:00,2011,2,2,9
2298,2011-02-02 09:39:00,2011,2,2,9
2299,2011-02-02 09:49:00,2011,2,2,9
2300,2011-02-02 10:06:00,2011,2,2,10
2301,2011-02-02 10:22:00,2011,2,2,10
2302,2011-02-02 10:34:00,2011,2,2,10
2303,2011-02-02 10:41:00,2011,2,2,10
2304,2011-02-02 10:46:00,2011,2,2,10
2305,2011-02-02 10:54:00,2011,2,2,10
2306,2011-02-02 10:56:00,2011,2,2,10
2307,2011-02-02 11:01:00,2011,2,2,11
2308,2011-02-02 11:14:00,2011,2,2,11
2309,2011-02-02 11:41:00,2011,2,2,11
2310,2011-02-02 11:43:00,2011,2,2,11
2311,2011-02-02 11:55:00,2011,2,2,11
2312,2011-02-02 12:02:00,2011,2,2,12
2313,2011-02-02 12:03:00,2011,2,2,12
2314,2011-02-02 12:09:00,2011,2,2,12
2315,2011-02-02 12:10:00,2011,2,2,12
2316,2011-02-02 12:26:00,2011,2,2,12
2317,2011-02-02 12:36:00,2011,2,2,12
2318,2011-02-02 12:38:00,2011,2,2,12
2319,2011-02-02 12:42:00,2011,2,2,12
2320,2011-02-02 12:53:00,2011,2,2,12
2321,2011-02-02 12:54:00,2011,2,2,12
2322,2011-02-02 13:07:00,2011,2,2,13
2323,2011-02-02 13:11:00,2011,2,2,13
2324,2011-02-02 13:16:00,2011,2,2,13
2325,2011-02-02 13:25:00,2011,2,2,13
2326,2011-02-02 13:28:00,2011,2,2,13
2327,2011-02-02 13:46:00,2011,2,2,13
2328,2011-02-02 13:57:00,2011,2,2,13
2329,2011-02-02 14:17:00,2011,2,2,14
2330,2011-02-02 14:25:00,2011,2,2,14
2331,2011-02-02 14:29:00,2011,2,2,14
2332,2011-02-02 14:36:00,2011,2,2,14
2333,2011-02-02 14:37:00,2011,2,2,14
2334,2011-02-02 14:38:00,2011,2,2,14
2335,2011-02-02 14:39:00,2011,2,2,14
2336,2011-02-02 14:40:00,2011,2,2,14
2337,2011-02-02 14:51:00,2011,2,2,14
2338,2011-02-02 15:09:00,2011,2,2,15
2339,2011-02-02 15:13:00,2011,2,2,15
2340,2011-02-02 15:22:00,2011,2,2,15
2341,2011-02-02 15:26:00,2011,2,2,15
2342,2011-02-02 15:39:00,2011,2,2,15
2343,2011-02-02 15:48:00,2011,2,2,15
2344,2011-02-02 15:57:00,2011,2,2,15
2345,2011-02-02 16:01:00,2011,2,2,16
2346,2011-02-02 16:15:00,2011,2,2,16
2347,2011-02-02 17:06:00,2011,2,2,17
2348,2011-02-02 17:08:00,2011,2,2,17
2349,2011-02-02 17:15:00,2011,2,2,17
2350,2011-02-03 08:18:00,2011,2,3,8
2351,2011-02-03 09:04:00,2011,2,3,9
2352,2011-02-03 09:37:00,2011,2,3,9
2353,2011-02-03 09:42:00,2011,2,3,9
2354,2011-02-03 09:58:00,2011,2,3,9
2355,2011-02-03 10:26:00,2011,2,3,10
2356,2011-02-03 10:39:00,2011,2,3,10
2357,2011-02-03 10:41:00,2011,2,3,10
2358,2011-02-03 10:47:00,2011,2,3,10
2359,2011-02-03 10:50:00,2011,2,3,10
2360,2011-02-03 11:28:00,2011,2,3,11
2361,2011-02-03 11:30:00,2011,2,3,11
2362,2011-02-03 11:39:00,2011,2,3,11
2363,2011-02-03 11:49:00,2011,2,3,11
2364,2011-02-03 12:00:00,2011,2,3,12
2365,2011-02-03 12:12:00,2011,2,3,12
2366,2011-02-03 12:27:00,2011,2,3,12
2367,2011-02-03 12:37:00,2011,2,3,12
2368,2011-02-03 12:44:00,2011,2,3,12
2369,2011-02-03 13:06:00,2011,2,3,13
2370,2011-02-03 13:26:00,2011,2,3,13
2371,2011-02-03 13:27:00,2011,2,3,13
2372,2011-02-03 13:29:00,2011,2,3,13
2373,2011-02-03 13:30:00,2011,2,3,13
2374,2011-02-03 13:31:00,2011,2,3,13
2375,2011-02-03 13:53:00,2011,2,3,13
2376,2011-02-03 13:58:00,2011,2,3,13
2377,2011-02-03 14:01:00,2011,2,3,14
2378,2011-02-03 14:08:00,2011,2,3,14
2379,2011-02-03 14:15:00,2011,2,3,14
2380,2011-02-03 14:41:00,2011,2,3,14
2381,2011-02-03 14:51:00,2011,2,3,14
2382,2011-02-03 14:54:00,2011,2,3,14
2383,2011-02-03 15:02:00,2011,2,3,15
2384,2011-02-03 15:17:00,2011,2,3,15
2385,2011-02-03 15:23:00,2011,2,3,15
2386,2011-02-03 15:27:00,2011,2,3,15
2387,2011-02-03 15:28:00,2011,2,3,15
2388,2011-02-03 17:01:00,2011,2,3,17
2389,2011-02-03 18:08:00,2011,2,3,18
2390,2011-02-03 18:45:00,2011,2,3,18
2391,2011-02-03 19:32:00,2011,2,3,19
2392,2011-02-03 19:58:00,2011,2,3,19
2393,2011-02-04 08:27:00,2011,2,4,8
2394,2011-02-04 08:56:00,2011,2,4,8
2395,2011-02-04 08:58:00,2011,2,4,8
2396,2011-02-04 08:59:00,2011,2,4,8
2397,2011-02-04 09:03:00,2011,2,4,9
2398,2011-02-04 09:30:00,2011,2,4,9
2399,2011-02-04 09:34:00,2011,2,4,9
2400,2011-02-04 09:56:00,2011,2,4,9
2401,2011-02-04 10:31:00,2011,2,4,10
2402,2011-02-04 10:32:00,2011,2,4,10
2403,2011-02-04 10:38:00,2011,2,4,10
2404,2011-02-04 10:39:00,2011,2,4,10
2405,2011-02-04 11:13:00,2011,2,4,11
2406,2011-02-04 11:14:00,2011,2,4,11
2407,2011-02-04 11:40:00,2011,2,4,11
2408,2011-02-04 11:43:00,2011,2,4,11
2409,2011-02-04 11:45:00,2011,2,4,11
2410,2011-02-04 11:48:00,2011,2,4,11
2411,2011-02-04 11:52:00,2011,2,4,11
2412,2011-02-04 11:54:00,2011,2,4,11
2413,2011-02-04 11:55:00,2011,2,4,11
2414,2011-02-04 12:18:00,2011,2,4,12
2415,2011-02-04 12:29:00,2011,2,4,12
2416,2011-02-04 12:36:00,2011,2,4,12
2417,2011-02-04 12:37:00,2011,2,4,12
2418,2011-02-04 12:40:00,2011,2,4,12
2419,2011-02-04 13:04:00,2011,2,4,13
2420,2011-02-04 13:19:00,2011,2,4,13
2421,2011-02-04 13:28:00,2011,2,4,13
2422,2011-02-04 13:30:00,2011,2,4,13
2423,2011-02-04 13:47:00,2011,2,4,13
2424,2011-02-04 14:03:00,2011,2,4,14
2425,2011-02-04 14:04:00,2011,2,4,14
2426,2011-02-04 14:08:00,2011,2,4,14
2427,2011-02-04 14:14:00,2011,2,4,14
2428,2011-02-04 14:23:00,2011,2,4,14
2429,2011-02-04 14:25:00,2011,2,4,14
2430,2011-02-04 14:43:00,2011,2,4,14
2431,2011-02-04 14:46:00,2011,2,4,14
2432,2011-02-04 14:51:00,2011,2,4,14
2433,2011-02-04 14:58:00,2011,2,4,14
2434,2011-02-04 15:32:00,2011,2,4,15
2435,2011-02-04 15:43:00,2011,2,4,15
2436,2011-02-04 15:54:00,2011,2,4,15
2437,2011-02-04 16:34:00,2011,2,4,16
2438,2011-02-06 11:11:00,2011,2,6,11
2439,2011-02-06 11:29:00,2011,2,6,11
2440,2011-02-06 12:48:00,2011,2,6,12
2441,2011-02-06 12:49:00,2011,2,6,12
2442,2011-02-06 13:57:00,2011,2,6,13
2443,2011-02-06 14:33:00,2011,2,6,14
2444,2011-02-06 14:43:00,2011,2,6,14
2445,2011-02-06 14:46:00,2011,2,6,14
2446,2011-02-06 14:56:00,2011,2,6,14
2447,2011-02-06 15:34:00,2011,2,6,15
2448,2011-02-06 16:08:00,2011,2,6,16
2449,2011-02-07 09:15:00,2011,2,7,9
2450,2011-02-07 09:36:00,2011,2,7,9
2451,2011-02-07 09:48:00,2011,2,7,9
2452,2011-02-07 09:50:00,2011,2,7,9
2453,2011-02-07 10:03:00,2011,2,7,10
2454,2011-02-07 10:14:00,2011,2,7,10
2455,2011-02-07 10:50:00,2011,2,7,10
2456,2011-02-07 11:15:00,2011,2,7,11
2457,2011-02-07 11:20:00,2011,2,7,11
2458,2011-02-07 11:39:00,2011,2,7,11
2459,2011-02-07 11:42:00,2011,2,7,11
2460,2011-02-07 11:56:00,2011,2,7,11
2461,2011-02-07 12:05:00,2011,2,7,12
2462,2011-02-07 12:22:00,2011,2,7,12
2463,2011-02-07 12:24:00,2011,2,7,12
2464,2011-02-07 12:27:00,2011,2,7,12
2465,2011-02-07 12:46:00,2011,2,7,12
2466,2011-02-07 13:13:00,2011,2,7,13
2467,2011-02-07 13:15:00,2011,2,7,13
2468,2011-02-07 13:18:00,2011,2,7,13
2469,2011-02-07 13:32:00,2011,2,7,13
2470,2011-02-07 13:50:00,2011,2,7,13
2471,2011-02-07 13:59:00,2011,2,7,13
2472,2011-02-07 14:16:00,2011,2,7,14
2473,2011-02-07 14:33:00,2011,2,7,14
2474,2011-02-07 14:49:00,2011,2,7,14
2475,2011-02-07 14:51:00,2011,2,7,14
2476,2011-02-07 14:53:00,2011,2,7,14
2477,2011-02-07 15:01:00,2011,2,7,15
2478,2011-02-07 15:04:00,2011,2,7,15
2479,2011-02-07 15:05:00,2011,2,7,15
2480,2011-02-07 15:10:00,2011,2,7,15
2481,2011-02-07 15:14:00,2011,2,7,15
2482,2011-02-07 15:34:00,2011,2,7,15
2483,2011-02-07 15:37:00,2011,2,7,15
2484,2011-02-07 15:47:00,2011,2,7,15
2485,2011-02-07 16:21:00,2011,2,7,16
2486,2011-02-08 09:41:00,2011,2,8,9
2487,2011-02-08 09:56:00,2011,2,8,9
2488,2011-02-08 10:12:00,2011,2,8,10
2489,2011-02-08 10:15:00,2011,2,8,10
2490,2011-02-08 10:17:00,2011,2,8,10
2491,2011-02-08 10:28:00,2011,2,8,10
2492,2011-02-08 10:32:00,2011,2,8,10
2493,2011-02-08 10:47:00,2011,2,8,10
2494,2011-02-08 11:27:00,2011,2,8,11
2495,2011-02-08 11:31:00,2011,2,8,11
2496,2011-02-08 11:32:00,2011,2,8,11
2497,2011-02-08 11:36:00,2011,2,8,11
2498,2011-02-08 12:01:00,2011,2,8,12
2499,2011-02-08 12:12:00,2011,2,8,12
2500,2011-02-08 12:14:00,2011,2,8,12
2501,2011-02-08 12:20:00,2011,2,8,12
2502,2011-02-08 12:38:00,2011,2,8,12
2503,2011-02-08 12:41:00,2011,2,8,12
2504,2011-02-08 12:47:00,2011,2,8,12
2505,2011-02-08 13:28:00,2011,2,8,13
2506,2011-02-08 13:39:00,2011,2,8,13
2507,2011-02-08 14:06:00,2011,2,8,14
2508,2011-02-08 14:15:00,2011,2,8,14
2509,2011-02-08 14:34:00,2011,2,8,14
2510,2011-02-08 14:45:00,2011,2,8,14
2511,2011-02-08 14:58:00,2011,2,8,14
2512,2011-02-08 15:09:00,2011,2,8,15
2513,2011-02-08 15:24:00,2011,2,8,15
2514,2011-02-08 15:30:00,2011,2,8,15
2515,2011-02-08 15:38:00,2011,2,8,15
2516,2011-02-08 15:42:00,2011,2,8,15
2517,2011-02-08 15:48:00,2011,2,8,15
2518,2011-02-08 16:25:00,2011,2,8,16
2519,2011-02-08 17:16:00,2011,2,8,17
2520,2011-02-09 09:10:00,2011,2,9,9
2521,2011-02-09 10:11:00,2011,2,9,10
2522,2011-02-09 10:19:00,2011,2,9,10
2523,2011-02-09 10:24:00,2011,2,9,10
2524,2011-02-09 10:25:00,2011,2,9,10
2525,2011-02-09 10:41:00,2011,2,9,10
2526,2011-02-09 10:49:00,2011,2,9,10
2527,2011-02-09 11:21:00,2011,2,9,11
2528,2011-02-09 11:38:00,2011,2,9,11
2529,2011-02-09 11:43:00,2011,2,9,11
2530,2011-02-09 12:07:00,2011,2,9,12
2531,2011-02-09 12:08:00,2011,2,9,12
2532,2011-02-09 12:16:00,2011,2,9,12
2533,2011-02-09 13:25:00,2011,2,9,13
2534,2011-02-09 13:37:00,2011,2,9,13
2535,2011-02-09 13:50:00,2011,2,9,13
2536,2011-02-09 13:57:00,2011,2,9,13
2537,2011-02-09 14:18:00,2011,2,9,14
2538,2011-02-09 14:44:00,2011,2,9,14
2539,2011-02-09 15:25:00,2011,2,9,15
2540,2011-02-09 15:33:00,2011,2,9,15
2541,2011-02-09 16:57:00,2011,2,9,16
2542,2011-02-10 09:21:00,2011,2,10,9
2543,2011-02-10 09:29:00,2011,2,10,9
2544,2011-02-10 09:43:00,2011,2,10,9
2545,2011-02-10 10:08:00,2011,2,10,10
2546,2011-02-10 10:17:00,2011,2,10,10
2547,2011-02-10 10:18:00,2011,2,10,10
2548,2011-02-10 10:40:00,2011,2,10,10
2549,2011-02-10 11:16:00,2011,2,10,11
2550,2011-02-10 11:39:00,2011,2,10,11
2551,2011-02-10 11:40:00,2011,2,10,11
2552,2011-02-10 11:41:00,2011,2,10,11
2553,2011-02-10 11:44:00,2011,2,10,11
2554,2011-02-10 11:46:00,2011,2,10,11
2555,2011-02-10 11:57:00,2011,2,10,11
2556,2011-02-10 12:13:00,2011,2,10,12
2557,2011-02-10 12:15:00,2011,2,10,12
2558,2011-02-10 12:19:00,2011,2,10,12
2559,2011-02-10 12:21:00,2011,2,10,12
2560,2011-02-10 12:32:00,2011,2,10,12
2561,2011-02-10 13:06:00,2011,2,10,13
2562,2011-02-10 13:19:00,2011,2,10,13
2563,2011-02-10 13:27:00,2011,2,10,13
2564,2011-02-10 13:34:00,2011,2,10,13
2565,2011-02-10 13:54:00,2011,2,10,13
2566,2011-02-10 14:30:00,2011,2,10,14
2567,2011-02-10 14:46:00,2011,2,10,14
2568,2011-02-10 14:49:00,2011,2,10,14
2569,2011-02-10 14:51:00,2011,2,10,14
2570,2011-02-10 14:59:00,2011,2,10,14
2571,2011-02-10 15:24:00,2011,2,10,15
2572,2011-02-10 15:38:00,2011,2,10,15
2573,2011-02-10 15:40:00,2011,2,10,15
2574,2011-02-10 16:01:00,2011,2,10,16
2575,2011-02-10 16:17:00,2011,2,10,16
2576,2011-02-10 16:52:00,2011,2,10,16
2577,2011-02-10 17:19:00,2011,2,10,17
2578,2011-02-10 17:40:00,2011,2,10,17
2579,2011-02-10 17:54:00,2011,2,10,17
2580,2011-02-10 19:44:00,2011,2,10,19
2581,2011-02-10 19:49:00,2011,2,10,19
2582,2011-02-11 08:45:00,2011,2,11,8
2583,2011-02-11 09:11:00,2011,2,11,9
2584,2011-02-11 09:17:00,2011,2,11,9
2585,2011-02-11 10:06:00,2011,2,11,10
2586,2011-02-11 10:15:00,2011,2,11,10
2587,2011-02-11 10:26:00,2011,2,11,10
2588,2011-02-11 10:38:00,2011,2,11,10
2589,2011-02-11 10:57:00,2011,2,11,10
2590,2011-02-11 11:17:00,2011,2,11,11
2591,2011-02-11 11:22:00,2011,2,11,11
2592,2011-02-11 11:23:00,2011,2,11,11
2593,2011-02-11 11:25:00,2011,2,11,11
2594,2011-02-11 11:28:00,2011,2,11,11
2595,2011-02-11 11:31:00,2011,2,11,11
2596,2011-02-11 11:36:00,2011,2,11,11
2597,2011-02-11 11:38:00,2011,2,11,11
2598,2011-02-11 11:40:00,2011,2,11,11
2599,2011-02-11 11:57:00,2011,2,11,11
2600,2011-02-11 12:16:00,2011,2,11,12
2601,2011-02-11 12:22:00,2011,2,11,12
2602,2011-02-11 12:32:00,2011,2,11,12
2603,2011-02-11 12:36:00,2011,2,11,12
2604,2011-02-11 12:45:00,2011,2,11,12
2605,2011-02-11 12:48:00,2011,2,11,12
2606,2011-02-11 12:49:00,2011,2,11,12
2607,2011-02-11 13:36:00,2011,2,11,13
2608,2011-02-11 13:50:00,2011,2,11,13
2609,2011-02-11 13:53:00,2011,2,11,13
2610,2011-02-11 13:54:00,2011,2,11,13
2611,2011-02-11 14:26:00,2011,2,11,14
2612,2011-02-11 15:12:00,2011,2,11,15
2613,2011-02-11 15:39:00,2011,2,11,15
2614,2011-02-11 15:56:00,2011,2,11,15
2615,2011-02-11 16:19:00,2011,2,11,16
2616,2011-02-11 16:20:00,2011,2,11,16
2617,2011-02-11 17:06:00,2011,2,11,17
2618,2011-02-13 10:24:00,2011,2,13,10
2619,2011-02-13 11:13:00,2011,2,13,11
2620,2011-02-13 11:22:00,2011,2,13,11
2621,2011-02-13 11:36:00,2011,2,13,11
2622,2011-02-13 11:52:00,2011,2,13,11
2623,2011-02-13 12:03:00,2011,2,13,12
2624,2011-02-13 12:05:00,2011,2,13,12
2625,2011-02-13 12:17:00,2011,2,13,12
2626,2011-02-13 12:41:00,2011,2,13,12
2627,2011-02-13 12:48:00,2011,2,13,12
2628,2011-02-13 13:15:00,2011,2,13,13
2629,2011-02-13 13:22:00,2011,2,13,13
2630,2011-02-13 13:52:00,2011,2,13,13
2631,2011-02-13 14:16:00,2011,2,13,14
2632,2011-02-13 14:40:00,2011,2,13,14
2633,2011-02-13 15:02:00,2011,2,13,15
2634,2011-02-13 15:17:00,2011,2,13,15
2635,2011-02-13 15:18:00,2011,2,13,15
2636,2011-02-13 15:26:00,2011,2,13,15
2637,2011-02-13 16:05:00,2011,2,13,16
2638,2011-02-14 09:24:00,2011,2,14,9
2639,2011-02-14 09:27:00,2011,2,14,9
2640,2011-02-14 09:31:00,2011,2,14,9
2641,2011-02-14 09:33:00,2011,2,14,9
2642,2011-02-14 09:45:00,2011,2,14,9
2643,2011-02-14 09:47:00,2011,2,14,9
2644,2011-02-14 09:57:00,2011,2,14,9
2645,2011-02-14 10:10:00,2011,2,14,10
2646,2011-02-14 10:24:00,2011,2,14,10
2647,2011-02-14 10:52:00,2011,2,14,10
2648,2011-02-14 11:08:00,2011,2,14,11
2649,2011-02-14 11:22:00,2011,2,14,11
2650,2011-02-14 11:57:00,2011,2,14,11
2651,2011-02-14 12:11:00,2011,2,14,12
2652,2011-02-14 12:13:00,2011,2,14,12
2653,2011-02-14 12:16:00,2011,2,14,12
2654,2011-02-14 12:28:00,2011,2,14,12
2655,2011-02-14 12:36:00,2011,2,14,12
2656,2011-02-14 12:46:00,2011,2,14,12
2657,2011-02-14 12:53:00,2011,2,14,12
2658,2011-02-14 13:11:00,2011,2,14,13
2659,2011-02-14 13:19:00,2011,2,14,13
2660,2011-02-14 13:21:00,2011,2,14,13
2661,2011-02-14 14:03:00,2011,2,14,14
2662,2011-02-14 14:13:00,2011,2,14,14
2663,2011-02-14 14:14:00,2011,2,14,14
2664,2011-02-14 14:29:00,2011,2,14,14
2665,2011-02-14 14:39:00,2011,2,14,14
2666,2011-02-14 15:15:00,2011,2,14,15
2667,2011-02-14 15:23:00,2011,2,14,15
2668,2011-02-14 15:26:00,2011,2,14,15
2669,2011-02-14 15:35:00,2011,2,14,15
2670,2011-02-14 15:37:00,2011,2,14,15
2671,2011-02-14 15:43:00,2011,2,14,15
2672,2011-02-15 08:18:00,2011,2,15,8
2673,2011-02-15 08:21:00,2011,2,15,8
2674,2011-02-15 09:20:00,2011,2,15,9
2675,2011-02-15 09:35:00,2011,2,15,9
2676,2011-02-15 09:46:00,2011,2,15,9
2677,2011-02-15 09:49:00,2011,2,15,9
2678,2011-02-15 09:50:00,2011,2,15,9
2679,2011-02-15 09:52:00,2011,2,15,9
2680,2011-02-15 09:59:00,2011,2,15,9
2681,2011-02-15 10:17:00,2011,2,15,10
2682,2011-02-15 10:40:00,2011,2,15,10
2683,2011-02-15 10:41:00,2011,2,15,10
2684,2011-02-15 10:45:00,2011,2,15,10
2685,2011-02-15 10:46:00,2011,2,15,10
2686,2011-02-15 10:49:00,2011,2,15,10
2687,2011-02-15 10:52:00,2011,2,15,10
2688,2011-02-15 11:30:00,2011,2,15,11
2689,2011-02-15 11:31:00,2011,2,15,11
2690,2011-02-15 11:33:00,2011,2,15,11
2691,2011-02-15 11:40:00,2011,2,15,11
2692,2011-02-15 11:50:00,2011,2,15,11
2693,2011-02-15 11:52:00,2011,2,15,11
2694,2011-02-15 11:58:00,2011,2,15,11
2695,2011-02-15 12:05:00,2011,2,15,12
2696,2011-02-15 12:12:00,2011,2,15,12
2697,2011-02-15 12:40:00,2011,2,15,12
2698,2011-02-15 12:48:00,2011,2,15,12
2699,2011-02-15 12:56:00,2011,2,15,12
2700,2011-02-15 13:00:00,2011,2,15,13
2701,2011-02-15 13:08:00,2011,2,15,13
2702,2011-02-15 13:12:00,2011,2,15,13
2703,2011-02-15 13:19:00,2011,2,15,13
2704,2011-02-15 13:50:00,2011,2,15,13
2705,2011-02-15 13:52:00,2011,2,15,13
2706,2011-02-15 13:53:00,2011,2,15,13
2707,2011-02-15 14:02:00,2011,2,15,14
2708,2011-02-15 14:08:00,2011,2,15,14
2709,2011-02-15 14:17:00,2011,2,15,14
2710,2011-02-15 14:19:00,2011,2,15,14
2711,2011-02-15 14:30:00,2011,2,15,14
2712,2011-02-15 14:44:00,2011,2,15,14
2713,2011-02-15 14:49:00,2011,2,15,14
2714,2011-02-15 14:50:00,2011,2,15,14
2715,2011-02-15 15:00:00,2011,2,15,15
2716,2011-02-15 15:04:00,2011,2,15,15
2717,2011-02-15 15:41:00,2011,2,15,15
2718,2011-02-15 15:44:00,2011,2,15,15
2719,2011-02-15 15:49:00,2011,2,15,15
2720,2011-02-15 15:51:00,2011,2,15,15
2721,2011-02-15 16:27:00,2011,2,15,16
2722,2011-02-15 17:02:00,2011,2,15,17
2723,2011-02-16 08:15:00,2011,2,16,8
2724,2011-02-16 08:37:00,2011,2,16,8
2725,2011-02-16 09:03:00,2011,2,16,9
2726,2011-02-16 09:08:00,2011,2,16,9
2727,2011-02-16 09:11:00,2011,2,16,9
2728,2011-02-16 09:25:00,2011,2,16,9
2729,2011-02-16 09:45:00,2011,2,16,9
2730,2011-02-16 09:56:00,2011,2,16,9
2731,2011-02-16 10:04:00,2011,2,16,10
2732,2011-02-16 10:25:00,2011,2,16,10
2733,2011-02-16 10:32:00,2011,2,16,10
2734,2011-02-16 10:33:00,2011,2,16,10
2735,2011-02-16 10:34:00,2011,2,16,10
2736,2011-02-16 10:38:00,2011,2,16,10
2737,2011-02-16 10:47:00,2011,2,16,10
2738,2011-02-16 10:50:00,2011,2,16,10
2739,2011-02-16 10:53:00,2011,2,16,10
2740,2011-02-16 10:56:00,2011,2,16,10
2741,2011-02-16 11:03:00,2011,2,16,11
2742,2011-02-16 11:18:00,2011,2,16,11
2743,2011-02-16 11:37:00,2011,2,16,11
2744,2011-02-16 11:45:00,2011,2,16,11
2745,2011-02-16 11:53:00,2011,2,16,11
2746,2011-02-16 11:54:00,2011,2,16,11
2747,2011-02-16 11:58:00,2011,2,16,11
2748,2011-02-16 11:59:00,2011,2,16,11
2749,2011-02-16 12:02:00,2011,2,16,12
2750,2011-02-16 12:10:00,2011,2,16,12
2751,2011-02-16 12:11:00,2011,2,16,12
2752,2011-02-16 12:13:00,2011,2,16,12
2753,2011-02-16 12:15:00,2011,2,16,12
2754,2011-02-16 12:33:00,2011,2,16,12
2755,2011-02-16 12:46:00,2011,2,16,12
2756,2011-02-16 12:47:00,2011,2,16,12
2757,2011-02-16 12:48:00,2011,2,16,12
2758,2011-02-16 12:49:00,2011,2,16,12
2759,2011-02-16 12:59:00,2011,2,16,12
2760,2011-02-16 13:00:00,2011,2,16,13
2761,2011-02-16 13:02:00,2011,2,16,13
2762,2011-02-16 13:11:00,2011,2,16,13
2763,2011-02-16 13:14:00,2011,2,16,13
2764,2011-02-16 13:16:00,2011,2,16,13
2765,2011-02-16 13:44:00,2011,2,16,13
2766,2011-02-16 14:01:00,2011,2,16,14
2767,2011-02-16 14:18:00,2011,2,16,14
2768,2011-02-16 14:27:00,2011,2,16,14
2769,2011-02-16 14:40:00,2011,2,16,14
2770,2011-02-16 14:44:00,2011,2,16,14
2771,2011-02-16 14:48:00,2011,2,16,14
2772,2011-02-16 14:56:00,2011,2,16,14
2773,2011-02-16 15:13:00,2011,2,16,15
2774,2011-02-16 15:43:00,2011,2,16,15
2775,2011-02-16 15:51:00,2011,2,16,15
2776,2011-02-16 16:31:00,2011,2,16,16
2777,2011-02-16 16:40:00,2011,2,16,16
2778,2011-02-16 16:56:00,2011,2,16,16
2779,2011-02-16 16:57:00,2011,2,16,16
2780,2011-02-16 16:58:00,2011,2,16,16
2781,2011-02-17 08:23:00,2011,2,17,8
2782,2011-02-17 08:40:00,2011,2,17,8
2783,2011-02-17 08:58:00,2011,2,17,8
2784,2011-02-17 09:47:00,2011,2,17,9
2785,2011-02-17 09:52:00,2011,2,17,9
2786,2011-02-17 09:53:00,2011,2,17,9
2787,2011-02-17 10:04:00,2011,2,17,10
2788,2011-02-17 10:08:00,2011,2,17,10
2789,2011-02-17 10:30:00,2011,2,17,10
2790,2011-02-17 10:51:00,2011,2,17,10
2791,2011-02-17 11:01:00,2011,2,17,11
2792,2011-02-17 11:05:00,2011,2,17,11
2793,2011-02-17 11:46:00,2011,2,17,11
2794,2011-02-17 11:58:00,2011,2,17,11
2795,2011-02-17 12:01:00,2011,2,17,12
2796,2011-02-17 12:21:00,2011,2,17,12
2797,2011-02-17 12:23:00,2011,2,17,12
2798,2011-02-17 12:24:00,2011,2,17,12
2799,2011-02-17 12:27:00,2011,2,17,12
2800,2011-02-17 12:29:00,2011,2,17,12
2801,2011-02-17 12:33:00,2011,2,17,12
2802,2011-02-17 12:42:00,2011,2,17,12
2803,2011-02-17 12:43:00,2011,2,17,12
2804,2011-02-17 12:47:00,2011,2,17,12
2805,2011-02-17 12:48:00,2011,2,17,12
2806,2011-02-17 12:51:00,2011,2,17,12
2807,2011-02-17 12:55:00,2011,2,17,12
2808,2011-02-17 12:59:00,2011,2,17,12
2809,2011-02-17 13:16:00,2011,2,17,13
2810,2011-02-17 13:28:00,2011,2,17,13
2811,2011-02-17 13:47:00,2011,2,17,13
2812,2011-02-17 13:54:00,2011,2,17,13
2813,2011-02-17 13:57:00,2011,2,17,13
2814,2011-02-17 14:04:00,2011,2,17,14
2815,2011-02-17 14:11:00,2011,2,17,14
2816,2011-02-17 14:17:00,2011,2,17,14
2817,2011-02-17 14:19:00,2011,2,17,14
2818,2011-02-17 14:26:00,2011,2,17,14
2819,2011-02-17 14:36:00,2011,2,17,14
2820,2011-02-17 14:42:00,2011,2,17,14
2821,2011-02-17 14:49:00,2011,2,17,14
2822,2011-02-17 14:51:00,2011,2,17,14
2823,2011-02-17 15:03:00,2011,2,17,15
2824,2011-02-17 15:40:00,2011,2,17,15
2825,2011-02-17 15:50:00,2011,2,17,15
2826,2011-02-17 16:35:00,2011,2,17,16
2827,2011-02-17 16:43:00,2011,2,17,16
2828,2011-02-17 16:59:00,2011,2,17,16
2829,2011-02-17 17:05:00,2011,2,17,17
2830,2011-02-17 17:34:00,2011,2,17,17
2831,2011-02-17 19:16:00,2011,2,17,19
2832,2011-02-17 19:21:00,2011,2,17,19
2833,2011-02-17 19:36:00,2011,2,17,19
2834,2011-02-18 08:34:00,2011,2,18,8
2835,2011-02-18 08:47:00,2011,2,18,8
2836,2011-02-18 09:04:00,2011,2,18,9
2837,2011-02-18 09:41:00,2011,2,18,9
2838,2011-02-18 09:43:00,2011,2,18,9
2839,2011-02-18 10:03:00,2011,2,18,10
2840,2011-02-18 10:07:00,2011,2,18,10
2841,2011-02-18 10:11:00,2011,2,18,10
2842,2011-02-18 10:16:00,2011,2,18,10
2843,2011-02-18 10:32:00,2011,2,18,10
2844,2011-02-18 10:42:00,2011,2,18,10
2845,2011-02-18 10:53:00,2011,2,18,10
2846,2011-02-18 11:18:00,2011,2,18,11
2847,2011-02-18 11:27:00,2011,2,18,11
2848,2011-02-18 11:36:00,2011,2,18,11
2849,2011-02-18 11:53:00,2011,2,18,11
2850,2011-02-18 11:54:00,2011,2,18,11
2851,2011-02-18 11:56:00,2011,2,18,11
2852,2011-02-18 12:02:00,2011,2,18,12
2853,2011-02-18 12:13:00,2011,2,18,12
2854,2011-02-18 12:27:00,2011,2,18,12
2855,2011-02-18 12:28:00,2011,2,18,12
2856,2011-02-18 12:31:00,2011,2,18,12
2857,2011-02-18 12:56:00,2011,2,18,12
2858,2011-02-18 13:10:00,2011,2,18,13
2859,2011-02-18 13:26:00,2011,2,18,13
2860,2011-02-18 13:29:00,2011,2,18,13
2861,2011-02-18 13:32:00,2011,2,18,13
2862,2011-02-18 14:18:00,2011,2,18,14
2863,2011-02-18 14:21:00,2011,2,18,14
2864,2011-02-18 15:21:00,2011,2,18,15
2865,2011-02-18 15:23:00,2011,2,18,15
2866,2011-02-18 15:41:00,2011,2,18,15
2867,2011-02-18 15:45:00,2011,2,18,15
2868,2011-02-20 10:16:00,2011,2,20,10
2869,2011-02-20 10:28:00,2011,2,20,10
2870,2011-02-20 10:29:00,2011,2,20,10
2871,2011-02-20 10:43:00,2011,2,20,10
2872,2011-02-20 10:51:00,2011,2,20,10
2873,2011-02-20 10:56:00,2011,2,20,10
2874,2011-02-20 11:28:00,2011,2,20,11
2875,2011-02-20 11:39:00,2011,2,20,11
2876,2011-02-20 12:01:00,2011,2,20,12
2877,2011-02-20 12:14:00,2011,2,20,12
2878,2011-02-20 12:23:00,2011,2,20,12
2879,2011-02-20 12:32:00,2011,2,20,12
2880,2011-02-20 13:06:00,2011,2,20,13
2881,2011-02-20 13:13:00,2011,2,20,13
2882,2011-02-20 13:18:00,2011,2,20,13
2883,2011-02-20 13:21:00,2011,2,20,13
2884,2011-02-20 13:46:00,2011,2,20,13
2885,2011-02-20 13:52:00,2011,2,20,13
2886,2011-02-20 14:01:00,2011,2,20,14
2887,2011-02-20 14:08:00,2011,2,20,14
2888,2011-02-20 14:21:00,2011,2,20,14
2889,2011-02-20 14:31:00,2011,2,20,14
2890,2011-02-20 14:38:00,2011,2,20,14
2891,2011-02-20 15:06:00,2011,2,20,15
2892,2011-02-20 15:43:00,2011,2,20,15
2893,2011-02-20 15:51:00,2011,2,20,15
2894,2011-02-21 08:38:00,2011,2,21,8
2895,2011-02-21 08:50:00,2011,2,21,8
2896,2011-02-21 09:09:00,2011,2,21,9
2897,2011-02-21 09:45:00,2011,2,21,9
2898,2011-02-21 09:52:00,2011,2,21,9
2899,2011-02-21 09:55:00,2011,2,21,9
2900,2011-02-21 09:58:00,2011,2,21,9
2901,2011-02-21 10:07:00,2011,2,21,10
2902,2011-02-21 10:11:00,2011,2,21,10
2903,2011-02-21 10:28:00,2011,2,21,10
2904,2011-02-21 10:32:00,2011,2,21,10
2905,2011-02-21 10:36:00,2011,2,21,10
2906,2011-02-21 10:41:00,2011,2,21,10
2907,2011-02-21 10:53:00,2011,2,21,10
2908,2011-02-21 11:10:00,2011,2,21,11
2909,2011-02-21 11:35:00,2011,2,21,11
2910,2011-02-21 11:42:00,2011,2,21,11
2911,2011-02-21 12:29:00,2011,2,21,12
2912,2011-02-21 12:53:00,2011,2,21,12
2913,2011-02-21 12:54:00,2011,2,21,12
2914,2011-02-21 12:58:00,2011,2,21,12
2915,2011-02-21 13:07:00,2011,2,21,13
2916,2011-02-21 13:21:00,2011,2,21,13
2917,2011-02-21 13:40:00,2011,2,21,13
2918,2011-02-21 13:51:00,2011,2,21,13
2919,2011-02-21 14:04:00,2011,2,21,14
2920,2011-02-21 14:38:00,2011,2,21,14
2921,2011-02-21 14:58:00,2011,2,21,14
2922,2011-02-21 15:04:00,2011,2,21,15
2923,2011-02-21 15:20:00,2011,2,21,15
2924,2011-02-21 15:30:00,2011,2,21,15
2925,2011-02-21 17:35:00,2011,2,21,17
2926,2011-02-21 17:42:00,2011,2,21,17
2927,2011-02-22 08:24:00,2011,2,22,8
2928,2011-02-22 09:00:00,2011,2,22,9
2929,2011-02-22 09:01:00,2011,2,22,9
2930,2011-02-22 09:10:00,2011,2,22,9
2931,2011-02-22 09:11:00,2011,2,22,9
2932,2011-02-22 09:13:00,2011,2,22,9
2933,2011-02-22 09:15:00,2011,2,22,9
2934,2011-02-22 10:00:00,2011,2,22,10
2935,2011-02-22 10:09:00,2011,2,22,10
2936,2011-02-22 10:43:00,2011,2,22,10
2937,2011-02-22 10:59:00,2011,2,22,10
2938,2011-02-22 11:02:00,2011,2,22,11
2939,2011-02-22 11:05:00,2011,2,22,11
2940,2011-02-22 11:20:00,2011,2,22,11
2941,2011-02-22 11:33:00,2011,2,22,11
2942,2011-02-22 11:41:00,2011,2,22,11
2943,2011-02-22 11:43:00,2011,2,22,11
2944,2011-02-22 11:46:00,2011,2,22,11
2945,2011-02-22 11:58:00,2011,2,22,11
2946,2011-02-22 12:06:00,2011,2,22,12
2947,2011-02-22 12:13:00,2011,2,22,12
2948,2011-02-22 12:24:00,2011,2,22,12
2949,2011-02-22 12:40:00,2011,2,22,12
2950,2011-02-22 12:51:00,2011,2,22,12
2951,2011-02-22 12:53:00,2011,2,22,12
2952,2011-02-22 12:56:00,2011,2,22,12
2953,2011-02-22 13:02:00,2011,2,22,13
2954,2011-02-22 13:08:00,2011,2,22,13
2955,2011-02-22 13:18:00,2011,2,22,13
2956,2011-02-22 13:20:00,2011,2,22,13
2957,2011-02-22 13:47:00,2011,2,22,13
2958,2011-02-22 13:59:00,2011,2,22,13
2959,2011-02-22 14:10:00,2011,2,22,14
2960,2011-02-22 14:43:00,2011,2,22,14
2961,2011-02-22 14:55:00,2011,2,22,14
2962,2011-02-22 15:00:00,2011,2,22,15
2963,2011-02-22 15:09:00,2011,2,22,15
2964,2011-02-22 15:10:00,2011,2,22,15
2965,2011-02-22 15:14:00,2011,2,22,15
2966,2011-02-22 15:22:00,2011,2,22,15
2967,2011-02-22 15:45:00,2011,2,22,15
2968,2011-02-22 15:46:00,2011,2,22,15
2969,2011-02-22 15:59:00,2011,2,22,15
2970,2011-02-22 16:03:00,2011,2,22,16
2971,2011-02-22 16:13:00,2011,2,22,16
2972,2011-02-22 16:15:00,2011,2,22,16
2973,2011-02-22 16:19:00,2011,2,22,16
2974,2011-02-22 17:13:00,2011,2,22,17
2975,2011-02-22 17:20:00,2011,2,22,17
2976,2011-02-22 17:25:00,2011,2,22,17
2977,2011-02-23 08:29:00,2011,2,23,8
2978,2011-02-23 08:46:00,2011,2,23,8
2979,2011-02-23 08:48:00,2011,2,23,8
2980,2011-02-23 09:09:00,2011,2,23,9
2981,2011-02-23 09:14:00,2011,2,23,9
2982,2011-02-23 09:25:00,2011,2,23,9
2983,2011-02-23 09:30:00,2011,2,23,9
2984,2011-02-23 09:38:00,2011,2,23,9
2985,2011-02-23 09:44:00,2011,2,23,9
2986,2011-02-23 09:53:00,2011,2,23,9
2987,2011-02-23 09:54:00,2011,2,23,9
2988,2011-02-23 10:10:00,2011,2,23,10
2989,2011-02-23 10:27:00,2011,2,23,10
2990,2011-02-23 10:44:00,2011,2,23,10
2991,2011-02-23 10:46:00,2011,2,23,10
2992,2011-02-23 10:57:00,2011,2,23,10
2993,2011-02-23 10:58:00,2011,2,23,10
2994,2011-02-23 11:11:00,2011,2,23,11
2995,2011-02-23 11:32:00,2011,2,23,11
2996,2011-02-23 12:00:00,2011,2,23,12
2997,2011-02-23 12:03:00,2011,2,23,12
2998,2011-02-23 12:04:00,2011,2,23,12
2999,2011-02-23 12:18:00,2011,2,23,12
3000,2011-02-23 12:25:00,2011,2,23,12
3001,2011-02-23 12:27:00,2011,2,23,12
3002,2011-02-23 12:33:00,2011,2,23,12
3003,2011-02-23 12:37:00,2011,2,23,12
3004,2011-02-23 12:41:00,2011,2,23,12
3005,2011-02-23 12:50:00,2011,2,23,12
3006,2011-02-23 13:21:00,2011,2,23,13
3007,2011-02-23 13:37:00,2011,2,23,13
3008,2011-02-23 13:43:00,2011,2,23,13
3009,2011-02-23 13:44:00,2011,2,23,13
3010,2011-02-23 13:45:00,2011,2,23,13
3011,2011-02-23 13:48:00,2011,2,23,13
3012,2011-02-23 13:57:00,2011,2,23,13
3013,2011-02-23 14:29:00,2011,2,23,14
3014,2011-02-23 14:40:00,2011,2,23,14
3015,2011-02-23 14:50:00,2011,2,23,14
3016,2011-02-23 15:03:00,2011,2,23,15
3017,2011-02-23 15:11:00,2011,2,23,15
3018,2011-02-23 15:41:00,2011,2,23,15
3019,2011-02-23 15:53:00,2011,2,23,15
3020,2011-02-23 16:23:00,2011,2,23,16
3021,2011-02-23 16:37:00,2011,2,23,16
3022,2011-02-23 16:41:00,2011,2,23,16
3023,2011-02-23 16:44:00,2011,2,23,16
3024,2011-02-23 16:45:00,2011,2,23,16
3025,2011-02-23 17:15:00,2011,2,23,17
3026,2011-02-24 09:05:00,2011,2,24,9
3027,2011-02-24 09:08:00,2011,2,24,9
3028,2011-02-24 09:28:00,2011,2,24,9
3029,2011-02-24 09:32:00,2011,2,24,9
3030,2011-02-24 09:36:00,2011,2,24,9
3031,2011-02-24 10:10:00,2011,2,24,10
3032,2011-02-24 10:15:00,2011,2,24,10
3033,2011-02-24 10:25:00,2011,2,24,10
3034,2011-02-24 10:29:00,2011,2,24,10
3035,2011-02-24 10:34:00,2011,2,24,10
3036,2011-02-24 10:50:00,2011,2,24,10
3037,2011-02-24 11:11:00,2011,2,24,11
3038,2011-02-24 11:15:00,2011,2,24,11
3039,2011-02-24 11:38:00,2011,2,24,11
3040,2011-02-24 11:42:00,2011,2,24,11
3041,2011-02-24 11:54:00,2011,2,24,11
3042,2011-02-24 11:55:00,2011,2,24,11
3043,2011-02-24 12:00:00,2011,2,24,12
3044,2011-02-24 12:01:00,2011,2,24,12
3045,2011-02-24 12:09:00,2011,2,24,12
3046,2011-02-24 12:22:00,2011,2,24,12
3047,2011-02-24 12:25:00,2011,2,24,12
3048,2011-02-24 12:27:00,2011,2,24,12
3049,2011-02-24 12:32:00,2011,2,24,12
3050,2011-02-24 12:41:00,2011,2,24,12
3051,2011-02-24 13:43:00,2011,2,24,13
3052,2011-02-24 13:46:00,2011,2,24,13
3053,2011-02-24 13:54:00,2011,2,24,13
3054,2011-02-24 14:13:00,2011,2,24,14
3055,2011-02-24 14:15:00,2011,2,24,14
3056,2011-02-24 14:27:00,2011,2,24,14
3057,2011-02-24 14:32:00,2011,2,24,14
3058,2011-02-24 15:01:00,2011,2,24,15
3059,2011-02-24 15:12:00,2011,2,24,15
3060,2011-02-24 15:26:00,2011,2,24,15
3061,2011-02-24 15:39:00,2011,2,24,15
3062,2011-02-24 15:41:00,2011,2,24,15
3063,2011-02-24 15:42:00,2011,2,24,15
3064,2011-02-24 15:56:00,2011,2,24,15
3065,2011-02-24 16:30:00,2011,2,24,16
3066,2011-02-24 16:31:00,2011,2,24,16
3067,2011-02-24 16:35:00,2011,2,24,16
3068,2011-02-24 16:46:00,2011,2,24,16
3069,2011-02-24 17:14:00,2011,2,24,17
3070,2011-02-24 17:18:00,2011,2,24,17
3071,2011-02-24 17:28:00,2011,2,24,17
3072,2011-02-24 17:50:00,2011,2,24,17
3073,2011-02-24 17:51:00,2011,2,24,17
3074,2011-02-24 18:14:00,2011,2,24,18
3075,2011-02-24 18:26:00,2011,2,24,18
3076,2011-02-24 18:59:00,2011,2,24,18
3077,2011-02-25 08:14:00,2011,2,25,8
3078,2011-02-25 08:44:00,2011,2,25,8
3079,2011-02-25 09:01:00,2011,2,25,9
3080,2011-02-25 09:09:00,2011,2,25,9
3081,2011-02-25 09:37:00,2011,2,25,9
3082,2011-02-25 10:09:00,2011,2,25,10
3083,2011-02-25 10:10:00,2011,2,25,10
3084,2011-02-25 10:19:00,2011,2,25,10
3085,2011-02-25 10:25:00,2011,2,25,10
3086,2011-02-25 10:29:00,2011,2,25,10
3087,2011-02-25 10:39:00,2011,2,25,10
3088,2011-02-25 10:46:00,2011,2,25,10
3089,2011-02-25 10:53:00,2011,2,25,10
3090,2011-02-25 11:30:00,2011,2,25,11
3091,2011-02-25 11:32:00,2011,2,25,11
3092,2011-02-25 11:33:00,2011,2,25,11
3093,2011-02-25 11:53:00,2011,2,25,11
3094,2011-02-25 11:56:00,2011,2,25,11
3095,2011-02-25 12:28:00,2011,2,25,12
3096,2011-02-25 12:37:00,2011,2,25,12
3097,2011-02-25 12:40:00,2011,2,25,12
3098,2011-02-25 12:43:00,2011,2,25,12
3099,2011-02-25 12:48:00,2011,2,25,12
3100,2011-02-25 13:05:00,2011,2,25,13
3101,2011-02-25 13:08:00,2011,2,25,13
3102,2011-02-25 13:09:00,2011,2,25,13
3103,2011-02-25 13:15:00,2011,2,25,13
3104,2011-02-25 13:40:00,2011,2,25,13
3105,2011-02-25 13:51:00,2011,2,25,13
3106,2011-02-25 13:53:00,2011,2,25,13
3107,2011-02-25 13:56:00,2011,2,25,13
3108,2011-02-25 14:03:00,2011,2,25,14
3109,2011-02-25 14:11:00,2011,2,25,14
3110,2011-02-25 14:24:00,2011,2,25,14
3111,2011-02-25 14:25:00,2011,2,25,14
3112,2011-02-25 14:51:00,2011,2,25,14
3113,2011-02-25 15:21:00,2011,2,25,15
3114,2011-02-25 15:27:00,2011,2,25,15
3115,2011-02-25 15:32:00,2011,2,25,15
3116,2011-02-25 15:35:00,2011,2,25,15
3117,2011-02-25 15:37:00,2011,2,25,15
3118,2011-02-25 16:42:00,2011,2,25,16
3119,2011-02-25 17:03:00,2011,2,25,17
3120,2011-02-25 17:25:00,2011,2,25,17
3121,2011-02-27 10:02:00,2011,2,27,10
3122,2011-02-27 10:13:00,2011,2,27,10
3123,2011-02-27 10:22:00,2011,2,27,10
3124,2011-02-27 10:30:00,2011,2,27,10
3125,2011-02-27 10:41:00,2011,2,27,10
3126,2011-02-27 11:05:00,2011,2,27,11
3127,2011-02-27 11:31:00,2011,2,27,11
3128,2011-02-27 11:40:00,2011,2,27,11
3129,2011-02-27 11:42:00,2011,2,27,11
3130,2011-02-27 11:48:00,2011,2,27,11
3131,2011-02-27 11:53:00,2011,2,27,11
3132,2011-02-27 11:57:00,2011,2,27,11
3133,2011-02-27 11:58:00,2011,2,27,11
3134,2011-02-27 12:27:00,2011,2,27,12
3135,2011-02-27 12:41:00,2011,2,27,12
3136,2011-02-27 12:45:00,2011,2,27,12
3137,2011-02-27 12:48:00,2011,2,27,12
3138,2011-02-27 12:49:00,2011,2,27,12
3139,2011-02-27 13:03:00,2011,2,27,13
3140,2011-02-27 13:04:00,2011,2,27,13
3141,2011-02-27 13:47:00,2011,2,27,13
3142,2011-02-27 13:52:00,2011,2,27,13
3143,2011-02-27 14:07:00,2011,2,27,14
3144,2011-02-27 14:26:00,2011,2,27,14
3145,2011-02-27 14:29:00,2011,2,27,14
3146,2011-02-27 14:43:00,2011,2,27,14
3147,2011-02-27 14:44:00,2011,2,27,14
3148,2011-02-27 14:49:00,2011,2,27,14
3149,2011-02-27 15:25:00,2011,2,27,15
3150,2011-02-27 15:42:00,2011,2,27,15
3151,2011-02-27 15:59:00,2011,2,27,15
3152,2011-02-28 08:43:00,2011,2,28,8
3153,2011-02-28 09:26:00,2011,2,28,9
3154,2011-02-28 09:28:00,2011,2,28,9
3155,2011-02-28 09:33:00,2011,2,28,9
3156,2011-02-28 09:43:00,2011,2,28,9
3157,2011-02-28 10:07:00,2011,2,28,10
3158,2011-02-28 10:30:00,2011,2,28,10
3159,2011-02-28 10:33:00,2011,2,28,10
3160,2011-02-28 10:35:00,2011,2,28,10
3161,2011-02-28 10:37:00,2011,2,28,10
3162,2011-02-28 10:40:00,2011,2,28,10
3163,2011-02-28 10:55:00,2011,2,28,10
3164,2011-02-28 11:19:00,2011,2,28,11
3165,2011-02-28 11:43:00,2011,2,28,11
3166,2011-02-28 11:46:00,2011,2,28,11
3167,2011-02-28 11:57:00,2011,2,28,11
3168,2011-02-28 11:58:00,2011,2,28,11
3169,2011-02-28 12:08:00,2011,2,28,12
3170,2011-02-28 12:14:00,2011,2,28,12
3171,2011-02-28 12:19:00,2011,2,28,12
3172,2011-02-28 12:27:00,2011,2,28,12
3173,2011-02-28 12:46:00,2011,2,28,12
3174,2011-02-28 12:47:00,2011,2,28,12
3175,2011-02-28 12:57:00,2011,2,28,12
3176,2011-02-28 13:09:00,2011,2,28,13
3177,2011-02-28 13:25:00,2011,2,28,13
3178,2011-02-28 13:27:00,2011,2,28,13
3179,2011-02-28 13:28:00,2011,2,28,13
3180,2011-02-28 13:31:00,2011,2,28,13
3181,2011-02-28 13:34:00,2011,2,28,13
3182,2011-02-28 13:35:00,2011,2,28,13
3183,2011-02-28 13:39:00,2011,2,28,13
3184,2011-02-28 13:40:00,2011,2,28,13
3185,2011-02-28 13:41:00,2011,2,28,13
3186,2011-02-28 14:03:00,2011,2,28,14
3187,2011-02-28 14:15:00,2011,2,28,14
3188,2011-02-28 14:42:00,2011,2,28,14
3189,2011-02-28 14:45:00,2011,2,28,14
3190,2011-02-28 14:48:00,2011,2,28,14
3191,2011-02-28 14:59:00,2011,2,28,14
3192,2011-02-28 15:00:00,2011,2,28,15
3193,2011-02-28 15:04:00,2011,2,28,15
3194,2011-02-28 15:05:00,2011,2,28,15
3195,2011-02-28 15:18:00,2011,2,28,15
3196,2011-02-28 15:19:00,2011,2,28,15
3197,2011-02-28 15:32:00,2011,2,28,15
3198,2011-02-28 15:39:00,2011,2,28,15
3199,2011-02-28 16:36:00,2011,2,28,16
3200,2011-02-28 16:39:00,2011,2,28,16
3201,2011-02-28 17:01:00,2011,2,28,17
3202,2011-03-01 08:30:00,2011,3,1,8
3203,2011-03-01 08:35:00,2011,3,1,8
3204,2011-03-01 08:49:00,2011,3,1,8
3205,2011-03-01 08:58:00,2011,3,1,8
3206,2011-03-01 09:03:00,2011,3,1,9
3207,2011-03-01 09:22:00,2011,3,1,9
3208,2011-03-01 09:33:00,2011,3,1,9
3209,2011-03-01 09:35:00,2011,3,1,9
3210,2011-03-01 09:47:00,2011,3,1,9
3211,2011-03-01 09:52:00,2011,3,1,9
3212,2011-03-01 10:08:00,2011,3,1,10
3213,2011-03-01 10:19:00,2011,3,1,10
3214,2011-03-01 10:25:00,2011,3,1,10
3215,2011-03-01 10:26:00,2011,3,1,10
3216,2011-03-01 10:31:00,2011,3,1,10
3217,2011-03-01 10:38:00,2011,3,1,10
3218,2011-03-01 11:02:00,2011,3,1,11
3219,2011-03-01 11:30:00,2011,3,1,11
3220,2011-03-01 11:36:00,2011,3,1,11
3221,2011-03-01 11:42:00,2011,3,1,11
3222,2011-03-01 11:48:00,2011,3,1,11
3223,2011-03-01 11:55:00,2011,3,1,11
3224,2011-03-01 12:01:00,2011,3,1,12
3225,2011-03-01 12:07:00,2011,3,1,12
3226,2011-03-01 12:09:00,2011,3,1,12
3227,2011-03-01 12:24:00,2011,3,1,12
3228,2011-03-01 12:26:00,2011,3,1,12
3229,2011-03-01 12:46:00,2011,3,1,12
3230,2011-03-01 12:48:00,2011,3,1,12
3231,2011-03-01 12:51:00,2011,3,1,12
3232,2011-03-01 12:58:00,2011,3,1,12
3233,2011-03-01 13:04:00,2011,3,1,13
3234,2011-03-01 13:19:00,2011,3,1,13
3235,2011-03-01 13:40:00,2011,3,1,13
3236,2011-03-01 13:45:00,2011,3,1,13
3237,2011-03-01 13:51:00,2011,3,1,13
3238,2011-03-01 13:55:00,2011,3,1,13
3239,2011-03-01 14:11:00,2011,3,1,14
3240,2011-03-01 14:26:00,2011,3,1,14
3241,2011-03-01 14:42:00,2011,3,1,14
3242,2011-03-01 14:47:00,2011,3,1,14
3243,2011-03-01 14:53:00,2011,3,1,14
3244,2011-03-01 14:56:00,2011,3,1,14
3245,2011-03-01 14:57:00,2011,3,1,14
3246,2011-03-01 14:58:00,2011,3,1,14
3247,2011-03-01 15:01:00,2011,3,1,15
3248,2011-03-01 15:12:00,2011,3,1,15
3249,2011-03-01 15:16:00,2011,3,1,15
3250,2011-03-01 15:47:00,2011,3,1,15
3251,2011-03-01 15:49:00,2011,3,1,15
3252,2011-03-01 15:52:00,2011,3,1,15
3253,2011-03-01 16:34:00,2011,3,1,16
3254,2011-03-01 16:53:00,2011,3,1,16
3255,2011-03-01 17:28:00,2011,3,1,17
3256,2011-03-01 17:32:00,2011,3,1,17
3257,2011-03-02 08:26:00,2011,3,2,8
3258,2011-03-02 08:41:00,2011,3,2,8
3259,2011-03-02 09:03:00,2011,3,2,9
3260,2011-03-02 09:04:00,2011,3,2,9
3261,2011-03-02 09:05:00,2011,3,2,9
3262,2011-03-02 09:24:00,2011,3,2,9
3263,2011-03-02 09:33:00,2011,3,2,9
3264,2011-03-02 09:49:00,2011,3,2,9
3265,2011-03-02 10:20:00,2011,3,2,10
3266,2011-03-02 10:49:00,2011,3,2,10
3267,2011-03-02 11:07:00,2011,3,2,11
3268,2011-03-02 11:32:00,2011,3,2,11
3269,2011-03-02 11:43:00,2011,3,2,11
3270,2011-03-02 11:48:00,2011,3,2,11
3271,2011-03-02 12:03:00,2011,3,2,12
3272,2011-03-02 12:10:00,2011,3,2,12
3273,2011-03-02 12:18:00,2011,3,2,12
3274,2011-03-02 12:21:00,2011,3,2,12
3275,2011-03-02 12:24:00,2011,3,2,12
3276,2011-03-02 12:43:00,2011,3,2,12
3277,2011-03-02 13:03:00,2011,3,2,13
3278,2011-03-02 13:35:00,2011,3,2,13
3279,2011-03-02 13:42:00,2011,3,2,13
3280,2011-03-02 13:56:00,2011,3,2,13
3281,2011-03-02 14:16:00,2011,3,2,14
3282,2011-03-02 14:34:00,2011,3,2,14
3283,2011-03-02 14:39:00,2011,3,2,14
3284,2011-03-02 14:41:00,2011,3,2,14
3285,2011-03-02 14:43:00,2011,3,2,14
3286,2011-03-02 14:46:00,2011,3,2,14
3287,2011-03-02 14:50:00,2011,3,2,14
3288,2011-03-02 14:58:00,2011,3,2,14
3289,2011-03-02 15:15:00,2011,3,2,15
3290,2011-03-02 15:28:00,2011,3,2,15
3291,2011-03-02 16:17:00,2011,3,2,16
3292,2011-03-02 16:26:00,2011,3,2,16
3293,2011-03-02 16:34:00,2011,3,2,16
3294,2011-03-02 16:35:00,2011,3,2,16
3295,2011-03-02 17:21:00,2011,3,2,17
3296,2011-03-02 17:32:00,2011,3,2,17
3297,2011-03-02 17:33:00,2011,3,2,17
3298,2011-03-03 08:24:00,2011,3,3,8
3299,2011-03-03 08:36:00,2011,3,3,8
3300,2011-03-03 09:25:00,2011,3,3,9
3301,2011-03-03 09:26:00,2011,3,3,9
3302,2011-03-03 09:39:00,2011,3,3,9
3303,2011-03-03 09:41:00,2011,3,3,9
3304,2011-03-03 10:09:00,2011,3,3,10
3305,2011-03-03 10:26:00,2011,3,3,10
3306,2011-03-03 10:34:00,2011,3,3,10
3307,2011-03-03 10:55:00,2011,3,3,10
3308,2011-03-03 10:59:00,2011,3,3,10
3309,2011-03-03 11:07:00,2011,3,3,11
3310,2011-03-03 11:34:00,2011,3,3,11
3311,2011-03-03 11:40:00,2011,3,3,11
3312,2011-03-03 12:00:00,2011,3,3,12
3313,2011-03-03 12:06:00,2011,3,3,12
3314,2011-03-03 12:20:00,2011,3,3,12
3315,2011-03-03 12:24:00,2011,3,3,12
3316,2011-03-03 12:27:00,2011,3,3,12
3317,2011-03-03 12:30:00,2011,3,3,12
3318,2011-03-03 12:35:00,2011,3,3,12
3319,2011-03-03 12:41:00,2011,3,3,12
3320,2011-03-03 12:53:00,2011,3,3,12
3321,2011-03-03 13:14:00,2011,3,3,13
3322,2011-03-03 13:45:00,2011,3,3,13
3323,2011-03-03 14:04:00,2011,3,3,14
3324,2011-03-03 14:05:00,2011,3,3,14
3325,2011-03-03 14:09:00,2011,3,3,14
3326,2011-03-03 14:12:00,2011,3,3,14
3327,2011-03-03 14:43:00,2011,3,3,14
3328,2011-03-03 14:56:00,2011,3,3,14
3329,2011-03-03 15:02:00,2011,3,3,15
3330,2011-03-03 15:11:00,2011,3,3,15
3331,2011-03-03 15:17:00,2011,3,3,15
3332,2011-03-03 15:30:00,2011,3,3,15
3333,2011-03-03 15:31:00,2011,3,3,15
3334,2011-03-03 16:28:00,2011,3,3,16
3335,2011-03-03 16:34:00,2011,3,3,16
3336,2011-03-03 16:58:00,2011,3,3,16
3337,2011-03-03 18:16:00,2011,3,3,18
3338,2011-03-03 18:28:00,2011,3,3,18
3339,2011-03-03 18:46:00,2011,3,3,18
3340,2011-03-03 19:18:00,2011,3,3,19
3341,2011-03-03 19:21:00,2011,3,3,19
3342,2011-03-04 08:10:00,2011,3,4,8
3343,2011-03-04 08:43:00,2011,3,4,8
3344,2011-03-04 09:05:00,2011,3,4,9
3345,2011-03-04 09:08:00,2011,3,4,9
3346,2011-03-04 09:32:00,2011,3,4,9
3347,2011-03-04 09:46:00,2011,3,4,9
3348,2011-03-04 10:03:00,2011,3,4,10
3349,2011-03-04 10:21:00,2011,3,4,10
3350,2011-03-04 10:24:00,2011,3,4,10
3351,2011-03-04 10:28:00,2011,3,4,10
3352,2011-03-04 10:30:00,2011,3,4,10
3353,2011-03-04 10:31:00,2011,3,4,10
3354,2011-03-04 10:39:00,2011,3,4,10
3355,2011-03-04 10:49:00,2011,3,4,10
3356,2011-03-04 10:58:00,2011,3,4,10
3357,2011-03-04 11:49:00,2011,3,4,11
3358,2011-03-04 12:06:00,2011,3,4,12
3359,2011-03-04 12:12:00,2011,3,4,12
3360,2011-03-04 12:14:00,2011,3,4,12
3361,2011-03-04 12:15:00,2011,3,4,12
3362,2011-03-04 12:16:00,2011,3,4,12
3363,2011-03-04 12:26:00,2011,3,4,12
3364,2011-03-04 12:37:00,2011,3,4,12
3365,2011-03-04 12:42:00,2011,3,4,12
3366,2011-03-04 12:46:00,2011,3,4,12
3367,2011-03-04 13:09:00,2011,3,4,13
3368,2011-03-04 13:14:00,2011,3,4,13
3369,2011-03-04 13:27:00,2011,3,4,13
3370,2011-03-04 13:39:00,2011,3,4,13
3371,2011-03-04 13:46:00,2011,3,4,13
3372,2011-03-04 13:58:00,2011,3,4,13
3373,2011-03-04 14:02:00,2011,3,4,14
3374,2011-03-04 14:13:00,2011,3,4,14
3375,2011-03-04 14:21:00,2011,3,4,14
3376,2011-03-04 14:28:00,2011,3,4,14
3377,2011-03-04 14:41:00,2011,3,4,14
3378,2011-03-04 14:42:00,2011,3,4,14
3379,2011-03-04 14:52:00,2011,3,4,14
3380,2011-03-04 15:15:00,2011,3,4,15
3381,2011-03-04 15:20:00,2011,3,4,15
3382,2011-03-04 17:02:00,2011,3,4,17
3383,2011-03-06 10:05:00,2011,3,6,10
3384,2011-03-06 10:07:00,2011,3,6,10
3385,2011-03-06 10:26:00,2011,3,6,10
3386,2011-03-06 11:27:00,2011,3,6,11
3387,2011-03-06 11:28:00,2011,3,6,11
3388,2011-03-06 11:39:00,2011,3,6,11
3389,2011-03-06 11:50:00,2011,3,6,11
3390,2011-03-06 11:52:00,2011,3,6,11
3391,2011-03-06 11:55:00,2011,3,6,11
3392,2011-03-06 12:09:00,2011,3,6,12
3393,2011-03-06 12:20:00,2011,3,6,12
3394,2011-03-06 12:42:00,2011,3,6,12
3395,2011-03-06 12:46:00,2011,3,6,12
3396,2011-03-06 12:52:00,2011,3,6,12
3397,2011-03-06 12:58:00,2011,3,6,12
3398,2011-03-06 14:09:00,2011,3,6,14
3399,2011-03-06 14:10:00,2011,3,6,14
3400,2011-03-06 14:15:00,2011,3,6,14
3401,2011-03-06 14:21:00,2011,3,6,14
3402,2011-03-06 14:38:00,2011,3,6,14
3403,2011-03-06 14:44:00,2011,3,6,14
3404,2011-03-06 14:50:00,2011,3,6,14
3405,2011-03-06 14:57:00,2011,3,6,14
3406,2011-03-06 15:17:00,2011,3,6,15
3407,2011-03-06 15:21:00,2011,3,6,15
3408,2011-03-07 08:30:00,2011,3,7,8
3409,2011-03-07 09:00:00,2011,3,7,9
3410,2011-03-07 09:10:00,2011,3,7,9
3411,2011-03-07 09:35:00,2011,3,7,9
3412,2011-03-07 09:39:00,2011,3,7,9
3413,2011-03-07 09:49:00,2011,3,7,9
3414,2011-03-07 09:52:00,2011,3,7,9
3415,2011-03-07 10:22:00,2011,3,7,10
3416,2011-03-07 10:28:00,2011,3,7,10
3417,2011-03-07 10:52:00,2011,3,7,10
3418,2011-03-07 11:06:00,2011,3,7,11
3419,2011-03-07 11:32:00,2011,3,7,11
3420,2011-03-07 11:44:00,2011,3,7,11
3421,2011-03-07 11:52:00,2011,3,7,11
3422,2011-03-07 11:54:00,2011,3,7,11
3423,2011-03-07 11:56:00,2011,3,7,11
3424,2011-03-07 12:00:00,2011,3,7,12
3425,2011-03-07 12:12:00,2011,3,7,12
3426,2011-03-07 12:17:00,2011,3,7,12
3427,2011-03-07 12:26:00,2011,3,7,12
3428,2011-03-07 12:31:00,2011,3,7,12
3429,2011-03-07 12:46:00,2011,3,7,12
3430,2011-03-07 12:50:00,2011,3,7,12
3431,2011-03-07 12:53:00,2011,3,7,12
3432,2011-03-07 13:03:00,2011,3,7,13
3433,2011-03-07 13:10:00,2011,3,7,13
3434,2011-03-07 13:17:00,2011,3,7,13
3435,2011-03-07 13:33:00,2011,3,7,13
3436,2011-03-07 13:37:00,2011,3,7,13
3437,2011-03-07 13:38:00,2011,3,7,13
3438,2011-03-07 13:45:00,2011,3,7,13
3439,2011-03-07 13:50:00,2011,3,7,13
3440,2011-03-07 13:51:00,2011,3,7,13
3441,2011-03-07 13:52:00,2011,3,7,13
3442,2011-03-07 13:54:00,2011,3,7,13
3443,2011-03-07 14:10:00,2011,3,7,14
3444,2011-03-07 14:17:00,2011,3,7,14
3445,2011-03-07 14:33:00,2011,3,7,14
3446,2011-03-07 14:45:00,2011,3,7,14
3447,2011-03-07 14:51:00,2011,3,7,14
3448,2011-03-07 14:54:00,2011,3,7,14
3449,2011-03-07 15:02:00,2011,3,7,15
3450,2011-03-07 15:40:00,2011,3,7,15
3451,2011-03-07 16:14:00,2011,3,7,16
3452,2011-03-07 16:39:00,2011,3,7,16
3453,2011-03-07 17:04:00,2011,3,7,17
3454,2011-03-07 17:19:00,2011,3,7,17
3455,2011-03-07 17:23:00,2011,3,7,17
3456,2011-03-07 17:30:00,2011,3,7,17
3457,2011-03-07 17:42:00,2011,3,7,17
3458,2011-03-07 17:52:00,2011,3,7,17
3459,2011-03-07 17:55:00,2011,3,7,17
3460,2011-03-08 08:52:00,2011,3,8,8
3461,2011-03-08 08:53:00,2011,3,8,8
3462,2011-03-08 09:23:00,2011,3,8,9
3463,2011-03-08 09:24:00,2011,3,8,9
3464,2011-03-08 09:26:00,2011,3,8,9
3465,2011-03-08 09:45:00,2011,3,8,9
3466,2011-03-08 10:04:00,2011,3,8,10
3467,2011-03-08 10:12:00,2011,3,8,10
3468,2011-03-08 10:33:00,2011,3,8,10
3469,2011-03-08 10:39:00,2011,3,8,10
3470,2011-03-08 11:39:00,2011,3,8,11
3471,2011-03-08 11:44:00,2011,3,8,11
3472,2011-03-08 11:46:00,2011,3,8,11
3473,2011-03-08 11:55:00,2011,3,8,11
3474,2011-03-08 11:59:00,2011,3,8,11
3475,2011-03-08 12:04:00,2011,3,8,12
3476,2011-03-08 12:05:00,2011,3,8,12
3477,2011-03-08 12:07:00,2011,3,8,12
3478,2011-03-08 12:19:00,2011,3,8,12
3479,2011-03-08 12:30:00,2011,3,8,12
3480,2011-03-08 12:49:00,2011,3,8,12
3481,2011-03-08 12:51:00,2011,3,8,12
3482,2011-03-08 12:52:00,2011,3,8,12
3483,2011-03-08 12:57:00,2011,3,8,12
3484,2011-03-08 13:12:00,2011,3,8,13
3485,2011-03-08 13:21:00,2011,3,8,13
3486,2011-03-08 13:23:00,2011,3,8,13
3487,2011-03-08 13:50:00,2011,3,8,13
3488,2011-03-08 13:54:00,2011,3,8,13
3489,2011-03-08 14:12:00,2011,3,8,14
3490,2011-03-08 14:35:00,2011,3,8,14
3491,2011-03-08 14:44:00,2011,3,8,14
3492,2011-03-08 14:47:00,2011,3,8,14
3493,2011-03-08 15:03:00,2011,3,8,15
3494,2011-03-08 15:07:00,2011,3,8,15
3495,2011-03-08 15:17:00,2011,3,8,15
3496,2011-03-08 15:22:00,2011,3,8,15
3497,2011-03-08 15:45:00,2011,3,8,15
3498,2011-03-08 16:31:00,2011,3,8,16
3499,2011-03-08 16:38:00,2011,3,8,16
3500,2011-03-08 16:39:00,2011,3,8,16
3501,2011-03-08 16:48:00,2011,3,8,16
3502,2011-03-08 17:23:00,2011,3,8,17
3503,2011-03-08 17:25:00,2011,3,8,17
3504,2011-03-09 08:09:00,2011,3,9,8
3505,2011-03-09 08:33:00,2011,3,9,8
3506,2011-03-09 08:59:00,2011,3,9,8
3507,2011-03-09 09:11:00,2011,3,9,9
3508,2011-03-09 09:12:00,2011,3,9,9
3509,2011-03-09 09:44:00,2011,3,9,9
3510,2011-03-09 09:50:00,2011,3,9,9
3511,2011-03-09 09:52:00,2011,3,9,9
3512,2011-03-09 10:00:00,2011,3,9,10
3513,2011-03-09 10:19:00,2011,3,9,10
3514,2011-03-09 10:51:00,2011,3,9,10
3515,2011-03-09 10:58:00,2011,3,9,10
3516,2011-03-09 11:05:00,2011,3,9,11
3517,2011-03-09 11:25:00,2011,3,9,11
3518,2011-03-09 11:27:00,2011,3,9,11
3519,2011-03-09 11:28:00,2011,3,9,11
3520,2011-03-09 11:35:00,2011,3,9,11
3521,2011-03-09 11:44:00,2011,3,9,11
3522,2011-03-09 11:48:00,2011,3,9,11
3523,2011-03-09 11:53:00,2011,3,9,11
3524,2011-03-09 11:54:00,2011,3,9,11
3525,2011-03-09 11:59:00,2011,3,9,11
3526,2011-03-09 12:04:00,2011,3,9,12
3527,2011-03-09 12:12:00,2011,3,9,12
3528,2011-03-09 12:14:00,2011,3,9,12
3529,2011-03-09 12:19:00,2011,3,9,12
3530,2011-03-09 12:21:00,2011,3,9,12
3531,2011-03-09 12:33:00,2011,3,9,12
3532,2011-03-09 12:35:00,2011,3,9,12
3533,2011-03-09 12:38:00,2011,3,9,12
3534,2011-03-09 12:39:00,2011,3,9,12
3535,2011-03-09 12:44:00,2011,3,9,12
3536,2011-03-09 13:18:00,2011,3,9,13
3537,2011-03-09 13:50:00,2011,3,9,13
3538,2011-03-09 13:53:00,2011,3,9,13
3539,2011-03-09 13:56:00,2011,3,9,13
3540,2011-03-09 14:14:00,2011,3,9,14
3541,2011-03-09 14:22:00,2011,3,9,14
3542,2011-03-09 14:23:00,2011,3,9,14
3543,2011-03-09 14:30:00,2011,3,9,14
3544,2011-03-09 14:32:00,2011,3,9,14
3545,2011-03-09 14:49:00,2011,3,9,14
3546,2011-03-09 14:57:00,2011,3,9,14
3547,2011-03-09 15:17:00,2011,3,9,15
3548,2011-03-09 15:20:00,2011,3,9,15
3549,2011-03-09 15:35:00,2011,3,9,15
3550,2011-03-09 15:47:00,2011,3,9,15
3551,2011-03-10 07:42:00,2011,3,10,7
3552,2011-03-10 07:43:00,2011,3,10,7
3553,2011-03-10 08:29:00,2011,3,10,8
3554,2011-03-10 08:31:00,2011,3,10,8
3555,2011-03-10 08:40:00,2011,3,10,8
3556,2011-03-10 09:30:00,2011,3,10,9
3557,2011-03-10 09:41:00,2011,3,10,9
3558,2011-03-10 09:49:00,2011,3,10,9
3559,2011-03-10 09:52:00,2011,3,10,9
3560,2011-03-10 10:03:00,2011,3,10,10
3561,2011-03-10 10:04:00,2011,3,10,10
3562,2011-03-10 10:08:00,2011,3,10,10
3563,2011-03-10 10:10:00,2011,3,10,10
3564,2011-03-10 10:27:00,2011,3,10,10
3565,2011-03-10 10:31:00,2011,3,10,10
3566,2011-03-10 10:32:00,2011,3,10,10
3567,2011-03-10 10:53:00,2011,3,10,10
3568,2011-03-10 10:56:00,2011,3,10,10
3569,2011-03-10 10:57:00,2011,3,10,10
3570,2011-03-10 11:33:00,2011,3,10,11
3571,2011-03-10 11:37:00,2011,3,10,11
3572,2011-03-10 11:52:00,2011,3,10,11
3573,2011-03-10 11:56:00,2011,3,10,11
3574,2011-03-10 12:11:00,2011,3,10,12
3575,2011-03-10 12:16:00,2011,3,10,12
3576,2011-03-10 12:22:00,2011,3,10,12
3577,2011-03-10 12:26:00,2011,3,10,12
3578,2011-03-10 12:42:00,2011,3,10,12
3579,2011-03-10 12:48:00,2011,3,10,12
3580,2011-03-10 12:50:00,2011,3,10,12
3581,2011-03-10 12:59:00,2011,3,10,12
3582,2011-03-10 13:07:00,2011,3,10,13
3583,2011-03-10 13:08:00,2011,3,10,13
3584,2011-03-10 13:28:00,2011,3,10,13
3585,2011-03-10 13:34:00,2011,3,10,13
3586,2011-03-10 13:46:00,2011,3,10,13
3587,2011-03-10 13:58:00,2011,3,10,13
3588,2011-03-10 14:14:00,2011,3,10,14
3589,2011-03-10 14:37:00,2011,3,10,14
3590,2011-03-10 14:42:00,2011,3,10,14
3591,2011-03-10 14:44:00,2011,3,10,14
3592,2011-03-10 14:45:00,2011,3,10,14
3593,2011-03-10 14:56:00,2011,3,10,14
3594,2011-03-10 15:01:00,2011,3,10,15
3595,2011-03-10 15:06:00,2011,3,10,15
3596,2011-03-10 15:08:00,2011,3,10,15
3597,2011-03-10 15:21:00,2011,3,10,15
3598,2011-03-10 15:52:00,2011,3,10,15
3599,2011-03-10 16:16:00,2011,3,10,16
3600,2011-03-10 16:26:00,2011,3,10,16
3601,2011-03-10 19:05:00,2011,3,10,19
3602,2011-03-11 08:31:00,2011,3,11,8
3603,2011-03-11 08:59:00,2011,3,11,8
3604,2011-03-11 09:07:00,2011,3,11,9
3605,2011-03-11 09:20:00,2011,3,11,9
3606,2011-03-11 09:23:00,2011,3,11,9
3607,2011-03-11 09:39:00,2011,3,11,9
3608,2011-03-11 09:42:00,2011,3,11,9
3609,2011-03-11 09:54:00,2011,3,11,9
3610,2011-03-11 10:15:00,2011,3,11,10
3611,2011-03-11 10:19:00,2011,3,11,10
3612,2011-03-11 10:22:00,2011,3,11,10
3613,2011-03-11 10:30:00,2011,3,11,10
3614,2011-03-11 10:31:00,2011,3,11,10
3615,2011-03-11 11:35:00,2011,3,11,11
3616,2011-03-11 11:37:00,2011,3,11,11
3617,2011-03-11 11:38:00,2011,3,11,11
3618,2011-03-11 11:41:00,2011,3,11,11
3619,2011-03-11 11:47:00,2011,3,11,11
3620,2011-03-11 12:00:00,2011,3,11,12
3621,2011-03-11 12:05:00,2011,3,11,12
3622,2011-03-11 12:11:00,2011,3,11,12
3623,2011-03-11 12:13:00,2011,3,11,12
3624,2011-03-11 12:17:00,2011,3,11,12
3625,2011-03-11 12:26:00,2011,3,11,12
3626,2011-03-11 12:29:00,2011,3,11,12
3627,2011-03-11 12:44:00,2011,3,11,12
3628,2011-03-11 12:54:00,2011,3,11,12
3629,2011-03-11 13:03:00,2011,3,11,13
3630,2011-03-11 13:13:00,2011,3,11,13
3631,2011-03-11 13:31:00,2011,3,11,13
3632,2011-03-11 13:34:00,2011,3,11,13
3633,2011-03-11 13:56:00,2011,3,11,13
3634,2011-03-11 14:03:00,2011,3,11,14
3635,2011-03-11 14:06:00,2011,3,11,14
3636,2011-03-11 14:15:00,2011,3,11,14
3637,2011-03-11 14:26:00,2011,3,11,14
3638,2011-03-11 14:35:00,2011,3,11,14
3639,2011-03-11 14:37:00,2011,3,11,14
3640,2011-03-11 14:52:00,2011,3,11,14
3641,2011-03-11 14:58:00,2011,3,11,14
3642,2011-03-11 15:14:00,2011,3,11,15
3643,2011-03-11 15:22:00,2011,3,11,15
3644,2011-03-11 15:42:00,2011,3,11,15
3645,2011-03-11 16:05:00,2011,3,11,16
3646,2011-03-11 16:43:00,2011,3,11,16
3647,2011-03-11 16:50:00,2011,3,11,16
3648,2011-03-11 16:54:00,2011,3,11,16
3649,2011-03-13 10:25:00,2011,3,13,10
3650,2011-03-13 10:27:00,2011,3,13,10
3651,2011-03-13 10:48:00,2011,3,13,10
3652,2011-03-13 10:57:00,2011,3,13,10
3653,2011-03-13 11:06:00,2011,3,13,11
3654,2011-03-13 11:18:00,2011,3,13,11
3655,2011-03-13 11:21:00,2011,3,13,11
3656,2011-03-13 11:38:00,2011,3,13,11
3657,2011-03-13 12:39:00,2011,3,13,12
3658,2011-03-13 12:51:00,2011,3,13,12
3659,2011-03-13 13:36:00,2011,3,13,13
3660,2011-03-13 13:46:00,2011,3,13,13
3661,2011-03-13 14:29:00,2011,3,13,14
3662,2011-03-13 14:55:00,2011,3,13,14
3663,2011-03-13 15:25:00,2011,3,13,15
3664,2011-03-13 15:55:00,2011,3,13,15
3665,2011-03-14 08:05:00,2011,3,14,8
3666,2011-03-14 08:21:00,2011,3,14,8
3667,2011-03-14 08:37:00,2011,3,14,8
3668,2011-03-14 08:41:00,2011,3,14,8
3669,2011-03-14 09:37:00,2011,3,14,9
3670,2011-03-14 09:42:00,2011,3,14,9
3671,2011-03-14 09:46:00,2011,3,14,9
3672,2011-03-14 09:59:00,2011,3,14,9
3673,2011-03-14 10:31:00,2011,3,14,10
3674,2011-03-14 10:36:00,2011,3,14,10
3675,2011-03-14 10:38:00,2011,3,14,10
3676,2011-03-14 10:41:00,2011,3,14,10
3677,2011-03-14 10:55:00,2011,3,14,10
3678,2011-03-14 10:57:00,2011,3,14,10
3679,2011-03-14 11:04:00,2011,3,14,11
3680,2011-03-14 11:38:00,2011,3,14,11
3681,2011-03-14 11:41:00,2011,3,14,11
3682,2011-03-14 11:44:00,2011,3,14,11
3683,2011-03-14 11:46:00,2011,3,14,11
3684,2011-03-14 12:11:00,2011,3,14,12
3685,2011-03-14 12:15:00,2011,3,14,12
3686,2011-03-14 12:17:00,2011,3,14,12
3687,2011-03-14 12:28:00,2011,3,14,12
3688,2011-03-14 12:34:00,2011,3,14,12
3689,2011-03-14 12:41:00,2011,3,14,12
3690,2011-03-14 12:42:00,2011,3,14,12
3691,2011-03-14 12:51:00,2011,3,14,12
3692,2011-03-14 12:58:00,2011,3,14,12
3693,2011-03-14 12:59:00,2011,3,14,12
3694,2011-03-14 13:00:00,2011,3,14,13
3695,2011-03-14 13:04:00,2011,3,14,13
3696,2011-03-14 13:25:00,2011,3,14,13
3697,2011-03-14 13:35:00,2011,3,14,13
3698,2011-03-14 13:36:00,2011,3,14,13
3699,2011-03-14 13:53:00,2011,3,14,13
3700,2011-03-14 13:56:00,2011,3,14,13
3701,2011-03-14 14:32:00,2011,3,14,14
3702,2011-03-14 14:51:00,2011,3,14,14
3703,2011-03-14 15:05:00,2011,3,14,15
3704,2011-03-14 15:11:00,2011,3,14,15
3705,2011-03-14 15:13:00,2011,3,14,15
3706,2011-03-14 15:40:00,2011,3,14,15
3707,2011-03-14 15:41:00,2011,3,14,15
3708,2011-03-14 15:48:00,2011,3,14,15
3709,2011-03-14 16:46:00,2011,3,14,16
3710,2011-03-14 16:54:00,2011,3,14,16
3711,2011-03-15 08:18:00,2011,3,15,8
3712,2011-03-15 08:52:00,2011,3,15,8
3713,2011-03-15 09:13:00,2011,3,15,9
3714,2011-03-15 09:22:00,2011,3,15,9
3715,2011-03-15 09:32:00,2011,3,15,9
3716,2011-03-15 10:26:00,2011,3,15,10
3717,2011-03-15 10:34:00,2011,3,15,10
3718,2011-03-15 10:45:00,2011,3,15,10
3719,2011-03-15 10:49:00,2011,3,15,10
3720,2011-03-15 10:53:00,2011,3,15,10
3721,2011-03-15 11:09:00,2011,3,15,11
3722,2011-03-15 11:30:00,2011,3,15,11
3723,2011-03-15 11:38:00,2011,3,15,11
3724,2011-03-15 11:45:00,2011,3,15,11
3725,2011-03-15 12:03:00,2011,3,15,12
3726,2011-03-15 12:05:00,2011,3,15,12
3727,2011-03-15 12:06:00,2011,3,15,12
3728,2011-03-15 12:10:00,2011,3,15,12
3729,2011-03-15 12:11:00,2011,3,15,12
3730,2011-03-15 12:19:00,2011,3,15,12
3731,2011-03-15 12:37:00,2011,3,15,12
3732,2011-03-15 12:52:00,2011,3,15,12
3733,2011-03-15 12:54:00,2011,3,15,12
3734,2011-03-15 12:56:00,2011,3,15,12
3735,2011-03-15 13:13:00,2011,3,15,13
3736,2011-03-15 13:23:00,2011,3,15,13
3737,2011-03-15 13:28:00,2011,3,15,13
3738,2011-03-15 13:49:00,2011,3,15,13
3739,2011-03-15 14:20:00,2011,3,15,14
3740,2011-03-15 14:21:00,2011,3,15,14
3741,2011-03-15 14:25:00,2011,3,15,14
3742,2011-03-15 14:32:00,2011,3,15,14
3743,2011-03-15 14:36:00,2011,3,15,14
3744,2011-03-15 15:06:00,2011,3,15,15
3745,2011-03-15 15:31:00,2011,3,15,15
3746,2011-03-15 15:33:00,2011,3,15,15
3747,2011-03-15 15:36:00,2011,3,15,15
3748,2011-03-15 15:37:00,2011,3,15,15
3749,2011-03-15 16:29:00,2011,3,15,16
3750,2011-03-15 16:39:00,2011,3,15,16
3751,2011-03-15 16:47:00,2011,3,15,16
3752,2011-03-16 08:29:00,2011,3,16,8
3753,2011-03-16 08:31:00,2011,3,16,8
3754,2011-03-16 09:38:00,2011,3,16,9
3755,2011-03-16 09:47:00,2011,3,16,9
3756,2011-03-16 09:52:00,2011,3,16,9
3757,2011-03-16 09:58:00,2011,3,16,9
3758,2011-03-16 10:17:00,2011,3,16,10
3759,2011-03-16 10:24:00,2011,3,16,10
3760,2011-03-16 10:25:00,2011,3,16,10
3761,2011-03-16 10:45:00,2011,3,16,10
3762,2011-03-16 11:02:00,2011,3,16,11
3763,2011-03-16 11:09:00,2011,3,16,11
3764,2011-03-16 11:36:00,2011,3,16,11
3765,2011-03-16 11:39:00,2011,3,16,11
3766,2011-03-16 11:41:00,2011,3,16,11
3767,2011-03-16 11:47:00,2011,3,16,11
3768,2011-03-16 11:49:00,2011,3,16,11
3769,2011-03-16 11:52:00,2011,3,16,11
3770,2011-03-16 11:57:00,2011,3,16,11
3771,2011-03-16 12:12:00,2011,3,16,12
3772,2011-03-16 12:22:00,2011,3,16,12
3773,2011-03-16 12:26:00,2011,3,16,12
3774,2011-03-16 12:42:00,2011,3,16,12
3775,2011-03-16 12:43:00,2011,3,16,12
3776,2011-03-16 12:44:00,2011,3,16,12
3777,2011-03-16 12:45:00,2011,3,16,12
3778,2011-03-16 12:55:00,2011,3,16,12
3779,2011-03-16 13:00:00,2011,3,16,13
3780,2011-03-16 13:13:00,2011,3,16,13
3781,2011-03-16 13:29:00,2011,3,16,13
3782,2011-03-16 13:44:00,2011,3,16,13
3783,2011-03-16 13:58:00,2011,3,16,13
3784,2011-03-16 14:00:00,2011,3,16,14
3785,2011-03-16 14:02:00,2011,3,16,14
3786,2011-03-16 14:12:00,2011,3,16,14
3787,2011-03-16 14:31:00,2011,3,16,14
3788,2011-03-16 14:37:00,2011,3,16,14
3789,2011-03-16 14:49:00,2011,3,16,14
3790,2011-03-16 14:51:00,2011,3,16,14
3791,2011-03-16 14:54:00,2011,3,16,14
3792,2011-03-16 14:57:00,2011,3,16,14
3793,2011-03-16 15:17:00,2011,3,16,15
3794,2011-03-16 15:19:00,2011,3,16,15
3795,2011-03-16 15:34:00,2011,3,16,15
3796,2011-03-16 15:45:00,2011,3,16,15
3797,2011-03-16 15:58:00,2011,3,16,15
3798,2011-03-16 16:08:00,2011,3,16,16
3799,2011-03-16 16:38:00,2011,3,16,16
3800,2011-03-17 07:40:00,2011,3,17,7
3801,2011-03-17 09:03:00,2011,3,17,9
3802,2011-03-17 09:13:00,2011,3,17,9
3803,2011-03-17 09:49:00,2011,3,17,9
3804,2011-03-17 09:56:00,2011,3,17,9
3805,2011-03-17 09:57:00,2011,3,17,9
3806,2011-03-17 10:01:00,2011,3,17,10
3807,2011-03-17 10:02:00,2011,3,17,10
3808,2011-03-17 10:17:00,2011,3,17,10
3809,2011-03-17 10:26:00,2011,3,17,10
3810,2011-03-17 10:38:00,2011,3,17,10
3811,2011-03-17 10:52:00,2011,3,17,10
3812,2011-03-17 11:56:00,2011,3,17,11
3813,2011-03-17 12:00:00,2011,3,17,12
3814,2011-03-17 12:10:00,2011,3,17,12
3815,2011-03-17 12:15:00,2011,3,17,12
3816,2011-03-17 12:18:00,2011,3,17,12
3817,2011-03-17 12:37:00,2011,3,17,12
3818,2011-03-17 12:40:00,2011,3,17,12
3819,2011-03-17 12:47:00,2011,3,17,12
3820,2011-03-17 12:51:00,2011,3,17,12
3821,2011-03-17 12:53:00,2011,3,17,12
3822,2011-03-17 13:13:00,2011,3,17,13
3823,2011-03-17 13:20:00,2011,3,17,13
3824,2011-03-17 13:23:00,2011,3,17,13
3825,2011-03-17 13:27:00,2011,3,17,13
3826,2011-03-17 13:34:00,2011,3,17,13
3827,2011-03-17 13:58:00,2011,3,17,13
3828,2011-03-17 14:12:00,2011,3,17,14
3829,2011-03-17 14:19:00,2011,3,17,14
3830,2011-03-17 14:47:00,2011,3,17,14
3831,2011-03-17 15:03:00,2011,3,17,15
3832,2011-03-17 15:34:00,2011,3,17,15
3833,2011-03-17 15:41:00,2011,3,17,15
3834,2011-03-17 15:47:00,2011,3,17,15
3835,2011-03-17 16:00:00,2011,3,17,16
3836,2011-03-17 16:10:00,2011,3,17,16
3837,2011-03-17 16:11:00,2011,3,17,16
3838,2011-03-17 16:23:00,2011,3,17,16
3839,2011-03-17 16:33:00,2011,3,17,16
3840,2011-03-17 16:38:00,2011,3,17,16
3841,2011-03-17 16:58:00,2011,3,17,16
3842,2011-03-17 17:13:00,2011,3,17,17
3843,2011-03-17 17:26:00,2011,3,17,17
3844,2011-03-17 18:03:00,2011,3,17,18
3845,2011-03-17 18:18:00,2011,3,17,18
3846,2011-03-17 18:27:00,2011,3,17,18
3847,2011-03-17 18:28:00,2011,3,17,18
3848,2011-03-17 18:30:00,2011,3,17,18
3849,2011-03-17 18:59:00,2011,3,17,18
3850,2011-03-17 19:01:00,2011,3,17,19
3851,2011-03-17 19:46:00,2011,3,17,19
3852,2011-03-17 19:47:00,2011,3,17,19
3853,2011-03-17 20:12:00,2011,3,17,20
3854,2011-03-17 20:18:00,2011,3,17,20
3855,2011-03-18 08:12:00,2011,3,18,8
3856,2011-03-18 08:31:00,2011,3,18,8
3857,2011-03-18 08:32:00,2011,3,18,8
3858,2011-03-18 09:17:00,2011,3,18,9
3859,2011-03-18 09:19:00,2011,3,18,9
3860,2011-03-18 09:55:00,2011,3,18,9
3861,2011-03-18 09:57:00,2011,3,18,9
3862,2011-03-18 09:59:00,2011,3,18,9
3863,2011-03-18 10:03:00,2011,3,18,10
3864,2011-03-18 10:06:00,2011,3,18,10
3865,2011-03-18 10:09:00,2011,3,18,10
3866,2011-03-18 10:11:00,2011,3,18,10
3867,2011-03-18 10:15:00,2011,3,18,10
3868,2011-03-18 10:16:00,2011,3,18,10
3869,2011-03-18 10:34:00,2011,3,18,10
3870,2011-03-18 11:13:00,2011,3,18,11
3871,2011-03-18 11:24:00,2011,3,18,11
3872,2011-03-18 11:30:00,2011,3,18,11
3873,2011-03-18 11:39:00,2011,3,18,11
3874,2011-03-18 12:18:00,2011,3,18,12
3875,2011-03-18 12:21:00,2011,3,18,12
3876,2011-03-18 12:26:00,2011,3,18,12
3877,2011-03-18 12:27:00,2011,3,18,12
3878,2011-03-18 12:35:00,2011,3,18,12
3879,2011-03-18 12:41:00,2011,3,18,12
3880,2011-03-18 12:55:00,2011,3,18,12
3881,2011-03-18 12:56:00,2011,3,18,12
3882,2011-03-18 12:57:00,2011,3,18,12
3883,2011-03-18 12:59:00,2011,3,18,12
3884,2011-03-18 13:08:00,2011,3,18,13
3885,2011-03-18 13:18:00,2011,3,18,13
3886,2011-03-18 13:19:00,2011,3,18,13
3887,2011-03-18 13:20:00,2011,3,18,13
3888,2011-03-18 13:25:00,2011,3,18,13
3889,2011-03-18 13:27:00,2011,3,18,13
3890,2011-03-18 13:32:00,2011,3,18,13
3891,2011-03-18 13:47:00,2011,3,18,13
3892,2011-03-18 13:51:00,2011,3,18,13
3893,2011-03-18 13:52:00,2011,3,18,13
3894,2011-03-18 14:02:00,2011,3,18,14
3895,2011-03-18 14:13:00,2011,3,18,14
3896,2011-03-18 14:14:00,2011,3,18,14
3897,2011-03-18 14:20:00,2011,3,18,14
3898,2011-03-18 14:51:00,2011,3,18,14
3899,2011-03-18 14:53:00,2011,3,18,14
3900,2011-03-18 14:54:00,2011,3,18,14
3901,2011-03-18 15:42:00,2011,3,18,15
3902,2011-03-18 15:43:00,2011,3,18,15
3903,2011-03-18 15:44:00,2011,3,18,15
3904,2011-03-18 15:54:00,2011,3,18,15
3905,2011-03-18 17:07:00,2011,3,18,17
3906,2011-03-20 10:13:00,2011,3,20,10
3907,2011-03-20 10:17:00,2011,3,20,10
3908,2011-03-20 10:24:00,2011,3,20,10
3909,2011-03-20 10:28:00,2011,3,20,10
3910,2011-03-20 10:30:00,2011,3,20,10
3911,2011-03-20 10:33:00,2011,3,20,10
3912,2011-03-20 10:35:00,2011,3,20,10
3913,2011-03-20 10:37:00,2011,3,20,10
3914,2011-03-20 10:51:00,2011,3,20,10
3915,2011-03-20 10:53:00,2011,3,20,10
3916,2011-03-20 10:56:00,2011,3,20,10
3917,2011-03-20 11:33:00,2011,3,20,11
3918,2011-03-20 11:37:00,2011,3,20,11
3919,2011-03-20 11:43:00,2011,3,20,11
3920,2011-03-20 11:46:00,2011,3,20,11
3921,2011-03-20 11:52:00,2011,3,20,11
3922,2011-03-20 11:56:00,2011,3,20,11
3923,2011-03-20 12:02:00,2011,3,20,12
3924,2011-03-20 12:06:00,2011,3,20,12
3925,2011-03-20 12:07:00,2011,3,20,12
3926,2011-03-20 12:08:00,2011,3,20,12
3927,2011-03-20 12:14:00,2011,3,20,12
3928,2011-03-20 12:25:00,2011,3,20,12
3929,2011-03-20 12:28:00,2011,3,20,12
3930,2011-03-20 12:44:00,2011,3,20,12
3931,2011-03-20 12:50:00,2011,3,20,12
3932,2011-03-20 12:57:00,2011,3,20,12
3933,2011-03-20 13:21:00,2011,3,20,13
3934,2011-03-20 13:28:00,2011,3,20,13
3935,2011-03-20 13:33:00,2011,3,20,13
3936,2011-03-20 13:38:00,2011,3,20,13
3937,2011-03-20 13:41:00,2011,3,20,13
3938,2011-03-20 13:43:00,2011,3,20,13
3939,2011-03-20 13:48:00,2011,3,20,13
3940,2011-03-20 13:52:00,2011,3,20,13
3941,2011-03-20 13:58:00,2011,3,20,13
3942,2011-03-20 13:59:00,2011,3,20,13
3943,2011-03-20 14:01:00,2011,3,20,14
3944,2011-03-20 14:23:00,2011,3,20,14
3945,2011-03-20 14:35:00,2011,3,20,14
3946,2011-03-20 14:37:00,2011,3,20,14
3947,2011-03-20 14:38:00,2011,3,20,14
3948,2011-03-20 14:41:00,2011,3,20,14
3949,2011-03-20 15:02:00,2011,3,20,15
3950,2011-03-20 15:06:00,2011,3,20,15
3951,2011-03-20 15:07:00,2011,3,20,15
3952,2011-03-20 15:21:00,2011,3,20,15
3953,2011-03-20 15:24:00,2011,3,20,15
3954,2011-03-20 15:41:00,2011,3,20,15
3955,2011-03-20 15:46:00,2011,3,20,15
3956,2011-03-20 15:58:00,2011,3,20,15
3957,2011-03-20 16:02:00,2011,3,20,16
3958,2011-03-20 16:12:00,2011,3,20,16
3959,2011-03-21 08:18:00,2011,3,21,8
3960,2011-03-21 08:20:00,2011,3,21,8
3961,2011-03-21 08:39:00,2011,3,21,8
3962,2011-03-21 09:03:00,2011,3,21,9
3963,2011-03-21 09:13:00,2011,3,21,9
3964,2011-03-21 09:33:00,2011,3,21,9
3965,2011-03-21 10:13:00,2011,3,21,10
3966,2011-03-21 10:30:00,2011,3,21,10
3967,2011-03-21 10:31:00,2011,3,21,10
3968,2011-03-21 10:34:00,2011,3,21,10
3969,2011-03-21 10:41:00,2011,3,21,10
3970,2011-03-21 10:54:00,2011,3,21,10
3971,2011-03-21 11:20:00,2011,3,21,11
3972,2011-03-21 11:24:00,2011,3,21,11
3973,2011-03-21 11:34:00,2011,3,21,11
3974,2011-03-21 11:36:00,2011,3,21,11
3975,2011-03-21 11:46:00,2011,3,21,11
3976,2011-03-21 11:49:00,2011,3,21,11
3977,2011-03-21 11:52:00,2011,3,21,11
3978,2011-03-21 11:57:00,2011,3,21,11
3979,2011-03-21 12:06:00,2011,3,21,12
3980,2011-03-21 12:10:00,2011,3,21,12
3981,2011-03-21 12:13:00,2011,3,21,12
3982,2011-03-21 12:32:00,2011,3,21,12
3983,2011-03-21 12:42:00,2011,3,21,12
3984,2011-03-21 12:44:00,2011,3,21,12
3985,2011-03-21 12:45:00,2011,3,21,12
3986,2011-03-21 12:53:00,2011,3,21,12
3987,2011-03-21 13:01:00,2011,3,21,13
3988,2011-03-21 13:35:00,2011,3,21,13
3989,2011-03-21 13:38:00,2011,3,21,13
3990,2011-03-21 13:51:00,2011,3,21,13
3991,2011-03-21 13:58:00,2011,3,21,13
3992,2011-03-21 14:00:00,2011,3,21,14
3993,2011-03-21 14:18:00,2011,3,21,14
3994,2011-03-21 14:25:00,2011,3,21,14
3995,2011-03-21 14:44:00,2011,3,21,14
3996,2011-03-21 15:02:00,2011,3,21,15
3997,2011-03-21 15:06:00,2011,3,21,15
3998,2011-03-21 15:07:00,2011,3,21,15
3999,2011-03-21 15:10:00,2011,3,21,15
4000,2011-03-21 15:33:00,2011,3,21,15
4001,2011-03-21 15:40:00,2011,3,21,15
4002,2011-03-21 16:20:00,2011,3,21,16
4003,2011-03-21 16:32:00,2011,3,21,16
4004,2011-03-21 16:59:00,2011,3,21,16
4005,2011-03-21 17:10:00,2011,3,21,17
4006,2011-03-22 08:49:00,2011,3,22,8
4007,2011-03-22 08:54:00,2011,3,22,8
4008,2011-03-22 09:01:00,2011,3,22,9
4009,2011-03-22 09:43:00,2011,3,22,9
4010,2011-03-22 10:13:00,2011,3,22,10
4011,2011-03-22 10:44:00,2011,3,22,10
4012,2011-03-22 11:05:00,2011,3,22,11
4013,2011-03-22 11:27:00,2011,3,22,11
4014,2011-03-22 11:28:00,2011,3,22,11
4015,2011-03-22 11:43:00,2011,3,22,11
4016,2011-03-22 11:53:00,2011,3,22,11
4017,2011-03-22 12:02:00,2011,3,22,12
4018,2011-03-22 12:05:00,2011,3,22,12
4019,2011-03-22 12:15:00,2011,3,22,12
4020,2011-03-22 12:25:00,2011,3,22,12
4021,2011-03-22 12:27:00,2011,3,22,12
4022,2011-03-22 12:30:00,2011,3,22,12
4023,2011-03-22 12:31:00,2011,3,22,12
4024,2011-03-22 12:33:00,2011,3,22,12
4025,2011-03-22 12:36:00,2011,3,22,12
4026,2011-03-22 13:02:00,2011,3,22,13
4027,2011-03-22 13:11:00,2011,3,22,13
4028,2011-03-22 13:32:00,2011,3,22,13
4029,2011-03-22 13:38:00,2011,3,22,13
4030,2011-03-22 13:46:00,2011,3,22,13
4031,2011-03-22 13:52:00,2011,3,22,13
4032,2011-03-22 13:54:00,2011,3,22,13
4033,2011-03-22 14:24:00,2011,3,22,14
4034,2011-03-22 14:43:00,2011,3,22,14
4035,2011-03-22 14:56:00,2011,3,22,14
4036,2011-03-22 15:13:00,2011,3,22,15
4037,2011-03-22 15:20:00,2011,3,22,15
4038,2011-03-22 15:25:00,2011,3,22,15
4039,2011-03-22 15:31:00,2011,3,22,15
4040,2011-03-22 15:42:00,2011,3,22,15
4041,2011-03-22 15:46:00,2011,3,22,15
4042,2011-03-22 16:00:00,2011,3,22,16
4043,2011-03-22 16:08:00,2011,3,22,16
4044,2011-03-22 16:32:00,2011,3,22,16
4045,2011-03-22 17:00:00,2011,3,22,17
4046,2011-03-23 08:22:00,2011,3,23,8
4047,2011-03-23 08:26:00,2011,3,23,8
4048,2011-03-23 08:54:00,2011,3,23,8
4049,2011-03-23 09:42:00,2011,3,23,9
4050,2011-03-23 09:43:00,2011,3,23,9
4051,2011-03-23 09:54:00,2011,3,23,9
4052,2011-03-23 10:08:00,2011,3,23,10
4053,2011-03-23 10:15:00,2011,3,23,10
4054,2011-03-23 10:25:00,2011,3,23,10
4055,2011-03-23 10:27:00,2011,3,23,10
4056,2011-03-23 10:43:00,2011,3,23,10
4057,2011-03-23 10:51:00,2011,3,23,10
4058,2011-03-23 10:55:00,2011,3,23,10
4059,2011-03-23 11:16:00,2011,3,23,11
4060,2011-03-23 11:18:00,2011,3,23,11
4061,2011-03-23 11:30:00,2011,3,23,11
4062,2011-03-23 11:44:00,2011,3,23,11
4063,2011-03-23 11:48:00,2011,3,23,11
4064,2011-03-23 12:05:00,2011,3,23,12
4065,2011-03-23 12:06:00,2011,3,23,12
4066,2011-03-23 12:08:00,2011,3,23,12
4067,2011-03-23 12:13:00,2011,3,23,12
4068,2011-03-23 12:15:00,2011,3,23,12
4069,2011-03-23 12:24:00,2011,3,23,12
4070,2011-03-23 12:39:00,2011,3,23,12
4071,2011-03-23 12:41:00,2011,3,23,12
4072,2011-03-23 12:44:00,2011,3,23,12
4073,2011-03-23 13:33:00,2011,3,23,13
4074,2011-03-23 13:39:00,2011,3,23,13
4075,2011-03-23 13:42:00,2011,3,23,13
4076,2011-03-23 13:44:00,2011,3,23,13
4077,2011-03-23 13:46:00,2011,3,23,13
4078,2011-03-23 13:59:00,2011,3,23,13
4079,2011-03-23 14:00:00,2011,3,23,14
4080,2011-03-23 14:02:00,2011,3,23,14
4081,2011-03-23 14:04:00,2011,3,23,14
4082,2011-03-23 14:33:00,2011,3,23,14
4083,2011-03-23 14:39:00,2011,3,23,14
4084,2011-03-23 14:46:00,2011,3,23,14
4085,2011-03-23 14:55:00,2011,3,23,14
4086,2011-03-23 15:00:00,2011,3,23,15
4087,2011-03-23 15:07:00,2011,3,23,15
4088,2011-03-23 15:16:00,2011,3,23,15
4089,2011-03-23 15:17:00,2011,3,23,15
4090,2011-03-23 15:19:00,2011,3,23,15
4091,2011-03-23 15:22:00,2011,3,23,15
4092,2011-03-23 15:26:00,2011,3,23,15
4093,2011-03-23 15:37:00,2011,3,23,15
4094,2011-03-23 15:40:00,2011,3,23,15
4095,2011-03-23 15:41:00,2011,3,23,15
4096,2011-03-23 16:00:00,2011,3,23,16
4097,2011-03-23 16:22:00,2011,3,23,16
4098,2011-03-23 16:35:00,2011,3,23,16
4099,2011-03-23 16:45:00,2011,3,23,16
4100,2011-03-23 17:25:00,2011,3,23,17
4101,2011-03-24 08:44:00,2011,3,24,8
4102,2011-03-24 08:47:00,2011,3,24,8
4103,2011-03-24 08:56:00,2011,3,24,8
4104,2011-03-24 09:21:00,2011,3,24,9
4105,2011-03-24 09:42:00,2011,3,24,9
4106,2011-03-24 09:44:00,2011,3,24,9
4107,2011-03-24 09:50:00,2011,3,24,9
4108,2011-03-24 09:52:00,2011,3,24,9
4109,2011-03-24 10:03:00,2011,3,24,10
4110,2011-03-24 10:04:00,2011,3,24,10
4111,2011-03-24 10:37:00,2011,3,24,10
4112,2011-03-24 10:38:00,2011,3,24,10
4113,2011-03-24 10:40:00,2011,3,24,10
4114,2011-03-24 10:48:00,2011,3,24,10
4115,2011-03-24 11:07:00,2011,3,24,11
4116,2011-03-24 11:29:00,2011,3,24,11
4117,2011-03-24 11:34:00,2011,3,24,11
4118,2011-03-24 11:38:00,2011,3,24,11
4119,2011-03-24 11:40:00,2011,3,24,11
4120,2011-03-24 11:43:00,2011,3,24,11
4121,2011-03-24 11:44:00,2011,3,24,11
4122,2011-03-24 12:02:00,2011,3,24,12
4123,2011-03-24 12:08:00,2011,3,24,12
4124,2011-03-24 12:11:00,2011,3,24,12
4125,2011-03-24 12:15:00,2011,3,24,12
4126,2011-03-24 12:21:00,2011,3,24,12
4127,2011-03-24 12:32:00,2011,3,24,12
4128,2011-03-24 12:52:00,2011,3,24,12
4129,2011-03-24 12:53:00,2011,3,24,12
4130,2011-03-24 12:58:00,2011,3,24,12
4131,2011-03-24 13:04:00,2011,3,24,13
4132,2011-03-24 13:05:00,2011,3,24,13
4133,2011-03-24 13:12:00,2011,3,24,13
4134,2011-03-24 13:16:00,2011,3,24,13
4135,2011-03-24 13:17:00,2011,3,24,13
4136,2011-03-24 13:23:00,2011,3,24,13
4137,2011-03-24 13:25:00,2011,3,24,13
4138,2011-03-24 13:28:00,2011,3,24,13
4139,2011-03-24 13:37:00,2011,3,24,13
4140,2011-03-24 13:41:00,2011,3,24,13
4141,2011-03-24 13:45:00,2011,3,24,13
4142,2011-03-24 13:54:00,2011,3,24,13
4143,2011-03-24 13:59:00,2011,3,24,13
4144,2011-03-24 14:46:00,2011,3,24,14
4145,2011-03-24 14:47:00,2011,3,24,14
4146,2011-03-24 14:49:00,2011,3,24,14
4147,2011-03-24 14:52:00,2011,3,24,14
4148,2011-03-24 14:54:00,2011,3,24,14
4149,2011-03-24 14:55:00,2011,3,24,14
4150,2011-03-24 14:56:00,2011,3,24,14
4151,2011-03-24 15:02:00,2011,3,24,15
4152,2011-03-24 15:12:00,2011,3,24,15
4153,2011-03-24 15:15:00,2011,3,24,15
4154,2011-03-24 16:23:00,2011,3,24,16
4155,2011-03-24 16:30:00,2011,3,24,16
4156,2011-03-24 16:45:00,2011,3,24,16
4157,2011-03-24 17:10:00,2011,3,24,17
4158,2011-03-24 18:20:00,2011,3,24,18
4159,2011-03-24 18:25:00,2011,3,24,18
4160,2011-03-24 18:28:00,2011,3,24,18
4161,2011-03-24 18:34:00,2011,3,24,18
4162,2011-03-24 18:43:00,2011,3,24,18
4163,2011-03-24 19:31:00,2011,3,24,19
4164,2011-03-25 08:41:00,2011,3,25,8
4165,2011-03-25 08:43:00,2011,3,25,8
4166,2011-03-25 08:50:00,2011,3,25,8
4167,2011-03-25 08:52:00,2011,3,25,8
4168,2011-03-25 08:53:00,2011,3,25,8
4169,2011-03-25 09:39:00,2011,3,25,9
4170,2011-03-25 10:05:00,2011,3,25,10
4171,2011-03-25 10:08:00,2011,3,25,10
4172,2011-03-25 10:14:00,2011,3,25,10
4173,2011-03-25 10:19:00,2011,3,25,10
4174,2011-03-25 10:42:00,2011,3,25,10
4175,2011-03-25 10:49:00,2011,3,25,10
4176,2011-03-25 10:50:00,2011,3,25,10
4177,2011-03-25 10:51:00,2011,3,25,10
4178,2011-03-25 10:52:00,2011,3,25,10
4179,2011-03-25 11:01:00,2011,3,25,11
4180,2011-03-25 11:31:00,2011,3,25,11
4181,2011-03-25 11:34:00,2011,3,25,11
4182,2011-03-25 11:41:00,2011,3,25,11
4183,2011-03-25 11:44:00,2011,3,25,11
4184,2011-03-25 11:57:00,2011,3,25,11
4185,2011-03-25 12:04:00,2011,3,25,12
4186,2011-03-25 12:07:00,2011,3,25,12
4187,2011-03-25 12:10:00,2011,3,25,12
4188,2011-03-25 12:13:00,2011,3,25,12
4189,2011-03-25 12:21:00,2011,3,25,12
4190,2011-03-25 12:34:00,2011,3,25,12
4191,2011-03-25 12:48:00,2011,3,25,12
4192,2011-03-25 12:55:00,2011,3,25,12
4193,2011-03-25 12:57:00,2011,3,25,12
4194,2011-03-25 13:23:00,2011,3,25,13
4195,2011-03-25 13:30:00,2011,3,25,13
4196,2011-03-25 13:35:00,2011,3,25,13
4197,2011-03-25 13:54:00,2011,3,25,13
4198,2011-03-25 14:01:00,2011,3,25,14
4199,2011-03-25 14:06:00,2011,3,25,14
4200,2011-03-25 14:19:00,2011,3,25,14
4201,2011-03-25 14:30:00,2011,3,25,14
4202,2011-03-25 14:34:00,2011,3,25,14
4203,2011-03-25 14:39:00,2011,3,25,14
4204,2011-03-25 14:45:00,2011,3,25,14
4205,2011-03-25 14:46:00,2011,3,25,14
4206,2011-03-25 14:50:00,2011,3,25,14
4207,2011-03-25 14:53:00,2011,3,25,14
4208,2011-03-25 15:01:00,2011,3,25,15
4209,2011-03-25 15:08:00,2011,3,25,15
4210,2011-03-25 15:18:00,2011,3,25,15
4211,2011-03-25 15:24:00,2011,3,25,15
4212,2011-03-25 16:25:00,2011,3,25,16
4213,2011-03-25 17:34:00,2011,3,25,17
4214,2011-03-27 10:16:00,2011,3,27,10
4215,2011-03-27 10:18:00,2011,3,27,10
4216,2011-03-27 10:26:00,2011,3,27,10
4217,2011-03-27 10:54:00,2011,3,27,10
4218,2011-03-27 10:56:00,2011,3,27,10
4219,2011-03-27 11:02:00,2011,3,27,11
4220,2011-03-27 11:14:00,2011,3,27,11
4221,2011-03-27 11:22:00,2011,3,27,11
4222,2011-03-27 11:44:00,2011,3,27,11
4223,2011-03-27 11:51:00,2011,3,27,11
4224,2011-03-27 11:59:00,2011,3,27,11
4225,2011-03-27 12:06:00,2011,3,27,12
4226,2011-03-27 12:21:00,2011,3,27,12
4227,2011-03-27 12:36:00,2011,3,27,12
4228,2011-03-27 12:54:00,2011,3,27,12
4229,2011-03-27 13:07:00,2011,3,27,13
4230,2011-03-27 13:10:00,2011,3,27,13
4231,2011-03-27 13:21:00,2011,3,27,13
4232,2011-03-27 13:56:00,2011,3,27,13
4233,2011-03-27 14:18:00,2011,3,27,14
4234,2011-03-27 14:28:00,2011,3,27,14
4235,2011-03-27 14:34:00,2011,3,27,14
4236,2011-03-27 15:33:00,2011,3,27,15
4237,2011-03-27 15:39:00,2011,3,27,15
4238,2011-03-27 15:40:00,2011,3,27,15
4239,2011-03-27 15:41:00,2011,3,27,15
4240,2011-03-27 15:46:00,2011,3,27,15
4241,2011-03-27 16:01:00,2011,3,27,16
4242,2011-03-27 16:03:00,2011,3,27,16
4243,2011-03-27 16:05:00,2011,3,27,16
4244,2011-03-27 16:08:00,2011,3,27,16
4245,2011-03-28 07:53:00,2011,3,28,7
4246,2011-03-28 08:40:00,2011,3,28,8
4247,2011-03-28 09:07:00,2011,3,28,9
4248,2011-03-28 09:16:00,2011,3,28,9
4249,2011-03-28 09:21:00,2011,3,28,9
4250,2011-03-28 09:30:00,2011,3,28,9
4251,2011-03-28 09:59:00,2011,3,28,9
4252,2011-03-28 10:03:00,2011,3,28,10
4253,2011-03-28 10:14:00,2011,3,28,10
4254,2011-03-28 10:15:00,2011,3,28,10
4255,2011-03-28 10:25:00,2011,3,28,10
4256,2011-03-28 10:26:00,2011,3,28,10
4257,2011-03-28 10:52:00,2011,3,28,10
4258,2011-03-28 11:34:00,2011,3,28,11
4259,2011-03-28 11:36:00,2011,3,28,11
4260,2011-03-28 11:49:00,2011,3,28,11
4261,2011-03-28 11:51:00,2011,3,28,11
4262,2011-03-28 11:58:00,2011,3,28,11
4263,2011-03-28 11:59:00,2011,3,28,11
4264,2011-03-28 12:13:00,2011,3,28,12
4265,2011-03-28 12:18:00,2011,3,28,12
4266,2011-03-28 12:22:00,2011,3,28,12
4267,2011-03-28 12:23:00,2011,3,28,12
4268,2011-03-28 12:25:00,2011,3,28,12
4269,2011-03-28 12:27:00,2011,3,28,12
4270,2011-03-28 12:35:00,2011,3,28,12
4271,2011-03-28 12:49:00,2011,3,28,12
4272,2011-03-28 12:52:00,2011,3,28,12
4273,2011-03-28 13:28:00,2011,3,28,13
4274,2011-03-28 13:32:00,2011,3,28,13
4275,2011-03-28 13:35:00,2011,3,28,13
4276,2011-03-28 13:39:00,2011,3,28,13
4277,2011-03-28 13:57:00,2011,3,28,13
4278,2011-03-28 13:59:00,2011,3,28,13
4279,2011-03-28 14:01:00,2011,3,28,14
4280,2011-03-28 14:07:00,2011,3,28,14
4281,2011-03-28 14:19:00,2011,3,28,14
4282,2011-03-28 14:23:00,2011,3,28,14
4283,2011-03-28 14:27:00,2011,3,28,14
4284,2011-03-28 14:33:00,2011,3,28,14
4285,2011-03-28 14:42:00,2011,3,28,14
4286,2011-03-28 14:43:00,2011,3,28,14
4287,2011-03-28 14:46:00,2011,3,28,14
4288,2011-03-28 14:57:00,2011,3,28,14
4289,2011-03-28 14:59:00,2011,3,28,14
4290,2011-03-28 15:03:00,2011,3,28,15
4291,2011-03-28 15:10:00,2011,3,28,15
4292,2011-03-28 15:27:00,2011,3,28,15
4293,2011-03-28 15:38:00,2011,3,28,15
4294,2011-03-28 15:42:00,2011,3,28,15
4295,2011-03-28 15:47:00,2011,3,28,15
4296,2011-03-28 16:27:00,2011,3,28,16
4297,2011-03-28 16:28:00,2011,3,28,16
4298,2011-03-28 16:37:00,2011,3,28,16
4299,2011-03-28 16:41:00,2011,3,28,16
4300,2011-03-29 08:43:00,2011,3,29,8
4301,2011-03-29 08:46:00,2011,3,29,8
4302,2011-03-29 09:11:00,2011,3,29,9
4303,2011-03-29 09:53:00,2011,3,29,9
4304,2011-03-29 09:54:00,2011,3,29,9
4305,2011-03-29 10:39:00,2011,3,29,10
4306,2011-03-29 10:49:00,2011,3,29,10
4307,2011-03-29 10:50:00,2011,3,29,10
4308,2011-03-29 10:51:00,2011,3,29,10
4309,2011-03-29 11:04:00,2011,3,29,11
4310,2011-03-29 11:14:00,2011,3,29,11
4311,2011-03-29 11:15:00,2011,3,29,11
4312,2011-03-29 11:25:00,2011,3,29,11
4313,2011-03-29 11:29:00,2011,3,29,11
4314,2011-03-29 11:39:00,2011,3,29,11
4315,2011-03-29 11:42:00,2011,3,29,11
4316,2011-03-29 12:01:00,2011,3,29,12
4317,2011-03-29 12:03:00,2011,3,29,12
4318,2011-03-29 12:29:00,2011,3,29,12
4319,2011-03-29 12:31:00,2011,3,29,12
4320,2011-03-29 12:55:00,2011,3,29,12
4321,2011-03-29 12:57:00,2011,3,29,12
4322,2011-03-29 13:04:00,2011,3,29,13
4323,2011-03-29 13:05:00,2011,3,29,13
4324,2011-03-29 13:06:00,2011,3,29,13
4325,2011-03-29 13:22:00,2011,3,29,13
4326,2011-03-29 13:27:00,2011,3,29,13
4327,2011-03-29 13:28:00,2011,3,29,13
4328,2011-03-29 13:32:00,2011,3,29,13
4329,2011-03-29 13:33:00,2011,3,29,13
4330,2011-03-29 13:48:00,2011,3,29,13
4331,2011-03-29 13:53:00,2011,3,29,13
4332,2011-03-29 13:58:00,2011,3,29,13
4333,2011-03-29 14:13:00,2011,3,29,14
4334,2011-03-29 14:20:00,2011,3,29,14
4335,2011-03-29 14:31:00,2011,3,29,14
4336,2011-03-29 14:35:00,2011,3,29,14
4337,2011-03-29 14:58:00,2011,3,29,14
4338,2011-03-29 15:02:00,2011,3,29,15
4339,2011-03-29 15:12:00,2011,3,29,15
4340,2011-03-29 15:15:00,2011,3,29,15
4341,2011-03-29 15:18:00,2011,3,29,15
4342,2011-03-29 15:22:00,2011,3,29,15
4343,2011-03-29 15:44:00,2011,3,29,15
4344,2011-03-29 15:53:00,2011,3,29,15
4345,2011-03-29 16:05:00,2011,3,29,16
4346,2011-03-29 16:12:00,2011,3,29,16
4347,2011-03-29 16:36:00,2011,3,29,16
4348,2011-03-29 17:12:00,2011,3,29,17
4349,2011-03-29 17:23:00,2011,3,29,17
4350,2011-03-30 09:06:00,2011,3,30,9
4351,2011-03-30 09:12:00,2011,3,30,9
4352,2011-03-30 09:15:00,2011,3,30,9
4353,2011-03-30 09:17:00,2011,3,30,9
4354,2011-03-30 09:19:00,2011,3,30,9
4355,2011-03-30 09:27:00,2011,3,30,9
4356,2011-03-30 09:31:00,2011,3,30,9
4357,2011-03-30 09:36:00,2011,3,30,9
4358,2011-03-30 10:16:00,2011,3,30,10
4359,2011-03-30 10:18:00,2011,3,30,10
4360,2011-03-30 10:32:00,2011,3,30,10
4361,2011-03-30 10:34:00,2011,3,30,10
4362,2011-03-30 10:36:00,2011,3,30,10
4363,2011-03-30 10:46:00,2011,3,30,10
4364,2011-03-30 10:50:00,2011,3,30,10
4365,2011-03-30 10:54:00,2011,3,30,10
4366,2011-03-30 11:04:00,2011,3,30,11
4367,2011-03-30 11:12:00,2011,3,30,11
4368,2011-03-30 11:18:00,2011,3,30,11
4369,2011-03-30 11:32:00,2011,3,30,11
4370,2011-03-30 11:39:00,2011,3,30,11
4371,2011-03-30 11:48:00,2011,3,30,11
4372,2011-03-30 11:51:00,2011,3,30,11
4373,2011-03-30 12:00:00,2011,3,30,12
4374,2011-03-30 12:02:00,2011,3,30,12
4375,2011-03-30 12:05:00,2011,3,30,12
4376,2011-03-30 12:12:00,2011,3,30,12
4377,2011-03-30 12:15:00,2011,3,30,12
4378,2011-03-30 12:24:00,2011,3,30,12
4379,2011-03-30 12:34:00,2011,3,30,12
4380,2011-03-30 12:35:00,2011,3,30,12
4381,2011-03-30 12:43:00,2011,3,30,12
4382,2011-03-30 12:45:00,2011,3,30,12
4383,2011-03-30 12:48:00,2011,3,30,12
4384,2011-03-30 12:54:00,2011,3,30,12
4385,2011-03-30 13:00:00,2011,3,30,13
4386,2011-03-30 13:01:00,2011,3,30,13
4387,2011-03-30 13:02:00,2011,3,30,13
4388,2011-03-30 13:05:00,2011,3,30,13
4389,2011-03-30 13:14:00,2011,3,30,13
4390,2011-03-30 13:26:00,2011,3,30,13
4391,2011-03-30 13:28:00,2011,3,30,13
4392,2011-03-30 13:39:00,2011,3,30,13
4393,2011-03-30 13:44:00,2011,3,30,13
4394,2011-03-30 13:56:00,2011,3,30,13
4395,2011-03-30 13:57:00,2011,3,30,13
4396,2011-03-30 14:06:00,2011,3,30,14
4397,2011-03-30 14:08:00,2011,3,30,14
4398,2011-03-30 14:23:00,2011,3,30,14
4399,2011-03-30 14:39:00,2011,3,30,14
4400,2011-03-30 14:51:00,2011,3,30,14
4401,2011-03-30 15:05:00,2011,3,30,15
4402,2011-03-30 15:06:00,2011,3,30,15
4403,2011-03-30 15:29:00,2011,3,30,15
4404,2011-03-30 15:31:00,2011,3,30,15
4405,2011-03-30 15:38:00,2011,3,30,15
4406,2011-03-30 15:48:00,2011,3,30,15
4407,2011-03-30 15:51:00,2011,3,30,15
4408,2011-03-30 15:52:00,2011,3,30,15
4409,2011-03-30 16:14:00,2011,3,30,16
4410,2011-03-30 16:28:00,2011,3,30,16
4411,2011-03-30 16:34:00,2011,3,30,16
4412,2011-03-30 16:52:00,2011,3,30,16
4413,2011-03-30 17:33:00,2011,3,30,17
4414,2011-03-31 09:07:00,2011,3,31,9
4415,2011-03-31 09:36:00,2011,3,31,9
4416,2011-03-31 09:38:00,2011,3,31,9
4417,2011-03-31 09:48:00,2011,3,31,9
4418,2011-03-31 09:57:00,2011,3,31,9
4419,2011-03-31 10:07:00,2011,3,31,10
4420,2011-03-31 10:26:00,2011,3,31,10
4421,2011-03-31 10:27:00,2011,3,31,10
4422,2011-03-31 10:29:00,2011,3,31,10
4423,2011-03-31 10:38:00,2011,3,31,10
4424,2011-03-31 10:53:00,2011,3,31,10
4425,2011-03-31 11:07:00,2011,3,31,11
4426,2011-03-31 11:08:00,2011,3,31,11
4427,2011-03-31 11:20:00,2011,3,31,11
4428,2011-03-31 11:25:00,2011,3,31,11
4429,2011-03-31 11:37:00,2011,3,31,11
4430,2011-03-31 11:49:00,2011,3,31,11
4431,2011-03-31 11:52:00,2011,3,31,11
4432,2011-03-31 11:53:00,2011,3,31,11
4433,2011-03-31 11:57:00,2011,3,31,11
4434,2011-03-31 12:08:00,2011,3,31,12
4435,2011-03-31 12:19:00,2011,3,31,12
4436,2011-03-31 12:28:00,2011,3,31,12
4437,2011-03-31 12:36:00,2011,3,31,12
4438,2011-03-31 12:43:00,2011,3,31,12
4439,2011-03-31 12:51:00,2011,3,31,12
4440,2011-03-31 13:10:00,2011,3,31,13
4441,2011-03-31 13:13:00,2011,3,31,13
4442,2011-03-31 13:14:00,2011,3,31,13
4443,2011-03-31 13:33:00,2011,3,31,13
4444,2011-03-31 13:40:00,2011,3,31,13
4445,2011-03-31 13:43:00,2011,3,31,13
4446,2011-03-31 13:46:00,2011,3,31,13
4447,2011-03-31 13:47:00,2011,3,31,13
4448,2011-03-31 13:49:00,2011,3,31,13
4449,2011-03-31 13:50:00,2011,3,31,13
4450,2011-03-31 14:42:00,2011,3,31,14
4451,2011-03-31 14:47:00,2011,3,31,14
4452,2011-03-31 15:00:00,2011,3,31,15
4453,2011-03-31 15:02:00,2011,3,31,15
4454,2011-03-31 15:43:00,2011,3,31,15
4455,2011-03-31 15:54:00,2011,3,31,15
4456,2011-03-31 16:40:00,2011,3,31,16
4457,2011-03-31 16:41:00,2011,3,31,16
4458,2011-03-31 16:56:00,2011,3,31,16
4459,2011-03-31 17:06:00,2011,3,31,17
4460,2011-03-31 17:12:00,2011,3,31,17
4461,2011-03-31 17:17:00,2011,3,31,17
4462,2011-03-31 17:28:00,2011,3,31,17
4463,2011-03-31 17:59:00,2011,3,31,17
4464,2011-03-31 18:05:00,2011,3,31,18
4465,2011-03-31 18:49:00,2011,3,31,18
4466,2011-03-31 19:12:00,2011,3,31,19
4467,2011-03-31 19:20:00,2011,3,31,19
4468,2011-03-31 19:42:00,2011,3,31,19
4469,2011-03-31 19:54:00,2011,3,31,19
4470,2011-03-31 19:55:00,2011,3,31,19
4471,2011-04-01 08:22:00,2011,4,1,8
4472,2011-04-01 08:56:00,2011,4,1,8
4473,2011-04-01 09:06:00,2011,4,1,9
4474,2011-04-01 09:19:00,2011,4,1,9
4475,2011-04-01 09:21:00,2011,4,1,9
4476,2011-04-01 09:25:00,2011,4,1,9
4477,2011-04-01 09:56:00,2011,4,1,9
4478,2011-04-01 10:05:00,2011,4,1,10
4479,2011-04-01 10:08:00,2011,4,1,10
4480,2011-04-01 10:10:00,2011,4,1,10
4481,2011-04-01 10:11:00,2011,4,1,10
4482,2011-04-01 10:21:00,2011,4,1,10
4483,2011-04-01 10:23:00,2011,4,1,10
4484,2011-04-01 10:27:00,2011,4,1,10
4485,2011-04-01 10:34:00,2011,4,1,10
4486,2011-04-01 10:43:00,2011,4,1,10
4487,2011-04-01 11:10:00,2011,4,1,11
4488,2011-04-01 11:20:00,2011,4,1,11
4489,2011-04-01 11:28:00,2011,4,1,11
4490,2011-04-01 11:31:00,2011,4,1,11
4491,2011-04-01 11:34:00,2011,4,1,11
4492,2011-04-01 11:46:00,2011,4,1,11
4493,2011-04-01 11:47:00,2011,4,1,11
4494,2011-04-01 11:48:00,2011,4,1,11
4495,2011-04-01 11:50:00,2011,4,1,11
4496,2011-04-01 11:51:00,2011,4,1,11
4497,2011-04-01 11:54:00,2011,4,1,11
4498,2011-04-01 12:09:00,2011,4,1,12
4499,2011-04-01 12:10:00,2011,4,1,12
4500,2011-04-01 12:19:00,2011,4,1,12
4501,2011-04-01 12:21:00,2011,4,1,12
4502,2011-04-01 12:22:00,2011,4,1,12
4503,2011-04-01 12:24:00,2011,4,1,12
4504,2011-04-01 12:25:00,2011,4,1,12
4505,2011-04-01 12:26:00,2011,4,1,12
4506,2011-04-01 12:27:00,2011,4,1,12
4507,2011-04-01 12:29:00,2011,4,1,12
4508,2011-04-01 12:41:00,2011,4,1,12
4509,2011-04-01 12:56:00,2011,4,1,12
4510,2011-04-01 13:00:00,2011,4,1,13
4511,2011-04-01 13:01:00,2011,4,1,13
4512,2011-04-01 13:02:00,2011,4,1,13
4513,2011-04-01 13:04:00,2011,4,1,13
4514,2011-04-01 13:20:00,2011,4,1,13
4515,2011-04-01 13:21:00,2011,4,1,13
4516,2011-04-01 13:22:00,2011,4,1,13
4517,2011-04-01 13:33:00,2011,4,1,13
4518,2011-04-01 13:34:00,2011,4,1,13
4519,2011-04-01 13:47:00,2011,4,1,13
4520,2011-04-01 14:05:00,2011,4,1,14
4521,2011-04-01 14:07:00,2011,4,1,14
4522,2011-04-01 14:19:00,2011,4,1,14
4523,2011-04-01 14:24:00,2011,4,1,14
4524,2011-04-01 14:28:00,2011,4,1,14
4525,2011-04-01 14:45:00,2011,4,1,14
4526,2011-04-01 14:53:00,2011,4,1,14
4527,2011-04-01 14:58:00,2011,4,1,14
4528,2011-04-01 15:03:00,2011,4,1,15
4529,2011-04-01 15:13:00,2011,4,1,15
4530,2011-04-01 15:37:00,2011,4,1,15
4531,2011-04-01 16:18:00,2011,4,1,16
4532,2011-04-01 16:49:00,2011,4,1,16
4533,2011-04-01 16:50:00,2011,4,1,16
4534,2011-04-03 10:10:00,2011,4,3,10
4535,2011-04-03 10:49:00,2011,4,3,10
4536,2011-04-03 10:55:00,2011,4,3,10
4537,2011-04-03 11:11:00,2011,4,3,11
4538,2011-04-03 11:36:00,2011,4,3,11
4539,2011-04-03 11:37:00,2011,4,3,11
4540,2011-04-03 11:45:00,2011,4,3,11
4541,2011-04-03 11:47:00,2011,4,3,11
4542,2011-04-03 11:51:00,2011,4,3,11
4543,2011-04-03 12:08:00,2011,4,3,12
4544,2011-04-03 12:41:00,2011,4,3,12
4545,2011-04-03 12:46:00,2011,4,3,12
4546,2011-04-03 13:24:00,2011,4,3,13
4547,2011-04-03 14:24:00,2011,4,3,14
4548,2011-04-03 14:42:00,2011,4,3,14
4549,2011-04-03 15:07:00,2011,4,3,15
4550,2011-04-03 15:22:00,2011,4,3,15
4551,2011-04-03 15:50:00,2011,4,3,15
4552,2011-04-04 08:50:00,2011,4,4,8
4553,2011-04-04 09:08:00,2011,4,4,9
4554,2011-04-04 09:38:00,2011,4,4,9
4555,2011-04-04 09:55:00,2011,4,4,9
4556,2011-04-04 10:11:00,2011,4,4,10
4557,2011-04-04 10:16:00,2011,4,4,10
4558,2011-04-04 10:29:00,2011,4,4,10
4559,2011-04-04 10:40:00,2011,4,4,10
4560,2011-04-04 10:52:00,2011,4,4,10
4561,2011-04-04 11:01:00,2011,4,4,11
4562,2011-04-04 11:18:00,2011,4,4,11
4563,2011-04-04 11:28:00,2011,4,4,11
4564,2011-04-04 11:34:00,2011,4,4,11
4565,2011-04-04 12:00:00,2011,4,4,12
4566,2011-04-04 12:05:00,2011,4,4,12
4567,2011-04-04 12:07:00,2011,4,4,12
4568,2011-04-04 12:10:00,2011,4,4,12
4569,2011-04-04 12:11:00,2011,4,4,12
4570,2011-04-04 12:17:00,2011,4,4,12
4571,2011-04-04 12:29:00,2011,4,4,12
4572,2011-04-04 12:31:00,2011,4,4,12
4573,2011-04-04 12:34:00,2011,4,4,12
4574,2011-04-04 12:37:00,2011,4,4,12
4575,2011-04-04 12:42:00,2011,4,4,12
4576,2011-04-04 12:44:00,2011,4,4,12
4577,2011-04-04 12:52:00,2011,4,4,12
4578,2011-04-04 12:54:00,2011,4,4,12
4579,2011-04-04 12:55:00,2011,4,4,12
4580,2011-04-04 13:03:00,2011,4,4,13
4581,2011-04-04 13:04:00,2011,4,4,13
4582,2011-04-04 13:26:00,2011,4,4,13
4583,2011-04-04 13:29:00,2011,4,4,13
4584,2011-04-04 13:32:00,2011,4,4,13
4585,2011-04-04 13:38:00,2011,4,4,13
4586,2011-04-04 13:42:00,2011,4,4,13
4587,2011-04-04 13:47:00,2011,4,4,13
4588,2011-04-04 13:57:00,2011,4,4,13
4589,2011-04-04 14:00:00,2011,4,4,14
4590,2011-04-04 14:09:00,2011,4,4,14
4591,2011-04-04 14:17:00,2011,4,4,14
4592,2011-04-04 14:28:00,2011,4,4,14
4593,2011-04-04 14:31:00,2011,4,4,14
4594,2011-04-04 14:41:00,2011,4,4,14
4595,2011-04-04 14:42:00,2011,4,4,14
4596,2011-04-04 15:10:00,2011,4,4,15
4597,2011-04-04 15:18:00,2011,4,4,15
4598,2011-04-04 15:35:00,2011,4,4,15
4599,2011-04-04 16:21:00,2011,4,4,16
4600,2011-04-04 16:28:00,2011,4,4,16
4601,2011-04-04 16:31:00,2011,4,4,16
4602,2011-04-04 16:36:00,2011,4,4,16
4603,2011-04-05 08:25:00,2011,4,5,8
4604,2011-04-05 08:43:00,2011,4,5,8
4605,2011-04-05 08:51:00,2011,4,5,8
4606,2011-04-05 09:09:00,2011,4,5,9
4607,2011-04-05 09:32:00,2011,4,5,9
4608,2011-04-05 09:45:00,2011,4,5,9
4609,2011-04-05 10:07:00,2011,4,5,10
4610,2011-04-05 10:13:00,2011,4,5,10
4611,2011-04-05 10:18:00,2011,4,5,10
4612,2011-04-05 10:19:00,2011,4,5,10
4613,2011-04-05 10:31:00,2011,4,5,10
4614,2011-04-05 10:40:00,2011,4,5,10
4615,2011-04-05 10:46:00,2011,4,5,10
4616,2011-04-05 10:47:00,2011,4,5,10
4617,2011-04-05 10:58:00,2011,4,5,10
4618,2011-04-05 11:01:00,2011,4,5,11
4619,2011-04-05 11:03:00,2011,4,5,11
4620,2011-04-05 11:29:00,2011,4,5,11
4621,2011-04-05 11:44:00,2011,4,5,11
4622,2011-04-05 11:47:00,2011,4,5,11
4623,2011-04-05 12:08:00,2011,4,5,12
4624,2011-04-05 12:12:00,2011,4,5,12
4625,2011-04-05 12:24:00,2011,4,5,12
4626,2011-04-05 12:30:00,2011,4,5,12
4627,2011-04-05 12:37:00,2011,4,5,12
4628,2011-04-05 12:46:00,2011,4,5,12
4629,2011-04-05 12:50:00,2011,4,5,12
4630,2011-04-05 13:07:00,2011,4,5,13
4631,2011-04-05 13:42:00,2011,4,5,13
4632,2011-04-05 13:48:00,2011,4,5,13
4633,2011-04-05 13:52:00,2011,4,5,13
4634,2011-04-05 13:56:00,2011,4,5,13
4635,2011-04-05 14:38:00,2011,4,5,14
4636,2011-04-05 14:51:00,2011,4,5,14
4637,2011-04-05 15:00:00,2011,4,5,15
4638,2011-04-05 15:12:00,2011,4,5,15
4639,2011-04-05 15:20:00,2011,4,5,15
4640,2011-04-05 15:21:00,2011,4,5,15
4641,2011-04-05 15:36:00,2011,4,5,15
4642,2011-04-05 16:13:00,2011,4,5,16
4643,2011-04-05 16:23:00,2011,4,5,16
4644,2011-04-05 16:42:00,2011,4,5,16
4645,2011-04-05 17:02:00,2011,4,5,17
4646,2011-04-06 09:11:00,2011,4,6,9
4647,2011-04-06 10:07:00,2011,4,6,10
4648,2011-04-06 10:14:00,2011,4,6,10
4649,2011-04-06 10:19:00,2011,4,6,10
4650,2011-04-06 10:20:00,2011,4,6,10
4651,2011-04-06 10:21:00,2011,4,6,10
4652,2011-04-06 10:33:00,2011,4,6,10
4653,2011-04-06 10:40:00,2011,4,6,10
4654,2011-04-06 10:46:00,2011,4,6,10
4655,2011-04-06 11:07:00,2011,4,6,11
4656,2011-04-06 11:34:00,2011,4,6,11
4657,2011-04-06 11:43:00,2011,4,6,11
4658,2011-04-06 12:05:00,2011,4,6,12
4659,2011-04-06 12:08:00,2011,4,6,12
4660,2011-04-06 12:41:00,2011,4,6,12
4661,2011-04-06 12:49:00,2011,4,6,12
4662,2011-04-06 12:56:00,2011,4,6,12
4663,2011-04-06 13:18:00,2011,4,6,13
4664,2011-04-06 13:23:00,2011,4,6,13
4665,2011-04-06 13:28:00,2011,4,6,13
4666,2011-04-06 13:33:00,2011,4,6,13
4667,2011-04-06 14:02:00,2011,4,6,14
4668,2011-04-06 14:03:00,2011,4,6,14
4669,2011-04-06 14:13:00,2011,4,6,14
4670,2011-04-06 14:23:00,2011,4,6,14
4671,2011-04-06 14:25:00,2011,4,6,14
4672,2011-04-06 14:53:00,2011,4,6,14
4673,2011-04-06 15:02:00,2011,4,6,15
4674,2011-04-06 15:07:00,2011,4,6,15
4675,2011-04-06 15:31:00,2011,4,6,15
4676,2011-04-06 15:47:00,2011,4,6,15
4677,2011-04-06 16:47:00,2011,4,6,16
4678,2011-04-06 17:25:00,2011,4,6,17
4679,2011-04-07 09:12:00,2011,4,7,9
4680,2011-04-07 09:16:00,2011,4,7,9
4681,2011-04-07 09:35:00,2011,4,7,9
4682,2011-04-07 09:39:00,2011,4,7,9
4683,2011-04-07 10:09:00,2011,4,7,10
4684,2011-04-07 10:10:00,2011,4,7,10
4685,2011-04-07 10:11:00,2011,4,7,10
4686,2011-04-07 10:13:00,2011,4,7,10
4687,2011-04-07 10:20:00,2011,4,7,10
4688,2011-04-07 10:24:00,2011,4,7,10
4689,2011-04-07 10:33:00,2011,4,7,10
4690,2011-04-07 10:38:00,2011,4,7,10
4691,2011-04-07 10:43:00,2011,4,7,10
4692,2011-04-07 10:54:00,2011,4,7,10
4693,2011-04-07 11:06:00,2011,4,7,11
4694,2011-04-07 11:12:00,2011,4,7,11
4695,2011-04-07 11:16:00,2011,4,7,11
4696,2011-04-07 11:29:00,2011,4,7,11
4697,2011-04-07 11:30:00,2011,4,7,11
4698,2011-04-07 11:37:00,2011,4,7,11
4699,2011-04-07 11:40:00,2011,4,7,11
4700,2011-04-07 11:41:00,2011,4,7,11
4701,2011-04-07 11:47:00,2011,4,7,11
4702,2011-04-07 11:59:00,2011,4,7,11
4703,2011-04-07 12:00:00,2011,4,7,12
4704,2011-04-07 12:02:00,2011,4,7,12
4705,2011-04-07 12:04:00,2011,4,7,12
4706,2011-04-07 12:10:00,2011,4,7,12
4707,2011-04-07 12:16:00,2011,4,7,12
4708,2011-04-07 12:23:00,2011,4,7,12
4709,2011-04-07 12:24:00,2011,4,7,12
4710,2011-04-07 12:29:00,2011,4,7,12
4711,2011-04-07 12:30:00,2011,4,7,12
4712,2011-04-07 12:33:00,2011,4,7,12
4713,2011-04-07 12:34:00,2011,4,7,12
4714,2011-04-07 12:35:00,2011,4,7,12
4715,2011-04-07 12:38:00,2011,4,7,12
4716,2011-04-07 12:39:00,2011,4,7,12
4717,2011-04-07 12:59:00,2011,4,7,12
4718,2011-04-07 13:05:00,2011,4,7,13
4719,2011-04-07 13:07:00,2011,4,7,13
4720,2011-04-07 13:09:00,2011,4,7,13
4721,2011-04-07 13:11:00,2011,4,7,13
4722,2011-04-07 13:16:00,2011,4,7,13
4723,2011-04-07 13:18:00,2011,4,7,13
4724,2011-04-07 13:19:00,2011,4,7,13
4725,2011-04-07 13:24:00,2011,4,7,13
4726,2011-04-07 13:32:00,2011,4,7,13
4727,2011-04-07 13:37:00,2011,4,7,13
4728,2011-04-07 13:45:00,2011,4,7,13
4729,2011-04-07 18:03:00,2011,4,7,18
4730,2011-04-07 18:05:00,2011,4,7,18
4731,2011-04-07 18:09:00,2011,4,7,18
4732,2011-04-07 19:05:00,2011,4,7,19
4733,2011-04-07 19:10:00,2011,4,7,19
4734,2011-04-07 19:16:00,2011,4,7,19
4735,2011-04-07 19:27:00,2011,4,7,19
4736,2011-04-08 07:37:00,2011,4,8,7
4737,2011-04-08 07:49:00,2011,4,8,7
4738,2011-04-08 08:20:00,2011,4,8,8
4739,2011-04-08 08:21:00,2011,4,8,8
4740,2011-04-08 08:24:00,2011,4,8,8
4741,2011-04-08 08:25:00,2011,4,8,8
4742,2011-04-08 08:27:00,2011,4,8,8
4743,2011-04-08 08:39:00,2011,4,8,8
4744,2011-04-08 08:40:00,2011,4,8,8
4745,2011-04-08 08:48:00,2011,4,8,8
4746,2011-04-08 09:08:00,2011,4,8,9
4747,2011-04-08 09:13:00,2011,4,8,9
4748,2011-04-08 09:15:00,2011,4,8,9
4749,2011-04-08 09:20:00,2011,4,8,9
4750,2011-04-08 09:25:00,2011,4,8,9
4751,2011-04-08 09:26:00,2011,4,8,9
4752,2011-04-08 09:45:00,2011,4,8,9
4753,2011-04-08 09:54:00,2011,4,8,9
4754,2011-04-08 09:58:00,2011,4,8,9
4755,2011-04-08 10:01:00,2011,4,8,10
4756,2011-04-08 10:09:00,2011,4,8,10
4757,2011-04-08 10:14:00,2011,4,8,10
4758,2011-04-08 10:19:00,2011,4,8,10
4759,2011-04-08 10:20:00,2011,4,8,10
4760,2011-04-08 10:26:00,2011,4,8,10
4761,2011-04-08 10:32:00,2011,4,8,10
4762,2011-04-08 11:21:00,2011,4,8,11
4763,2011-04-08 11:23:00,2011,4,8,11
4764,2011-04-08 11:26:00,2011,4,8,11
4765,2011-04-08 11:28:00,2011,4,8,11
4766,2011-04-08 11:33:00,2011,4,8,11
4767,2011-04-08 11:43:00,2011,4,8,11
4768,2011-04-08 11:44:00,2011,4,8,11
4769,2011-04-08 11:50:00,2011,4,8,11
4770,2011-04-08 11:54:00,2011,4,8,11
4771,2011-04-08 12:01:00,2011,4,8,12
4772,2011-04-08 12:06:00,2011,4,8,12
4773,2011-04-08 12:17:00,2011,4,8,12
4774,2011-04-08 12:20:00,2011,4,8,12
4775,2011-04-08 12:28:00,2011,4,8,12
4776,2011-04-08 12:30:00,2011,4,8,12
4777,2011-04-08 12:33:00,2011,4,8,12
4778,2011-04-08 12:34:00,2011,4,8,12
4779,2011-04-08 12:42:00,2011,4,8,12
4780,2011-04-08 12:43:00,2011,4,8,12
4781,2011-04-08 12:56:00,2011,4,8,12
4782,2011-04-08 13:00:00,2011,4,8,13
4783,2011-04-08 13:01:00,2011,4,8,13
4784,2011-04-08 13:14:00,2011,4,8,13
4785,2011-04-08 13:20:00,2011,4,8,13
4786,2011-04-08 14:07:00,2011,4,8,14
4787,2011-04-08 14:12:00,2011,4,8,14
4788,2011-04-08 14:14:00,2011,4,8,14
4789,2011-04-08 14:26:00,2011,4,8,14
4790,2011-04-08 14:27:00,2011,4,8,14
4791,2011-04-08 14:39:00,2011,4,8,14
4792,2011-04-08 15:19:00,2011,4,8,15
4793,2011-04-08 15:34:00,2011,4,8,15
4794,2011-04-08 15:35:00,2011,4,8,15
4795,2011-04-08 15:49:00,2011,4,8,15
4796,2011-04-08 17:25:00,2011,4,8,17
4797,2011-04-10 10:10:00,2011,4,10,10
4798,2011-04-10 10:16:00,2011,4,10,10
4799,2011-04-10 11:11:00,2011,4,10,11
4800,2011-04-10 11:14:00,2011,4,10,11
4801,2011-04-10 11:24:00,2011,4,10,11
4802,2011-04-10 11:33:00,2011,4,10,11
4803,2011-04-10 11:35:00,2011,4,10,11
4804,2011-04-10 11:45:00,2011,4,10,11
4805,2011-04-10 11:48:00,2011,4,10,11
4806,2011-04-10 11:58:00,2011,4,10,11
4807,2011-04-10 12:22:00,2011,4,10,12
4808,2011-04-10 12:36:00,2011,4,10,12
4809,2011-04-10 12:52:00,2011,4,10,12
4810,2011-04-10 12:53:00,2011,4,10,12
4811,2011-04-10 12:59:00,2011,4,10,12
4812,2011-04-10 13:21:00,2011,4,10,13
4813,2011-04-10 13:25:00,2011,4,10,13
4814,2011-04-10 13:26:00,2011,4,10,13
4815,2011-04-10 13:36:00,2011,4,10,13
4816,2011-04-10 13:48:00,2011,4,10,13
4817,2011-04-10 14:02:00,2011,4,10,14
4818,2011-04-10 14:16:00,2011,4,10,14
4819,2011-04-10 14:27:00,2011,4,10,14
4820,2011-04-10 15:07:00,2011,4,10,15
4821,2011-04-10 15:09:00,2011,4,10,15
4822,2011-04-10 15:15:00,2011,4,10,15
4823,2011-04-10 15:19:00,2011,4,10,15
4824,2011-04-10 15:25:00,2011,4,10,15
4825,2011-04-10 15:32:00,2011,4,10,15
4826,2011-04-10 16:01:00,2011,4,10,16
4827,2011-04-10 16:02:00,2011,4,10,16
4828,2011-04-10 16:04:00,2011,4,10,16
4829,2011-04-11 08:14:00,2011,4,11,8
4830,2011-04-11 08:16:00,2011,4,11,8
4831,2011-04-11 08:49:00,2011,4,11,8
4832,2011-04-11 09:18:00,2011,4,11,9
4833,2011-04-11 09:44:00,2011,4,11,9
4834,2011-04-11 09:46:00,2011,4,11,9
4835,2011-04-11 09:47:00,2011,4,11,9
4836,2011-04-11 09:54:00,2011,4,11,9
4837,2011-04-11 10:01:00,2011,4,11,10
4838,2011-04-11 10:04:00,2011,4,11,10
4839,2011-04-11 10:09:00,2011,4,11,10
4840,2011-04-11 10:10:00,2011,4,11,10
4841,2011-04-11 10:14:00,2011,4,11,10
4842,2011-04-11 10:18:00,2011,4,11,10
4843,2011-04-11 10:25:00,2011,4,11,10
4844,2011-04-11 10:59:00,2011,4,11,10
4845,2011-04-11 11:06:00,2011,4,11,11
4846,2011-04-11 11:23:00,2011,4,11,11
4847,2011-04-11 11:38:00,2011,4,11,11
4848,2011-04-11 11:40:00,2011,4,11,11
4849,2011-04-11 11:43:00,2011,4,11,11
4850,2011-04-11 11:45:00,2011,4,11,11
4851,2011-04-11 11:51:00,2011,4,11,11
4852,2011-04-11 12:13:00,2011,4,11,12
4853,2011-04-11 12:17:00,2011,4,11,12
4854,2011-04-11 12:20:00,2011,4,11,12
4855,2011-04-11 12:21:00,2011,4,11,12
4856,2011-04-11 12:45:00,2011,4,11,12
4857,2011-04-11 12:57:00,2011,4,11,12
4858,2011-04-11 12:59:00,2011,4,11,12
4859,2011-04-11 13:02:00,2011,4,11,13
4860,2011-04-11 13:19:00,2011,4,11,13
4861,2011-04-11 13:22:00,2011,4,11,13
4862,2011-04-11 13:24:00,2011,4,11,13
4863,2011-04-11 13:29:00,2011,4,11,13
4864,2011-04-11 13:40:00,2011,4,11,13
4865,2011-04-11 13:41:00,2011,4,11,13
4866,2011-04-11 13:42:00,2011,4,11,13
4867,2011-04-11 13:43:00,2011,4,11,13
4868,2011-04-11 13:45:00,2011,4,11,13
4869,2011-04-11 13:55:00,2011,4,11,13
4870,2011-04-11 14:00:00,2011,4,11,14
4871,2011-04-11 14:07:00,2011,4,11,14
4872,2011-04-11 14:11:00,2011,4,11,14
4873,2011-04-11 14:40:00,2011,4,11,14
4874,2011-04-11 14:43:00,2011,4,11,14
4875,2011-04-11 14:56:00,2011,4,11,14
4876,2011-04-11 15:03:00,2011,4,11,15
4877,2011-04-11 15:04:00,2011,4,11,15
4878,2011-04-11 15:25:00,2011,4,11,15
4879,2011-04-11 15:35:00,2011,4,11,15
4880,2011-04-11 15:59:00,2011,4,11,15
4881,2011-04-11 16:15:00,2011,4,11,16
4882,2011-04-11 16:17:00,2011,4,11,16
4883,2011-04-11 16:35:00,2011,4,11,16
4884,2011-04-11 16:47:00,2011,4,11,16
4885,2011-04-11 16:56:00,2011,4,11,16
4886,2011-04-11 17:12:00,2011,4,11,17
4887,2011-04-12 08:42:00,2011,4,12,8
4888,2011-04-12 09:02:00,2011,4,12,9
4889,2011-04-12 09:03:00,2011,4,12,9
4890,2011-04-12 09:35:00,2011,4,12,9
4891,2011-04-12 09:49:00,2011,4,12,9
4892,2011-04-12 09:53:00,2011,4,12,9
4893,2011-04-12 10:01:00,2011,4,12,10
4894,2011-04-12 10:05:00,2011,4,12,10
4895,2011-04-12 10:30:00,2011,4,12,10
4896,2011-04-12 10:33:00,2011,4,12,10
4897,2011-04-12 10:38:00,2011,4,12,10
4898,2011-04-12 10:41:00,2011,4,12,10
4899,2011-04-12 10:42:00,2011,4,12,10
4900,2011-04-12 10:45:00,2011,4,12,10
4901,2011-04-12 10:48:00,2011,4,12,10
4902,2011-04-12 10:58:00,2011,4,12,10
4903,2011-04-12 11:01:00,2011,4,12,11
4904,2011-04-12 11:32:00,2011,4,12,11
4905,2011-04-12 11:34:00,2011,4,12,11
4906,2011-04-12 11:36:00,2011,4,12,11
4907,2011-04-12 11:43:00,2011,4,12,11
4908,2011-04-12 11:58:00,2011,4,12,11
4909,2011-04-12 12:00:00,2011,4,12,12
4910,2011-04-12 12:02:00,2011,4,12,12
4911,2011-04-12 12:16:00,2011,4,12,12
4912,2011-04-12 12:47:00,2011,4,12,12
4913,2011-04-12 12:53:00,2011,4,12,12
4914,2011-04-12 12:56:00,2011,4,12,12
4915,2011-04-12 13:01:00,2011,4,12,13
4916,2011-04-12 13:10:00,2011,4,12,13
4917,2011-04-12 13:19:00,2011,4,12,13
4918,2011-04-12 13:20:00,2011,4,12,13
4919,2011-04-12 13:24:00,2011,4,12,13
4920,2011-04-12 13:32:00,2011,4,12,13
4921,2011-04-12 13:38:00,2011,4,12,13
4922,2011-04-12 13:39:00,2011,4,12,13
4923,2011-04-12 13:45:00,2011,4,12,13
4924,2011-04-12 13:52:00,2011,4,12,13
4925,2011-04-12 13:55:00,2011,4,12,13
4926,2011-04-12 14:04:00,2011,4,12,14
4927,2011-04-12 14:17:00,2011,4,12,14
4928,2011-04-12 14:22:00,2011,4,12,14
4929,2011-04-12 14:43:00,2011,4,12,14
4930,2011-04-12 14:58:00,2011,4,12,14
4931,2011-04-12 15:08:00,2011,4,12,15
4932,2011-04-12 15:23:00,2011,4,12,15
4933,2011-04-12 15:30:00,2011,4,12,15
4934,2011-04-12 15:32:00,2011,4,12,15
4935,2011-04-12 16:17:00,2011,4,12,16
4936,2011-04-12 16:19:00,2011,4,12,16
4937,2011-04-12 16:20:00,2011,4,12,16
4938,2011-04-12 16:28:00,2011,4,12,16
4939,2011-04-12 16:30:00,2011,4,12,16
4940,2011-04-12 16:43:00,2011,4,12,16
4941,2011-04-12 17:12:00,2011,4,12,17
4942,2011-04-13 08:26:00,2011,4,13,8
4943,2011-04-13 09:32:00,2011,4,13,9
4944,2011-04-13 09:39:00,2011,4,13,9
4945,2011-04-13 09:42:00,2011,4,13,9
4946,2011-04-13 09:48:00,2011,4,13,9
4947,2011-04-13 09:52:00,2011,4,13,9
4948,2011-04-13 09:59:00,2011,4,13,9
4949,2011-04-13 10:10:00,2011,4,13,10
4950,2011-04-13 10:12:00,2011,4,13,10
4951,2011-04-13 10:14:00,2011,4,13,10
4952,2011-04-13 10:19:00,2011,4,13,10
4953,2011-04-13 10:20:00,2011,4,13,10
4954,2011-04-13 10:32:00,2011,4,13,10
4955,2011-04-13 10:40:00,2011,4,13,10
4956,2011-04-13 11:04:00,2011,4,13,11
4957,2011-04-13 11:05:00,2011,4,13,11
4958,2011-04-13 11:29:00,2011,4,13,11
4959,2011-04-13 11:40:00,2011,4,13,11
4960,2011-04-13 11:42:00,2011,4,13,11
4961,2011-04-13 11:46:00,2011,4,13,11
4962,2011-04-13 11:48:00,2011,4,13,11
4963,2011-04-13 11:53:00,2011,4,13,11
4964,2011-04-13 12:04:00,2011,4,13,12
4965,2011-04-13 12:09:00,2011,4,13,12
4966,2011-04-13 12:23:00,2011,4,13,12
4967,2011-04-13 12:44:00,2011,4,13,12
4968,2011-04-13 12:47:00,2011,4,13,12
4969,2011-04-13 12:57:00,2011,4,13,12
4970,2011-04-13 13:15:00,2011,4,13,13
4971,2011-04-13 13:25:00,2011,4,13,13
4972,2011-04-13 13:42:00,2011,4,13,13
4973,2011-04-13 13:45:00,2011,4,13,13
4974,2011-04-13 13:47:00,2011,4,13,13
4975,2011-04-13 13:51:00,2011,4,13,13
4976,2011-04-13 14:12:00,2011,4,13,14
4977,2011-04-13 14:17:00,2011,4,13,14
4978,2011-04-13 14:21:00,2011,4,13,14
4979,2011-04-13 14:24:00,2011,4,13,14
4980,2011-04-13 14:25:00,2011,4,13,14
4981,2011-04-13 14:27:00,2011,4,13,14
4982,2011-04-13 14:31:00,2011,4,13,14
4983,2011-04-13 14:38:00,2011,4,13,14
4984,2011-04-13 14:39:00,2011,4,13,14
4985,2011-04-13 14:54:00,2011,4,13,14
4986,2011-04-13 15:00:00,2011,4,13,15
4987,2011-04-13 15:06:00,2011,4,13,15
4988,2011-04-13 15:36:00,2011,4,13,15
4989,2011-04-13 15:49:00,2011,4,13,15
4990,2011-04-13 15:52:00,2011,4,13,15
4991,2011-04-13 15:55:00,2011,4,13,15
4992,2011-04-13 15:57:00,2011,4,13,15
4993,2011-04-13 15:58:00,2011,4,13,15
4994,2011-04-13 16:43:00,2011,4,13,16
4995,2011-04-13 16:58:00,2011,4,13,16
4996,2011-04-13 17:31:00,2011,4,13,17
4997,2011-04-14 08:13:00,2011,4,14,8
4998,2011-04-14 08:14:00,2011,4,14,8
4999,2011-04-14 08:26:00,2011,4,14,8
5000,2011-04-14 08:27:00,2011,4,14,8
5001,2011-04-14 08:32:00,2011,4,14,8
5002,2011-04-14 08:45:00,2011,4,14,8
5003,2011-04-14 08:46:00,2011,4,14,8
5004,2011-04-14 08:49:00,2011,4,14,8
5005,2011-04-14 09:09:00,2011,4,14,9
5006,2011-04-14 09:18:00,2011,4,14,9
5007,2011-04-14 09:28:00,2011,4,14,9
5008,2011-04-14 09:30:00,2011,4,14,9
5009,2011-04-14 09:43:00,2011,4,14,9
5010,2011-04-14 09:56:00,2011,4,14,9
5011,2011-04-14 09:58:00,2011,4,14,9
5012,2011-04-14 10:10:00,2011,4,14,10
5013,2011-04-14 10:13:00,2011,4,14,10
5014,2011-04-14 10:17:00,2011,4,14,10
5015,2011-04-14 10:54:00,2011,4,14,10
5016,2011-04-14 11:07:00,2011,4,14,11
5017,2011-04-14 11:19:00,2011,4,14,11
5018,2011-04-14 11:28:00,2011,4,14,11
5019,2011-04-14 11:32:00,2011,4,14,11
5020,2011-04-14 11:39:00,2011,4,14,11
5021,2011-04-14 11:45:00,2011,4,14,11
5022,2011-04-14 11:48:00,2011,4,14,11
5023,2011-04-14 12:00:00,2011,4,14,12
5024,2011-04-14 12:01:00,2011,4,14,12
5025,2011-04-14 12:12:00,2011,4,14,12
5026,2011-04-14 12:31:00,2011,4,14,12
5027,2011-04-14 12:35:00,2011,4,14,12
5028,2011-04-14 12:38:00,2011,4,14,12
5029,2011-04-14 12:39:00,2011,4,14,12
5030,2011-04-14 12:41:00,2011,4,14,12
5031,2011-04-14 12:42:00,2011,4,14,12
5032,2011-04-14 12:43:00,2011,4,14,12
5033,2011-04-14 13:17:00,2011,4,14,13
5034,2011-04-14 13:27:00,2011,4,14,13
5035,2011-04-14 13:33:00,2011,4,14,13
5036,2011-04-14 13:50:00,2011,4,14,13
5037,2011-04-14 13:52:00,2011,4,14,13
5038,2011-04-14 13:56:00,2011,4,14,13
5039,2011-04-14 13:59:00,2011,4,14,13
5040,2011-04-14 14:02:00,2011,4,14,14
5041,2011-04-14 14:14:00,2011,4,14,14
5042,2011-04-14 14:15:00,2011,4,14,14
5043,2011-04-14 14:36:00,2011,4,14,14
5044,2011-04-14 14:37:00,2011,4,14,14
5045,2011-04-14 14:39:00,2011,4,14,14
5046,2011-04-14 14:41:00,2011,4,14,14
5047,2011-04-14 14:43:00,2011,4,14,14
5048,2011-04-14 14:45:00,2011,4,14,14
5049,2011-04-14 14:54:00,2011,4,14,14
5050,2011-04-14 15:02:00,2011,4,14,15
5051,2011-04-14 15:26:00,2011,4,14,15
5052,2011-04-14 15:39:00,2011,4,14,15
5053,2011-04-14 15:46:00,2011,4,14,15
5054,2011-04-14 15:58:00,2011,4,14,15
5055,2011-04-14 16:23:00,2011,4,14,16
5056,2011-04-14 16:26:00,2011,4,14,16
5057,2011-04-14 16:31:00,2011,4,14,16
5058,2011-04-14 16:38:00,2011,4,14,16
5059,2011-04-14 16:41:00,2011,4,14,16
5060,2011-04-14 16:58:00,2011,4,14,16
5061,2011-04-14 17:25:00,2011,4,14,17
5062,2011-04-14 17:29:00,2011,4,14,17
5063,2011-04-14 17:33:00,2011,4,14,17
5064,2011-04-14 17:44:00,2011,4,14,17
5065,2011-04-14 17:58:00,2011,4,14,17
5066,2011-04-14 18:02:00,2011,4,14,18
5067,2011-04-14 18:22:00,2011,4,14,18
5068,2011-04-14 18:28:00,2011,4,14,18
5069,2011-04-14 18:40:00,2011,4,14,18
5070,2011-04-14 18:57:00,2011,4,14,18
5071,2011-04-14 19:15:00,2011,4,14,19
5072,2011-04-14 19:16:00,2011,4,14,19
5073,2011-04-14 19:59:00,2011,4,14,19
5074,2011-04-15 08:45:00,2011,4,15,8
5075,2011-04-15 09:27:00,2011,4,15,9
5076,2011-04-15 09:43:00,2011,4,15,9
5077,2011-04-15 10:09:00,2011,4,15,10
5078,2011-04-15 10:14:00,2011,4,15,10
5079,2011-04-15 10:19:00,2011,4,15,10
5080,2011-04-15 10:20:00,2011,4,15,10
5081,2011-04-15 10:21:00,2011,4,15,10
5082,2011-04-15 10:25:00,2011,4,15,10
5083,2011-04-15 10:27:00,2011,4,15,10
5084,2011-04-15 11:06:00,2011,4,15,11
5085,2011-04-15 11:15:00,2011,4,15,11
5086,2011-04-15 11:31:00,2011,4,15,11
5087,2011-04-15 11:36:00,2011,4,15,11
5088,2011-04-15 11:44:00,2011,4,15,11
5089,2011-04-15 11:47:00,2011,4,15,11
5090,2011-04-15 12:05:00,2011,4,15,12
5091,2011-04-15 12:10:00,2011,4,15,12
5092,2011-04-15 12:14:00,2011,4,15,12
5093,2011-04-15 12:23:00,2011,4,15,12
5094,2011-04-15 12:35:00,2011,4,15,12
5095,2011-04-15 12:48:00,2011,4,15,12
5096,2011-04-15 13:16:00,2011,4,15,13
5097,2011-04-15 13:31:00,2011,4,15,13
5098,2011-04-15 13:48:00,2011,4,15,13
5099,2011-04-15 13:56:00,2011,4,15,13
5100,2011-04-15 14:05:00,2011,4,15,14
5101,2011-04-15 14:10:00,2011,4,15,14
5102,2011-04-15 14:14:00,2011,4,15,14
5103,2011-04-15 14:15:00,2011,4,15,14
5104,2011-04-15 14:21:00,2011,4,15,14
5105,2011-04-15 14:32:00,2011,4,15,14
5106,2011-04-15 14:45:00,2011,4,15,14
5107,2011-04-15 15:17:00,2011,4,15,15
5108,2011-04-15 15:31:00,2011,4,15,15
5109,2011-04-15 15:54:00,2011,4,15,15
5110,2011-04-15 15:58:00,2011,4,15,15
5111,2011-04-15 16:11:00,2011,4,15,16
5112,2011-04-15 16:46:00,2011,4,15,16
5113,2011-04-17 10:15:00,2011,4,17,10
5114,2011-04-17 10:17:00,2011,4,17,10
5115,2011-04-17 10:21:00,2011,4,17,10
5116,2011-04-17 10:27:00,2011,4,17,10
5117,2011-04-17 10:56:00,2011,4,17,10
5118,2011-04-17 10:57:00,2011,4,17,10
5119,2011-04-17 10:59:00,2011,4,17,10
5120,2011-04-17 11:04:00,2011,4,17,11
5121,2011-04-17 11:18:00,2011,4,17,11
5122,2011-04-17 11:21:00,2011,4,17,11
5123,2011-04-17 11:30:00,2011,4,17,11
5124,2011-04-17 11:44:00,2011,4,17,11
5125,2011-04-17 11:45:00,2011,4,17,11
5126,2011-04-17 11:56:00,2011,4,17,11
5127,2011-04-17 12:25:00,2011,4,17,12
5128,2011-04-17 12:37:00,2011,4,17,12
5129,2011-04-17 12:38:00,2011,4,17,12
5130,2011-04-17 12:49:00,2011,4,17,12
5131,2011-04-17 12:53:00,2011,4,17,12
5132,2011-04-17 12:57:00,2011,4,17,12
5133,2011-04-17 13:02:00,2011,4,17,13
5134,2011-04-17 13:04:00,2011,4,17,13
5135,2011-04-17 13:05:00,2011,4,17,13
5136,2011-04-17 13:07:00,2011,4,17,13
5137,2011-04-17 13:18:00,2011,4,17,13
5138,2011-04-17 13:20:00,2011,4,17,13
5139,2011-04-17 13:27:00,2011,4,17,13
5140,2011-04-17 13:43:00,2011,4,17,13
5141,2011-04-17 13:53:00,2011,4,17,13
5142,2011-04-17 14:05:00,2011,4,17,14
5143,2011-04-17 14:06:00,2011,4,17,14
5144,2011-04-17 14:09:00,2011,4,17,14
5145,2011-04-17 14:36:00,2011,4,17,14
5146,2011-04-17 14:55:00,2011,4,17,14
5147,2011-04-17 15:29:00,2011,4,17,15
5148,2011-04-17 15:33:00,2011,4,17,15
5149,2011-04-17 15:40:00,2011,4,17,15
5150,2011-04-17 15:53:00,2011,4,17,15
5151,2011-04-17 15:55:00,2011,4,17,15
5152,2011-04-17 15:56:00,2011,4,17,15
5153,2011-04-18 09:00:00,2011,4,18,9
5154,2011-04-18 09:06:00,2011,4,18,9
5155,2011-04-18 09:31:00,2011,4,18,9
5156,2011-04-18 09:33:00,2011,4,18,9
5157,2011-04-18 09:38:00,2011,4,18,9
5158,2011-04-18 10:04:00,2011,4,18,10
5159,2011-04-18 10:20:00,2011,4,18,10
5160,2011-04-18 10:21:00,2011,4,18,10
5161,2011-04-18 10:28:00,2011,4,18,10
5162,2011-04-18 10:35:00,2011,4,18,10
5163,2011-04-18 10:41:00,2011,4,18,10
5164,2011-04-18 10:55:00,2011,4,18,10
5165,2011-04-18 11:10:00,2011,4,18,11
5166,2011-04-18 11:13:00,2011,4,18,11
5167,2011-04-18 11:29:00,2011,4,18,11
5168,2011-04-18 11:45:00,2011,4,18,11
5169,2011-04-18 11:53:00,2011,4,18,11
5170,2011-04-18 11:59:00,2011,4,18,11
5171,2011-04-18 12:14:00,2011,4,18,12
5172,2011-04-18 12:16:00,2011,4,18,12
5173,2011-04-18 12:17:00,2011,4,18,12
5174,2011-04-18 12:25:00,2011,4,18,12
5175,2011-04-18 12:36:00,2011,4,18,12
5176,2011-04-18 12:42:00,2011,4,18,12
5177,2011-04-18 12:45:00,2011,4,18,12
5178,2011-04-18 12:47:00,2011,4,18,12
5179,2011-04-18 12:56:00,2011,4,18,12
5180,2011-04-18 12:58:00,2011,4,18,12
5181,2011-04-18 13:12:00,2011,4,18,13
5182,2011-04-18 13:17:00,2011,4,18,13
5183,2011-04-18 13:20:00,2011,4,18,13
5184,2011-04-18 13:22:00,2011,4,18,13
5185,2011-04-18 13:30:00,2011,4,18,13
5186,2011-04-18 13:31:00,2011,4,18,13
5187,2011-04-18 13:36:00,2011,4,18,13
5188,2011-04-18 13:43:00,2011,4,18,13
5189,2011-04-18 13:46:00,2011,4,18,13
5190,2011-04-18 13:54:00,2011,4,18,13
5191,2011-04-18 14:00:00,2011,4,18,14
5192,2011-04-18 14:01:00,2011,4,18,14
5193,2011-04-18 14:05:00,2011,4,18,14
5194,2011-04-18 14:08:00,2011,4,18,14
5195,2011-04-18 14:12:00,2011,4,18,14
5196,2011-04-18 14:21:00,2011,4,18,14
5197,2011-04-18 14:27:00,2011,4,18,14
5198,2011-04-18 14:32:00,2011,4,18,14
5199,2011-04-18 14:37:00,2011,4,18,14
5200,2011-04-18 14:44:00,2011,4,18,14
5201,2011-04-18 14:50:00,2011,4,18,14
5202,2011-04-18 15:00:00,2011,4,18,15
5203,2011-04-18 15:08:00,2011,4,18,15
5204,2011-04-18 15:14:00,2011,4,18,15
5205,2011-04-18 15:31:00,2011,4,18,15
5206,2011-04-18 15:43:00,2011,4,18,15
5207,2011-04-18 16:31:00,2011,4,18,16
5208,2011-04-18 16:37:00,2011,4,18,16
5209,2011-04-18 16:49:00,2011,4,18,16
5210,2011-04-18 17:29:00,2011,4,18,17
5211,2011-04-18 17:32:00,2011,4,18,17
5212,2011-04-19 08:17:00,2011,4,19,8
5213,2011-04-19 08:55:00,2011,4,19,8
5214,2011-04-19 09:31:00,2011,4,19,9
5215,2011-04-19 09:43:00,2011,4,19,9
5216,2011-04-19 09:49:00,2011,4,19,9
5217,2011-04-19 10:04:00,2011,4,19,10
5218,2011-04-19 10:08:00,2011,4,19,10
5219,2011-04-19 10:19:00,2011,4,19,10
5220,2011-04-19 10:40:00,2011,4,19,10
5221,2011-04-19 10:48:00,2011,4,19,10
5222,2011-04-19 10:49:00,2011,4,19,10
5223,2011-04-19 10:59:00,2011,4,19,10
5224,2011-04-19 11:02:00,2011,4,19,11
5225,2011-04-19 11:19:00,2011,4,19,11
5226,2011-04-19 11:27:00,2011,4,19,11
5227,2011-04-19 11:46:00,2011,4,19,11
5228,2011-04-19 11:52:00,2011,4,19,11
5229,2011-04-19 12:08:00,2011,4,19,12
5230,2011-04-19 12:17:00,2011,4,19,12
5231,2011-04-19 12:19:00,2011,4,19,12
5232,2011-04-19 12:22:00,2011,4,19,12
5233,2011-04-19 12:26:00,2011,4,19,12
5234,2011-04-19 12:41:00,2011,4,19,12
5235,2011-04-19 12:59:00,2011,4,19,12
5236,2011-04-19 13:03:00,2011,4,19,13
5237,2011-04-19 13:09:00,2011,4,19,13
5238,2011-04-19 13:21:00,2011,4,19,13
5239,2011-04-19 13:39:00,2011,4,19,13
5240,2011-04-19 13:41:00,2011,4,19,13
5241,2011-04-19 13:49:00,2011,4,19,13
5242,2011-04-19 13:56:00,2011,4,19,13
5243,2011-04-19 13:57:00,2011,4,19,13
5244,2011-04-19 14:02:00,2011,4,19,14
5245,2011-04-19 14:23:00,2011,4,19,14
5246,2011-04-19 14:36:00,2011,4,19,14
5247,2011-04-19 14:37:00,2011,4,19,14
5248,2011-04-19 14:48:00,2011,4,19,14
5249,2011-04-19 14:49:00,2011,4,19,14
5250,2011-04-19 14:51:00,2011,4,19,14
5251,2011-04-19 14:56:00,2011,4,19,14
5252,2011-04-19 14:57:00,2011,4,19,14
5253,2011-04-19 15:02:00,2011,4,19,15
5254,2011-04-19 15:20:00,2011,4,19,15
5255,2011-04-19 15:39:00,2011,4,19,15
5256,2011-04-19 15:46:00,2011,4,19,15
5257,2011-04-19 16:14:00,2011,4,19,16
5258,2011-04-19 16:19:00,2011,4,19,16
5259,2011-04-19 16:30:00,2011,4,19,16
5260,2011-04-19 16:31:00,2011,4,19,16
5261,2011-04-19 16:37:00,2011,4,19,16
5262,2011-04-19 16:52:00,2011,4,19,16
5263,2011-04-19 17:19:00,2011,4,19,17
5264,2011-04-20 08:07:00,2011,4,20,8
5265,2011-04-20 08:24:00,2011,4,20,8
5266,2011-04-20 09:01:00,2011,4,20,9
5267,2011-04-20 09:02:00,2011,4,20,9
5268,2011-04-20 09:03:00,2011,4,20,9
5269,2011-04-20 09:20:00,2011,4,20,9
5270,2011-04-20 09:29:00,2011,4,20,9
5271,2011-04-20 09:30:00,2011,4,20,9
5272,2011-04-20 09:31:00,2011,4,20,9
5273,2011-04-20 09:35:00,2011,4,20,9
5274,2011-04-20 09:48:00,2011,4,20,9
5275,2011-04-20 10:04:00,2011,4,20,10
5276,2011-04-20 10:10:00,2011,4,20,10
5277,2011-04-20 10:28:00,2011,4,20,10
5278,2011-04-20 10:29:00,2011,4,20,10
5279,2011-04-20 10:39:00,2011,4,20,10
5280,2011-04-20 10:48:00,2011,4,20,10
5281,2011-04-20 11:05:00,2011,4,20,11
5282,2011-04-20 11:06:00,2011,4,20,11
5283,2011-04-20 11:11:00,2011,4,20,11
5284,2011-04-20 11:12:00,2011,4,20,11
5285,2011-04-20 11:19:00,2011,4,20,11
5286,2011-04-20 11:45:00,2011,4,20,11
5287,2011-04-20 11:57:00,2011,4,20,11
5288,2011-04-20 12:01:00,2011,4,20,12
5289,2011-04-20 12:02:00,2011,4,20,12
5290,2011-04-20 12:26:00,2011,4,20,12
5291,2011-04-20 12:28:00,2011,4,20,12
5292,2011-04-20 12:30:00,2011,4,20,12
5293,2011-04-20 12:32:00,2011,4,20,12
5294,2011-04-20 12:44:00,2011,4,20,12
5295,2011-04-20 12:56:00,2011,4,20,12
5296,2011-04-20 13:13:00,2011,4,20,13
5297,2011-04-20 13:15:00,2011,4,20,13
5298,2011-04-20 13:18:00,2011,4,20,13
5299,2011-04-20 13:19:00,2011,4,20,13
5300,2011-04-20 13:35:00,2011,4,20,13
5301,2011-04-20 13:36:00,2011,4,20,13
5302,2011-04-20 13:43:00,2011,4,20,13
5303,2011-04-20 13:55:00,2011,4,20,13
5304,2011-04-20 13:58:00,2011,4,20,13
5305,2011-04-20 13:59:00,2011,4,20,13
5306,2011-04-20 14:02:00,2011,4,20,14
5307,2011-04-20 14:06:00,2011,4,20,14
5308,2011-04-20 14:38:00,2011,4,20,14
5309,2011-04-20 14:40:00,2011,4,20,14
5310,2011-04-20 14:41:00,2011,4,20,14
5311,2011-04-20 14:46:00,2011,4,20,14
5312,2011-04-20 15:04:00,2011,4,20,15
5313,2011-04-20 15:21:00,2011,4,20,15
5314,2011-04-20 15:25:00,2011,4,20,15
5315,2011-04-20 15:32:00,2011,4,20,15
5316,2011-04-20 15:38:00,2011,4,20,15
5317,2011-04-20 15:44:00,2011,4,20,15
5318,2011-04-20 16:04:00,2011,4,20,16
5319,2011-04-20 17:00:00,2011,4,20,17
5320,2011-04-20 17:10:00,2011,4,20,17
5321,2011-04-20 17:37:00,2011,4,20,17
5322,2011-04-21 08:43:00,2011,4,21,8
5323,2011-04-21 08:54:00,2011,4,21,8
5324,2011-04-21 09:26:00,2011,4,21,9
5325,2011-04-21 09:36:00,2011,4,21,9
5326,2011-04-21 10:00:00,2011,4,21,10
5327,2011-04-21 10:12:00,2011,4,21,10
5328,2011-04-21 10:16:00,2011,4,21,10
5329,2011-04-21 10:19:00,2011,4,21,10
5330,2011-04-21 10:29:00,2011,4,21,10
5331,2011-04-21 10:31:00,2011,4,21,10
5332,2011-04-21 10:48:00,2011,4,21,10
5333,2011-04-21 10:51:00,2011,4,21,10
5334,2011-04-21 10:52:00,2011,4,21,10
5335,2011-04-21 10:55:00,2011,4,21,10
5336,2011-04-21 11:03:00,2011,4,21,11
5337,2011-04-21 11:31:00,2011,4,21,11
5338,2011-04-21 11:59:00,2011,4,21,11
5339,2011-04-21 12:00:00,2011,4,21,12
5340,2011-04-21 12:07:00,2011,4,21,12
5341,2011-04-21 12:11:00,2011,4,21,12
5342,2011-04-21 12:12:00,2011,4,21,12
5343,2011-04-21 12:34:00,2011,4,21,12
5344,2011-04-21 12:35:00,2011,4,21,12
5345,2011-04-21 13:11:00,2011,4,21,13
5346,2011-04-21 13:17:00,2011,4,21,13
5347,2011-04-21 13:22:00,2011,4,21,13
5348,2011-04-21 13:29:00,2011,4,21,13
5349,2011-04-21 13:30:00,2011,4,21,13
5350,2011-04-21 13:39:00,2011,4,21,13
5351,2011-04-21 13:40:00,2011,4,21,13
5352,2011-04-21 14:03:00,2011,4,21,14
5353,2011-04-21 14:06:00,2011,4,21,14
5354,2011-04-21 14:07:00,2011,4,21,14
5355,2011-04-21 14:21:00,2011,4,21,14
5356,2011-04-21 14:30:00,2011,4,21,14
5357,2011-04-21 14:33:00,2011,4,21,14
5358,2011-04-21 14:37:00,2011,4,21,14
5359,2011-04-21 15:15:00,2011,4,21,15
5360,2011-04-21 15:16:00,2011,4,21,15
5361,2011-04-21 15:25:00,2011,4,21,15
5362,2011-04-21 15:26:00,2011,4,21,15
5363,2011-04-21 15:46:00,2011,4,21,15
5364,2011-04-21 15:51:00,2011,4,21,15
5365,2011-04-21 15:52:00,2011,4,21,15
5366,2011-04-21 16:01:00,2011,4,21,16
5367,2011-04-21 16:26:00,2011,4,21,16
5368,2011-04-21 16:37:00,2011,4,21,16
5369,2011-04-21 16:39:00,2011,4,21,16
5370,2011-04-21 16:48:00,2011,4,21,16
5371,2011-04-21 16:53:00,2011,4,21,16
5372,2011-04-21 16:58:00,2011,4,21,16
5373,2011-04-21 16:59:00,2011,4,21,16
5374,2011-04-21 17:03:00,2011,4,21,17
5375,2011-04-21 17:05:00,2011,4,21,17
5376,2011-04-21 17:06:00,2011,4,21,17
5377,2011-04-21 17:10:00,2011,4,21,17
5378,2011-04-21 17:31:00,2011,4,21,17
5379,2011-04-21 18:10:00,2011,4,21,18
5380,2011-04-21 18:22:00,2011,4,21,18
5381,2011-04-21 18:31:00,2011,4,21,18
5382,2011-04-21 18:59:00,2011,4,21,18
5383,2011-04-21 19:05:00,2011,4,21,19
5384,2011-04-21 19:51:00,2011,4,21,19
5385,2011-04-21 19:55:00,2011,4,21,19
5386,2011-04-26 08:33:00,2011,4,26,8
5387,2011-04-26 08:57:00,2011,4,26,8
5388,2011-04-26 09:04:00,2011,4,26,9
5389,2011-04-26 09:12:00,2011,4,26,9
5390,2011-04-26 09:15:00,2011,4,26,9
5391,2011-04-26 09:31:00,2011,4,26,9
5392,2011-04-26 09:37:00,2011,4,26,9
5393,2011-04-26 09:44:00,2011,4,26,9
5394,2011-04-26 10:23:00,2011,4,26,10
5395,2011-04-26 10:54:00,2011,4,26,10
5396,2011-04-26 11:04:00,2011,4,26,11
5397,2011-04-26 11:09:00,2011,4,26,11
5398,2011-04-26 11:25:00,2011,4,26,11
5399,2011-04-26 11:30:00,2011,4,26,11
5400,2011-04-26 11:32:00,2011,4,26,11
5401,2011-04-26 11:34:00,2011,4,26,11
5402,2011-04-26 11:44:00,2011,4,26,11
5403,2011-04-26 11:51:00,2011,4,26,11
5404,2011-04-26 11:59:00,2011,4,26,11
5405,2011-04-26 12:07:00,2011,4,26,12
5406,2011-04-26 12:08:00,2011,4,26,12
5407,2011-04-26 12:12:00,2011,4,26,12
5408,2011-04-26 12:16:00,2011,4,26,12
5409,2011-04-26 12:29:00,2011,4,26,12
5410,2011-04-26 12:31:00,2011,4,26,12
5411,2011-04-26 12:47:00,2011,4,26,12
5412,2011-04-26 13:00:00,2011,4,26,13
5413,2011-04-26 13:02:00,2011,4,26,13
5414,2011-04-26 13:04:00,2011,4,26,13
5415,2011-04-26 13:05:00,2011,4,26,13
5416,2011-04-26 13:06:00,2011,4,26,13
5417,2011-04-26 13:12:00,2011,4,26,13
5418,2011-04-26 13:22:00,2011,4,26,13
5419,2011-04-26 13:25:00,2011,4,26,13
5420,2011-04-26 13:36:00,2011,4,26,13
5421,2011-04-26 13:37:00,2011,4,26,13
5422,2011-04-26 13:45:00,2011,4,26,13
5423,2011-04-26 14:07:00,2011,4,26,14
5424,2011-04-26 14:12:00,2011,4,26,14
5425,2011-04-26 14:19:00,2011,4,26,14
5426,2011-04-26 14:37:00,2011,4,26,14
5427,2011-04-26 14:38:00,2011,4,26,14
5428,2011-04-26 14:47:00,2011,4,26,14
5429,2011-04-26 15:00:00,2011,4,26,15
5430,2011-04-26 15:02:00,2011,4,26,15
5431,2011-04-26 15:04:00,2011,4,26,15
5432,2011-04-26 15:26:00,2011,4,26,15
5433,2011-04-26 15:45:00,2011,4,26,15
5434,2011-04-26 15:52:00,2011,4,26,15
5435,2011-04-26 15:56:00,2011,4,26,15
5436,2011-04-26 15:58:00,2011,4,26,15
5437,2011-04-26 16:01:00,2011,4,26,16
5438,2011-04-26 16:40:00,2011,4,26,16
5439,2011-04-26 16:45:00,2011,4,26,16
5440,2011-04-26 16:53:00,2011,4,26,16
5441,2011-04-27 08:17:00,2011,4,27,8
5442,2011-04-27 08:43:00,2011,4,27,8
5443,2011-04-27 08:59:00,2011,4,27,8
5444,2011-04-27 09:03:00,2011,4,27,9
5445,2011-04-27 09:21:00,2011,4,27,9
5446,2011-04-27 10:01:00,2011,4,27,10
5447,2011-04-27 10:02:00,2011,4,27,10
5448,2011-04-27 10:03:00,2011,4,27,10
5449,2011-04-27 10:04:00,2011,4,27,10
5450,2011-04-27 10:52:00,2011,4,27,10
5451,2011-04-27 10:54:00,2011,4,27,10
5452,2011-04-27 11:05:00,2011,4,27,11
5453,2011-04-27 11:12:00,2011,4,27,11
5454,2011-04-27 11:26:00,2011,4,27,11
5455,2011-04-27 11:30:00,2011,4,27,11
5456,2011-04-27 11:32:00,2011,4,27,11
5457,2011-04-27 11:33:00,2011,4,27,11
5458,2011-04-27 11:40:00,2011,4,27,11
5459,2011-04-27 11:41:00,2011,4,27,11
5460,2011-04-27 11:47:00,2011,4,27,11
5461,2011-04-27 11:56:00,2011,4,27,11
5462,2011-04-27 12:00:00,2011,4,27,12
5463,2011-04-27 12:02:00,2011,4,27,12
5464,2011-04-27 12:04:00,2011,4,27,12
5465,2011-04-27 12:05:00,2011,4,27,12
5466,2011-04-27 12:08:00,2011,4,27,12
5467,2011-04-27 12:21:00,2011,4,27,12
5468,2011-04-27 12:35:00,2011,4,27,12
5469,2011-04-27 12:39:00,2011,4,27,12
5470,2011-04-27 12:49:00,2011,4,27,12
5471,2011-04-27 12:50:00,2011,4,27,12
5472,2011-04-27 12:57:00,2011,4,27,12
5473,2011-04-27 13:03:00,2011,4,27,13
5474,2011-04-27 13:06:00,2011,4,27,13
5475,2011-04-27 13:13:00,2011,4,27,13
5476,2011-04-27 13:19:00,2011,4,27,13
5477,2011-04-27 13:31:00,2011,4,27,13
5478,2011-04-27 13:44:00,2011,4,27,13
5479,2011-04-27 14:01:00,2011,4,27,14
5480,2011-04-27 14:05:00,2011,4,27,14
5481,2011-04-27 14:16:00,2011,4,27,14
5482,2011-04-27 14:17:00,2011,4,27,14
5483,2011-04-27 14:18:00,2011,4,27,14
5484,2011-04-27 14:25:00,2011,4,27,14
5485,2011-04-27 14:26:00,2011,4,27,14
5486,2011-04-27 14:27:00,2011,4,27,14
5487,2011-04-27 14:28:00,2011,4,27,14
5488,2011-04-27 14:43:00,2011,4,27,14
5489,2011-04-27 14:48:00,2011,4,27,14
5490,2011-04-27 14:49:00,2011,4,27,14
5491,2011-04-27 14:58:00,2011,4,27,14
5492,2011-04-27 15:07:00,2011,4,27,15
5493,2011-04-27 15:08:00,2011,4,27,15
5494,2011-04-27 16:23:00,2011,4,27,16
5495,2011-04-27 16:39:00,2011,4,27,16
5496,2011-04-27 16:54:00,2011,4,27,16
5497,2011-04-27 17:03:00,2011,4,27,17
5498,2011-04-28 07:52:00,2011,4,28,7
5499,2011-04-28 08:34:00,2011,4,28,8
5500,2011-04-28 08:57:00,2011,4,28,8
5501,2011-04-28 09:02:00,2011,4,28,9
5502,2011-04-28 09:03:00,2011,4,28,9
5503,2011-04-28 09:12:00,2011,4,28,9
5504,2011-04-28 09:20:00,2011,4,28,9
5505,2011-04-28 10:03:00,2011,4,28,10
5506,2011-04-28 10:15:00,2011,4,28,10
5507,2011-04-28 10:20:00,2011,4,28,10
5508,2011-04-28 10:54:00,2011,4,28,10
5509,2011-04-28 11:31:00,2011,4,28,11
5510,2011-04-28 11:38:00,2011,4,28,11
5511,2011-04-28 11:40:00,2011,4,28,11
5512,2011-04-28 11:45:00,2011,4,28,11
5513,2011-04-28 12:03:00,2011,4,28,12
5514,2011-04-28 12:06:00,2011,4,28,12
5515,2011-04-28 12:07:00,2011,4,28,12
5516,2011-04-28 12:22:00,2011,4,28,12
5517,2011-04-28 12:47:00,2011,4,28,12
5518,2011-04-28 12:49:00,2011,4,28,12
5519,2011-04-28 12:55:00,2011,4,28,12
5520,2011-04-28 13:09:00,2011,4,28,13
5521,2011-04-28 13:17:00,2011,4,28,13
5522,2011-04-28 13:18:00,2011,4,28,13
5523,2011-04-28 13:23:00,2011,4,28,13
5524,2011-04-28 13:31:00,2011,4,28,13
5525,2011-04-28 13:33:00,2011,4,28,13
5526,2011-04-28 13:35:00,2011,4,28,13
5527,2011-04-28 13:36:00,2011,4,28,13
5528,2011-04-28 13:39:00,2011,4,28,13
5529,2011-04-28 13:41:00,2011,4,28,13
5530,2011-04-28 13:50:00,2011,4,28,13
5531,2011-04-28 13:51:00,2011,4,28,13
5532,2011-04-28 14:00:00,2011,4,28,14
5533,2011-04-28 14:04:00,2011,4,28,14
5534,2011-04-28 14:34:00,2011,4,28,14
5535,2011-04-28 14:39:00,2011,4,28,14
5536,2011-04-28 14:56:00,2011,4,28,14
5537,2011-04-28 14:59:00,2011,4,28,14
5538,2011-04-28 15:13:00,2011,4,28,15
5539,2011-04-28 15:23:00,2011,4,28,15
5540,2011-04-28 15:26:00,2011,4,28,15
5541,2011-04-28 15:29:00,2011,4,28,15
5542,2011-04-28 15:58:00,2011,4,28,15
5543,2011-04-28 16:11:00,2011,4,28,16
5544,2011-04-28 16:20:00,2011,4,28,16
5545,2011-04-28 16:23:00,2011,4,28,16
5546,2011-04-28 16:39:00,2011,4,28,16
5547,2011-04-28 16:40:00,2011,4,28,16
5548,2011-04-28 16:53:00,2011,4,28,16
5549,2011-04-28 18:11:00,2011,4,28,18
5550,2011-04-28 19:53:00,2011,4,28,19
5551,2011-05-01 10:51:00,2011,5,1,10
5552,2011-05-01 11:10:00,2011,5,1,11
5553,2011-05-01 11:14:00,2011,5,1,11
5554,2011-05-01 11:36:00,2011,5,1,11
5555,2011-05-01 11:50:00,2011,5,1,11
5556,2011-05-01 11:55:00,2011,5,1,11
5557,2011-05-01 12:09:00,2011,5,1,12
5558,2011-05-01 12:35:00,2011,5,1,12
5559,2011-05-01 12:37:00,2011,5,1,12
5560,2011-05-01 12:41:00,2011,5,1,12
5561,2011-05-01 12:54:00,2011,5,1,12
5562,2011-05-01 13:18:00,2011,5,1,13
5563,2011-05-01 13:26:00,2011,5,1,13
5564,2011-05-01 13:45:00,2011,5,1,13
5565,2011-05-01 14:17:00,2011,5,1,14
5566,2011-05-01 14:58:00,2011,5,1,14
5567,2011-05-01 14:59:00,2011,5,1,14
5568,2011-05-01 15:33:00,2011,5,1,15
5569,2011-05-03 08:40:00,2011,5,3,8
5570,2011-05-03 09:05:00,2011,5,3,9
5571,2011-05-03 09:26:00,2011,5,3,9
5572,2011-05-03 09:33:00,2011,5,3,9
5573,2011-05-03 09:34:00,2011,5,3,9
5574,2011-05-03 09:44:00,2011,5,3,9
5575,2011-05-03 09:46:00,2011,5,3,9
5576,2011-05-03 09:47:00,2011,5,3,9
5577,2011-05-03 10:09:00,2011,5,3,10
5578,2011-05-03 10:25:00,2011,5,3,10
5579,2011-05-03 10:30:00,2011,5,3,10
5580,2011-05-03 10:41:00,2011,5,3,10
5581,2011-05-03 10:42:00,2011,5,3,10
5582,2011-05-03 10:43:00,2011,5,3,10
5583,2011-05-03 10:49:00,2011,5,3,10
5584,2011-05-03 10:51:00,2011,5,3,10
5585,2011-05-03 10:55:00,2011,5,3,10
5586,2011-05-03 10:56:00,2011,5,3,10
5587,2011-05-03 11:11:00,2011,5,3,11
5588,2011-05-03 11:19:00,2011,5,3,11
5589,2011-05-03 11:22:00,2011,5,3,11
5590,2011-05-03 11:33:00,2011,5,3,11
5591,2011-05-03 11:34:00,2011,5,3,11
5592,2011-05-03 11:40:00,2011,5,3,11
5593,2011-05-03 11:41:00,2011,5,3,11
5594,2011-05-03 11:42:00,2011,5,3,11
5595,2011-05-03 11:44:00,2011,5,3,11
5596,2011-05-03 11:59:00,2011,5,3,11
5597,2011-05-03 12:02:00,2011,5,3,12
5598,2011-05-03 12:03:00,2011,5,3,12
5599,2011-05-03 12:04:00,2011,5,3,12
5600,2011-05-03 12:07:00,2011,5,3,12
5601,2011-05-03 12:10:00,2011,5,3,12
5602,2011-05-03 12:12:00,2011,5,3,12
5603,2011-05-03 12:13:00,2011,5,3,12
5604,2011-05-03 12:16:00,2011,5,3,12
5605,2011-05-03 12:17:00,2011,5,3,12
5606,2011-05-03 12:24:00,2011,5,3,12
5607,2011-05-03 12:35:00,2011,5,3,12
5608,2011-05-03 12:53:00,2011,5,3,12
5609,2011-05-03 13:22:00,2011,5,3,13
5610,2011-05-03 13:31:00,2011,5,3,13
5611,2011-05-03 13:36:00,2011,5,3,13
5612,2011-05-03 13:39:00,2011,5,3,13
5613,2011-05-03 13:46:00,2011,5,3,13
5614,2011-05-03 13:52:00,2011,5,3,13
5615,2011-05-03 14:16:00,2011,5,3,14
5616,2011-05-03 15:12:00,2011,5,3,15
5617,2011-05-03 15:15:00,2011,5,3,15
5618,2011-05-03 15:23:00,2011,5,3,15
5619,2011-05-03 15:59:00,2011,5,3,15
5620,2011-05-03 16:35:00,2011,5,3,16
5621,2011-05-03 16:49:00,2011,5,3,16
5622,2011-05-03 17:12:00,2011,5,3,17
5623,2011-05-04 08:15:00,2011,5,4,8
5624,2011-05-04 08:17:00,2011,5,4,8
5625,2011-05-04 08:40:00,2011,5,4,8
5626,2011-05-04 08:51:00,2011,5,4,8
5627,2011-05-04 08:52:00,2011,5,4,8
5628,2011-05-04 09:52:00,2011,5,4,9
5629,2011-05-04 09:57:00,2011,5,4,9
5630,2011-05-04 10:15:00,2011,5,4,10
5631,2011-05-04 10:47:00,2011,5,4,10
5632,2011-05-04 10:58:00,2011,5,4,10
5633,2011-05-04 11:00:00,2011,5,4,11
5634,2011-05-04 11:12:00,2011,5,4,11
5635,2011-05-04 11:21:00,2011,5,4,11
5636,2011-05-04 11:23:00,2011,5,4,11
5637,2011-05-04 11:26:00,2011,5,4,11
5638,2011-05-04 11:32:00,2011,5,4,11
5639,2011-05-04 11:37:00,2011,5,4,11
5640,2011-05-04 11:39:00,2011,5,4,11
5641,2011-05-04 11:43:00,2011,5,4,11
5642,2011-05-04 11:45:00,2011,5,4,11
5643,2011-05-04 11:46:00,2011,5,4,11
5644,2011-05-04 11:50:00,2011,5,4,11
5645,2011-05-04 11:57:00,2011,5,4,11
5646,2011-05-04 11:58:00,2011,5,4,11
5647,2011-05-04 12:11:00,2011,5,4,12
5648,2011-05-04 12:20:00,2011,5,4,12
5649,2011-05-04 12:26:00,2011,5,4,12
5650,2011-05-04 12:29:00,2011,5,4,12
5651,2011-05-04 12:32:00,2011,5,4,12
5652,2011-05-04 12:33:00,2011,5,4,12
5653,2011-05-04 13:11:00,2011,5,4,13
5654,2011-05-04 13:12:00,2011,5,4,13
5655,2011-05-04 13:13:00,2011,5,4,13
5656,2011-05-04 13:17:00,2011,5,4,13
5657,2011-05-04 13:22:00,2011,5,4,13
5658,2011-05-04 13:34:00,2011,5,4,13
5659,2011-05-04 13:36:00,2011,5,4,13
5660,2011-05-04 13:52:00,2011,5,4,13
5661,2011-05-04 13:57:00,2011,5,4,13
5662,2011-05-04 14:03:00,2011,5,4,14
5663,2011-05-04 14:11:00,2011,5,4,14
5664,2011-05-04 14:33:00,2011,5,4,14
5665,2011-05-04 14:43:00,2011,5,4,14
5666,2011-05-04 14:52:00,2011,5,4,14
5667,2011-05-04 14:55:00,2011,5,4,14
5668,2011-05-04 15:08:00,2011,5,4,15
5669,2011-05-04 15:25:00,2011,5,4,15
5670,2011-05-04 15:33:00,2011,5,4,15
5671,2011-05-04 15:37:00,2011,5,4,15
5672,2011-05-04 15:41:00,2011,5,4,15
5673,2011-05-04 16:07:00,2011,5,4,16
5674,2011-05-04 16:29:00,2011,5,4,16
5675,2011-05-04 16:36:00,2011,5,4,16
5676,2011-05-04 16:51:00,2011,5,4,16
5677,2011-05-04 17:19:00,2011,5,4,17
5678,2011-05-05 07:37:00,2011,5,5,7
5679,2011-05-05 08:16:00,2011,5,5,8
5680,2011-05-05 08:18:00,2011,5,5,8
5681,2011-05-05 08:30:00,2011,5,5,8
5682,2011-05-05 08:32:00,2011,5,5,8
5683,2011-05-05 08:33:00,2011,5,5,8
5684,2011-05-05 09:05:00,2011,5,5,9
5685,2011-05-05 09:11:00,2011,5,5,9
5686,2011-05-05 09:13:00,2011,5,5,9
5687,2011-05-05 09:15:00,2011,5,5,9
5688,2011-05-05 09:17:00,2011,5,5,9
5689,2011-05-05 09:18:00,2011,5,5,9
5690,2011-05-05 09:23:00,2011,5,5,9
5691,2011-05-05 09:29:00,2011,5,5,9
5692,2011-05-05 09:34:00,2011,5,5,9
5693,2011-05-05 09:44:00,2011,5,5,9
5694,2011-05-05 09:53:00,2011,5,5,9
5695,2011-05-05 10:07:00,2011,5,5,10
5696,2011-05-05 10:20:00,2011,5,5,10
5697,2011-05-05 10:22:00,2011,5,5,10
5698,2011-05-05 10:29:00,2011,5,5,10
5699,2011-05-05 10:31:00,2011,5,5,10
5700,2011-05-05 10:49:00,2011,5,5,10
5701,2011-05-05 10:51:00,2011,5,5,10
5702,2011-05-05 11:08:00,2011,5,5,11
5703,2011-05-05 11:09:00,2011,5,5,11
5704,2011-05-05 11:18:00,2011,5,5,11
5705,2011-05-05 11:38:00,2011,5,5,11
5706,2011-05-05 11:46:00,2011,5,5,11
5707,2011-05-05 11:47:00,2011,5,5,11
5708,2011-05-05 11:53:00,2011,5,5,11
5709,2011-05-05 12:13:00,2011,5,5,12
5710,2011-05-05 12:22:00,2011,5,5,12
5711,2011-05-05 12:24:00,2011,5,5,12
5712,2011-05-05 12:37:00,2011,5,5,12
5713,2011-05-05 12:38:00,2011,5,5,12
5714,2011-05-05 12:39:00,2011,5,5,12
5715,2011-05-05 12:40:00,2011,5,5,12
5716,2011-05-05 12:52:00,2011,5,5,12
5717,2011-05-05 13:14:00,2011,5,5,13
5718,2011-05-05 13:19:00,2011,5,5,13
5719,2011-05-05 13:29:00,2011,5,5,13
5720,2011-05-05 13:34:00,2011,5,5,13
5721,2011-05-05 13:43:00,2011,5,5,13
5722,2011-05-05 13:44:00,2011,5,5,13
5723,2011-05-05 13:46:00,2011,5,5,13
5724,2011-05-05 13:53:00,2011,5,5,13
5725,2011-05-05 13:56:00,2011,5,5,13
5726,2011-05-05 14:32:00,2011,5,5,14
5727,2011-05-05 14:37:00,2011,5,5,14
5728,2011-05-05 14:38:00,2011,5,5,14
5729,2011-05-05 14:41:00,2011,5,5,14
5730,2011-05-05 14:55:00,2011,5,5,14
5731,2011-05-05 15:08:00,2011,5,5,15
5732,2011-05-05 15:12:00,2011,5,5,15
5733,2011-05-05 15:13:00,2011,5,5,15
5734,2011-05-05 15:29:00,2011,5,5,15
5735,2011-05-05 15:31:00,2011,5,5,15
5736,2011-05-05 15:39:00,2011,5,5,15
5737,2011-05-05 15:42:00,2011,5,5,15
5738,2011-05-05 15:44:00,2011,5,5,15
5739,2011-05-05 15:48:00,2011,5,5,15
5740,2011-05-05 16:31:00,2011,5,5,16
5741,2011-05-05 16:34:00,2011,5,5,16
5742,2011-05-05 16:56:00,2011,5,5,16
5743,2011-05-05 17:13:00,2011,5,5,17
5744,2011-05-05 17:26:00,2011,5,5,17
5745,2011-05-05 17:28:00,2011,5,5,17
5746,2011-05-05 17:34:00,2011,5,5,17
5747,2011-05-05 17:42:00,2011,5,5,17
5748,2011-05-05 17:59:00,2011,5,5,17
5749,2011-05-05 18:04:00,2011,5,5,18
5750,2011-05-05 18:06:00,2011,5,5,18
5751,2011-05-05 18:09:00,2011,5,5,18
5752,2011-05-05 18:16:00,2011,5,5,18
5753,2011-05-05 18:36:00,2011,5,5,18
5754,2011-05-05 18:38:00,2011,5,5,18
5755,2011-05-05 19:16:00,2011,5,5,19
5756,2011-05-05 19:48:00,2011,5,5,19
5757,2011-05-06 08:08:00,2011,5,6,8
5758,2011-05-06 08:10:00,2011,5,6,8
5759,2011-05-06 08:19:00,2011,5,6,8
5760,2011-05-06 08:25:00,2011,5,6,8
5761,2011-05-06 09:00:00,2011,5,6,9
5762,2011-05-06 09:14:00,2011,5,6,9
5763,2011-05-06 09:22:00,2011,5,6,9
5764,2011-05-06 09:44:00,2011,5,6,9
5765,2011-05-06 10:00:00,2011,5,6,10
5766,2011-05-06 10:10:00,2011,5,6,10
5767,2011-05-06 10:16:00,2011,5,6,10
5768,2011-05-06 10:19:00,2011,5,6,10
5769,2011-05-06 10:32:00,2011,5,6,10
5770,2011-05-06 10:33:00,2011,5,6,10
5771,2011-05-06 10:34:00,2011,5,6,10
5772,2011-05-06 10:36:00,2011,5,6,10
5773,2011-05-06 10:37:00,2011,5,6,10
5774,2011-05-06 10:39:00,2011,5,6,10
5775,2011-05-06 10:43:00,2011,5,6,10
5776,2011-05-06 10:45:00,2011,5,6,10
5777,2011-05-06 11:05:00,2011,5,6,11
5778,2011-05-06 11:20:00,2011,5,6,11
5779,2011-05-06 11:26:00,2011,5,6,11
5780,2011-05-06 11:27:00,2011,5,6,11
5781,2011-05-06 11:36:00,2011,5,6,11
5782,2011-05-06 11:40:00,2011,5,6,11
5783,2011-05-06 11:47:00,2011,5,6,11
5784,2011-05-06 11:50:00,2011,5,6,11
5785,2011-05-06 11:51:00,2011,5,6,11
5786,2011-05-06 11:55:00,2011,5,6,11
5787,2011-05-06 12:00:00,2011,5,6,12
5788,2011-05-06 12:21:00,2011,5,6,12
5789,2011-05-06 12:23:00,2011,5,6,12
5790,2011-05-06 12:28:00,2011,5,6,12
5791,2011-05-06 12:44:00,2011,5,6,12
5792,2011-05-06 12:53:00,2011,5,6,12
5793,2011-05-06 13:01:00,2011,5,6,13
5794,2011-05-06 13:03:00,2011,5,6,13
5795,2011-05-06 13:07:00,2011,5,6,13
5796,2011-05-06 13:25:00,2011,5,6,13
5797,2011-05-06 13:31:00,2011,5,6,13
5798,2011-05-06 13:35:00,2011,5,6,13
5799,2011-05-06 13:36:00,2011,5,6,13
5800,2011-05-06 13:38:00,2011,5,6,13
5801,2011-05-06 13:43:00,2011,5,6,13
5802,2011-05-06 13:52:00,2011,5,6,13
5803,2011-05-06 13:53:00,2011,5,6,13
5804,2011-05-06 14:01:00,2011,5,6,14
5805,2011-05-06 14:04:00,2011,5,6,14
5806,2011-05-06 14:12:00,2011,5,6,14
5807,2011-05-06 14:16:00,2011,5,6,14
5808,2011-05-06 14:22:00,2011,5,6,14
5809,2011-05-06 14:25:00,2011,5,6,14
5810,2011-05-06 14:32:00,2011,5,6,14
5811,2011-05-06 14:47:00,2011,5,6,14
5812,2011-05-06 14:51:00,2011,5,6,14
5813,2011-05-06 15:01:00,2011,5,6,15
5814,2011-05-06 15:13:00,2011,5,6,15
5815,2011-05-06 15:47:00,2011,5,6,15
5816,2011-05-06 15:54:00,2011,5,6,15
5817,2011-05-06 16:17:00,2011,5,6,16
5818,2011-05-06 16:29:00,2011,5,6,16
5819,2011-05-06 16:48:00,2011,5,6,16
5820,2011-05-06 16:54:00,2011,5,6,16
5821,2011-05-06 17:04:00,2011,5,6,17
5822,2011-05-06 19:22:00,2011,5,6,19
5823,2011-05-06 19:37:00,2011,5,6,19
5824,2011-05-06 19:39:00,2011,5,6,19
5825,2011-05-06 19:42:00,2011,5,6,19
5826,2011-05-06 19:44:00,2011,5,6,19
5827,2011-05-06 19:48:00,2011,5,6,19
5828,2011-05-06 19:49:00,2011,5,6,19
5829,2011-05-06 19:53:00,2011,5,6,19
5830,2011-05-06 19:55:00,2011,5,6,19
5831,2011-05-06 20:00:00,2011,5,6,20
5832,2011-05-08 10:11:00,2011,5,8,10
5833,2011-05-08 10:20:00,2011,5,8,10
5834,2011-05-08 10:21:00,2011,5,8,10
5835,2011-05-08 10:33:00,2011,5,8,10
5836,2011-05-08 10:43:00,2011,5,8,10
5837,2011-05-08 11:08:00,2011,5,8,11
5838,2011-05-08 11:13:00,2011,5,8,11
5839,2011-05-08 11:21:00,2011,5,8,11
5840,2011-05-08 11:34:00,2011,5,8,11
5841,2011-05-08 11:37:00,2011,5,8,11
5842,2011-05-08 11:38:00,2011,5,8,11
5843,2011-05-08 11:41:00,2011,5,8,11
5844,2011-05-08 11:49:00,2011,5,8,11
5845,2011-05-08 11:52:00,2011,5,8,11
5846,2011-05-08 11:56:00,2011,5,8,11
5847,2011-05-08 12:00:00,2011,5,8,12
5848,2011-05-08 12:13:00,2011,5,8,12
5849,2011-05-08 12:26:00,2011,5,8,12
5850,2011-05-08 12:30:00,2011,5,8,12
5851,2011-05-08 12:31:00,2011,5,8,12
5852,2011-05-08 12:34:00,2011,5,8,12
5853,2011-05-08 12:36:00,2011,5,8,12
5854,2011-05-08 12:38:00,2011,5,8,12
5855,2011-05-08 12:39:00,2011,5,8,12
5856,2011-05-08 12:42:00,2011,5,8,12
5857,2011-05-08 12:44:00,2011,5,8,12
5858,2011-05-08 12:48:00,2011,5,8,12
5859,2011-05-08 12:58:00,2011,5,8,12
5860,2011-05-08 13:07:00,2011,5,8,13
5861,2011-05-08 13:19:00,2011,5,8,13
5862,2011-05-08 13:20:00,2011,5,8,13
5863,2011-05-08 13:24:00,2011,5,8,13
5864,2011-05-08 13:32:00,2011,5,8,13
5865,2011-05-08 14:00:00,2011,5,8,14
5866,2011-05-08 14:02:00,2011,5,8,14
5867,2011-05-08 14:05:00,2011,5,8,14
5868,2011-05-08 14:06:00,2011,5,8,14
5869,2011-05-08 14:08:00,2011,5,8,14
5870,2011-05-08 14:09:00,2011,5,8,14
5871,2011-05-08 14:10:00,2011,5,8,14
5872,2011-05-08 14:18:00,2011,5,8,14
5873,2011-05-08 14:44:00,2011,5,8,14
5874,2011-05-08 14:59:00,2011,5,8,14
5875,2011-05-08 15:15:00,2011,5,8,15
5876,2011-05-08 15:16:00,2011,5,8,15
5877,2011-05-08 15:20:00,2011,5,8,15
5878,2011-05-08 15:21:00,2011,5,8,15
5879,2011-05-08 15:22:00,2011,5,8,15
5880,2011-05-08 15:58:00,2011,5,8,15
5881,2011-05-08 16:03:00,2011,5,8,16
5882,2011-05-08 16:06:00,2011,5,8,16
5883,2011-05-08 16:10:00,2011,5,8,16
5884,2011-05-08 16:11:00,2011,5,8,16
5885,2011-05-08 16:13:00,2011,5,8,16
5886,2011-05-09 08:23:00,2011,5,9,8
5887,2011-05-09 08:26:00,2011,5,9,8
5888,2011-05-09 09:15:00,2011,5,9,9
5889,2011-05-09 09:16:00,2011,5,9,9
5890,2011-05-09 09:33:00,2011,5,9,9
5891,2011-05-09 09:46:00,2011,5,9,9
5892,2011-05-09 09:47:00,2011,5,9,9
5893,2011-05-09 10:02:00,2011,5,9,10
5894,2011-05-09 10:03:00,2011,5,9,10
5895,2011-05-09 10:06:00,2011,5,9,10
5896,2011-05-09 10:13:00,2011,5,9,10
5897,2011-05-09 10:24:00,2011,5,9,10
5898,2011-05-09 10:38:00,2011,5,9,10
5899,2011-05-09 11:26:00,2011,5,9,11
5900,2011-05-09 11:34:00,2011,5,9,11
5901,2011-05-09 12:04:00,2011,5,9,12
5902,2011-05-09 12:05:00,2011,5,9,12
5903,2011-05-09 12:07:00,2011,5,9,12
5904,2011-05-09 12:14:00,2011,5,9,12
5905,2011-05-09 12:16:00,2011,5,9,12
5906,2011-05-09 12:20:00,2011,5,9,12
5907,2011-05-09 12:25:00,2011,5,9,12
5908,2011-05-09 12:28:00,2011,5,9,12
5909,2011-05-09 12:29:00,2011,5,9,12
5910,2011-05-09 12:30:00,2011,5,9,12
5911,2011-05-09 12:39:00,2011,5,9,12
5912,2011-05-09 12:40:00,2011,5,9,12
5913,2011-05-09 12:42:00,2011,5,9,12
5914,2011-05-09 12:58:00,2011,5,9,12
5915,2011-05-09 13:03:00,2011,5,9,13
5916,2011-05-09 13:10:00,2011,5,9,13
5917,2011-05-09 13:27:00,2011,5,9,13
5918,2011-05-09 13:28:00,2011,5,9,13
5919,2011-05-09 13:43:00,2011,5,9,13
5920,2011-05-09 13:45:00,2011,5,9,13
5921,2011-05-09 13:49:00,2011,5,9,13
5922,2011-05-09 13:51:00,2011,5,9,13
5923,2011-05-09 13:59:00,2011,5,9,13
5924,2011-05-09 14:02:00,2011,5,9,14
5925,2011-05-09 14:10:00,2011,5,9,14
5926,2011-05-09 14:22:00,2011,5,9,14
5927,2011-05-09 14:40:00,2011,5,9,14
5928,2011-05-09 14:44:00,2011,5,9,14
5929,2011-05-09 14:54:00,2011,5,9,14
5930,2011-05-09 15:12:00,2011,5,9,15
5931,2011-05-09 15:17:00,2011,5,9,15
5932,2011-05-09 15:21:00,2011,5,9,15
5933,2011-05-09 15:29:00,2011,5,9,15
5934,2011-05-09 15:33:00,2011,5,9,15
5935,2011-05-09 15:34:00,2011,5,9,15
5936,2011-05-09 15:48:00,2011,5,9,15
5937,2011-05-09 15:51:00,2011,5,9,15
5938,2011-05-09 16:01:00,2011,5,9,16
5939,2011-05-09 16:02:00,2011,5,9,16
5940,2011-05-09 16:35:00,2011,5,9,16
5941,2011-05-09 16:38:00,2011,5,9,16
5942,2011-05-09 16:42:00,2011,5,9,16
5943,2011-05-09 16:59:00,2011,5,9,16
5944,2011-05-09 17:24:00,2011,5,9,17
5945,2011-05-10 08:58:00,2011,5,10,8
5946,2011-05-10 09:35:00,2011,5,10,9
5947,2011-05-10 09:39:00,2011,5,10,9
5948,2011-05-10 09:41:00,2011,5,10,9
5949,2011-05-10 10:00:00,2011,5,10,10
5950,2011-05-10 10:11:00,2011,5,10,10
5951,2011-05-10 10:20:00,2011,5,10,10
5952,2011-05-10 10:22:00,2011,5,10,10
5953,2011-05-10 10:29:00,2011,5,10,10
5954,2011-05-10 10:30:00,2011,5,10,10
5955,2011-05-10 10:34:00,2011,5,10,10
5956,2011-05-10 10:35:00,2011,5,10,10
5957,2011-05-10 10:39:00,2011,5,10,10
5958,2011-05-10 10:43:00,2011,5,10,10
5959,2011-05-10 10:45:00,2011,5,10,10
5960,2011-05-10 11:04:00,2011,5,10,11
5961,2011-05-10 11:20:00,2011,5,10,11
5962,2011-05-10 11:31:00,2011,5,10,11
5963,2011-05-10 11:33:00,2011,5,10,11
5964,2011-05-10 11:44:00,2011,5,10,11
5965,2011-05-10 11:48:00,2011,5,10,11
5966,2011-05-10 11:49:00,2011,5,10,11
5967,2011-05-10 11:50:00,2011,5,10,11
5968,2011-05-10 11:54:00,2011,5,10,11
5969,2011-05-10 11:55:00,2011,5,10,11
5970,2011-05-10 11:56:00,2011,5,10,11
5971,2011-05-10 12:00:00,2011,5,10,12
5972,2011-05-10 12:08:00,2011,5,10,12
5973,2011-05-10 12:11:00,2011,5,10,12
5974,2011-05-10 12:12:00,2011,5,10,12
5975,2011-05-10 12:20:00,2011,5,10,12
5976,2011-05-10 12:25:00,2011,5,10,12
5977,2011-05-10 12:26:00,2011,5,10,12
5978,2011-05-10 12:28:00,2011,5,10,12
5979,2011-05-10 12:51:00,2011,5,10,12
5980,2011-05-10 12:53:00,2011,5,10,12
5981,2011-05-10 12:55:00,2011,5,10,12
5982,2011-05-10 13:00:00,2011,5,10,13
5983,2011-05-10 13:18:00,2011,5,10,13
5984,2011-05-10 13:19:00,2011,5,10,13
5985,2011-05-10 13:20:00,2011,5,10,13
5986,2011-05-10 13:22:00,2011,5,10,13
5987,2011-05-10 13:24:00,2011,5,10,13
5988,2011-05-10 13:25:00,2011,5,10,13
5989,2011-05-10 13:26:00,2011,5,10,13
5990,2011-05-10 13:33:00,2011,5,10,13
5991,2011-05-10 13:40:00,2011,5,10,13
5992,2011-05-10 13:44:00,2011,5,10,13
5993,2011-05-10 14:09:00,2011,5,10,14
5994,2011-05-10 14:20:00,2011,5,10,14
5995,2011-05-10 14:22:00,2011,5,10,14
5996,2011-05-10 14:46:00,2011,5,10,14
5997,2011-05-10 14:51:00,2011,5,10,14
5998,2011-05-10 14:57:00,2011,5,10,14
5999,2011-05-10 15:04:00,2011,5,10,15
6000,2011-05-10 15:05:00,2011,5,10,15
6001,2011-05-10 15:10:00,2011,5,10,15
6002,2011-05-10 15:19:00,2011,5,10,15
6003,2011-05-10 15:22:00,2011,5,10,15
6004,2011-05-10 15:25:00,2011,5,10,15
6005,2011-05-10 15:31:00,2011,5,10,15
6006,2011-05-10 15:48:00,2011,5,10,15
6007,2011-05-10 15:49:00,2011,5,10,15
6008,2011-05-10 15:52:00,2011,5,10,15
6009,2011-05-10 16:00:00,2011,5,10,16
6010,2011-05-10 16:19:00,2011,5,10,16
6011,2011-05-11 07:35:00,2011,5,11,7
6012,2011-05-11 08:32:00,2011,5,11,8
6013,2011-05-11 08:34:00,2011,5,11,8
6014,2011-05-11 09:28:00,2011,5,11,9
6015,2011-05-11 09:35:00,2011,5,11,9
6016,2011-05-11 09:36:00,2011,5,11,9
6017,2011-05-11 09:42:00,2011,5,11,9
6018,2011-05-11 09:55:00,2011,5,11,9
6019,2011-05-11 10:18:00,2011,5,11,10
6020,2011-05-11 10:29:00,2011,5,11,10
6021,2011-05-11 10:30:00,2011,5,11,10
6022,2011-05-11 10:31:00,2011,5,11,10
6023,2011-05-11 10:32:00,2011,5,11,10
6024,2011-05-11 10:35:00,2011,5,11,10
6025,2011-05-11 10:36:00,2011,5,11,10
6026,2011-05-11 10:42:00,2011,5,11,10
6027,2011-05-11 10:43:00,2011,5,11,10
6028,2011-05-11 10:47:00,2011,5,11,10
6029,2011-05-11 10:49:00,2011,5,11,10
6030,2011-05-11 11:34:00,2011,5,11,11
6031,2011-05-11 11:47:00,2011,5,11,11
6032,2011-05-11 11:57:00,2011,5,11,11
6033,2011-05-11 12:13:00,2011,5,11,12
6034,2011-05-11 12:14:00,2011,5,11,12
6035,2011-05-11 12:15:00,2011,5,11,12
6036,2011-05-11 12:23:00,2011,5,11,12
6037,2011-05-11 12:32:00,2011,5,11,12
6038,2011-05-11 12:36:00,2011,5,11,12
6039,2011-05-11 12:43:00,2011,5,11,12
6040,2011-05-11 12:44:00,2011,5,11,12
6041,2011-05-11 12:45:00,2011,5,11,12
6042,2011-05-11 12:46:00,2011,5,11,12
6043,2011-05-11 12:47:00,2011,5,11,12
6044,2011-05-11 12:48:00,2011,5,11,12
6045,2011-05-11 12:50:00,2011,5,11,12
6046,2011-05-11 12:53:00,2011,5,11,12
6047,2011-05-11 12:58:00,2011,5,11,12
6048,2011-05-11 12:59:00,2011,5,11,12
6049,2011-05-11 13:06:00,2011,5,11,13
6050,2011-05-11 13:16:00,2011,5,11,13
6051,2011-05-11 13:18:00,2011,5,11,13
6052,2011-05-11 13:20:00,2011,5,11,13
6053,2011-05-11 13:23:00,2011,5,11,13
6054,2011-05-11 13:42:00,2011,5,11,13
6055,2011-05-11 13:49:00,2011,5,11,13
6056,2011-05-11 14:12:00,2011,5,11,14
6057,2011-05-11 14:14:00,2011,5,11,14
6058,2011-05-11 14:17:00,2011,5,11,14
6059,2011-05-11 14:24:00,2011,5,11,14
6060,2011-05-11 14:25:00,2011,5,11,14
6061,2011-05-11 14:29:00,2011,5,11,14
6062,2011-05-11 14:37:00,2011,5,11,14
6063,2011-05-11 14:38:00,2011,5,11,14
6064,2011-05-11 14:42:00,2011,5,11,14
6065,2011-05-11 14:49:00,2011,5,11,14
6066,2011-05-11 14:54:00,2011,5,11,14
6067,2011-05-11 15:07:00,2011,5,11,15
6068,2011-05-11 15:08:00,2011,5,11,15
6069,2011-05-11 15:13:00,2011,5,11,15
6070,2011-05-11 15:16:00,2011,5,11,15
6071,2011-05-11 15:17:00,2011,5,11,15
6072,2011-05-11 16:10:00,2011,5,11,16
6073,2011-05-11 16:26:00,2011,5,11,16
6074,2011-05-11 16:28:00,2011,5,11,16
6075,2011-05-11 17:13:00,2011,5,11,17
6076,2011-05-12 08:36:00,2011,5,12,8
6077,2011-05-12 08:39:00,2011,5,12,8
6078,2011-05-12 08:41:00,2011,5,12,8
6079,2011-05-12 08:42:00,2011,5,12,8
6080,2011-05-12 08:52:00,2011,5,12,8
6081,2011-05-12 09:09:00,2011,5,12,9
6082,2011-05-12 09:11:00,2011,5,12,9
6083,2011-05-12 09:40:00,2011,5,12,9
6084,2011-05-12 09:41:00,2011,5,12,9
6085,2011-05-12 09:49:00,2011,5,12,9
6086,2011-05-12 09:54:00,2011,5,12,9
6087,2011-05-12 09:55:00,2011,5,12,9
6088,2011-05-12 09:59:00,2011,5,12,9
6089,2011-05-12 10:03:00,2011,5,12,10
6090,2011-05-12 10:10:00,2011,5,12,10
6091,2011-05-12 10:13:00,2011,5,12,10
6092,2011-05-12 10:15:00,2011,5,12,10
6093,2011-05-12 10:18:00,2011,5,12,10
6094,2011-05-12 10:22:00,2011,5,12,10
6095,2011-05-12 10:23:00,2011,5,12,10
6096,2011-05-12 10:45:00,2011,5,12,10
6097,2011-05-12 10:49:00,2011,5,12,10
6098,2011-05-12 10:53:00,2011,5,12,10
6099,2011-05-12 11:07:00,2011,5,12,11
6100,2011-05-12 11:10:00,2011,5,12,11
6101,2011-05-12 11:44:00,2011,5,12,11
6102,2011-05-12 11:50:00,2011,5,12,11
6103,2011-05-12 11:57:00,2011,5,12,11
6104,2011-05-12 11:59:00,2011,5,12,11
6105,2011-05-12 12:01:00,2011,5,12,12
6106,2011-05-12 12:05:00,2011,5,12,12
6107,2011-05-12 12:10:00,2011,5,12,12
6108,2011-05-12 12:11:00,2011,5,12,12
6109,2011-05-12 12:30:00,2011,5,12,12
6110,2011-05-12 12:34:00,2011,5,12,12
6111,2011-05-12 12:36:00,2011,5,12,12
6112,2011-05-12 12:49:00,2011,5,12,12
6113,2011-05-12 12:53:00,2011,5,12,12
6114,2011-05-12 12:54:00,2011,5,12,12
6115,2011-05-12 12:56:00,2011,5,12,12
6116,2011-05-12 12:57:00,2011,5,12,12
6117,2011-05-12 13:05:00,2011,5,12,13
6118,2011-05-12 13:10:00,2011,5,12,13
6119,2011-05-12 13:12:00,2011,5,12,13
6120,2011-05-12 13:33:00,2011,5,12,13
6121,2011-05-12 13:37:00,2011,5,12,13
6122,2011-05-12 13:41:00,2011,5,12,13
6123,2011-05-12 13:43:00,2011,5,12,13
6124,2011-05-12 13:53:00,2011,5,12,13
6125,2011-05-12 13:54:00,2011,5,12,13
6126,2011-05-12 13:58:00,2011,5,12,13
6127,2011-05-12 14:13:00,2011,5,12,14
6128,2011-05-12 14:46:00,2011,5,12,14
6129,2011-05-12 14:52:00,2011,5,12,14
6130,2011-05-12 15:17:00,2011,5,12,15
6131,2011-05-12 15:21:00,2011,5,12,15
6132,2011-05-12 15:23:00,2011,5,12,15
6133,2011-05-12 15:26:00,2011,5,12,15
6134,2011-05-12 15:32:00,2011,5,12,15
6135,2011-05-12 16:11:00,2011,5,12,16
6136,2011-05-12 16:29:00,2011,5,12,16
6137,2011-05-12 16:45:00,2011,5,12,16
6138,2011-05-12 16:50:00,2011,5,12,16
6139,2011-05-12 16:52:00,2011,5,12,16
6140,2011-05-12 17:03:00,2011,5,12,17
6141,2011-05-12 18:13:00,2011,5,12,18
6142,2011-05-12 18:49:00,2011,5,12,18
6143,2011-05-12 18:55:00,2011,5,12,18
6144,2011-05-12 18:58:00,2011,5,12,18
6145,2011-05-12 19:01:00,2011,5,12,19
6146,2011-05-12 19:02:00,2011,5,12,19
6147,2011-05-12 19:22:00,2011,5,12,19
6148,2011-05-12 19:23:00,2011,5,12,19
6149,2011-05-12 20:03:00,2011,5,12,20
6150,2011-05-12 20:13:00,2011,5,12,20
6151,2011-05-13 08:09:00,2011,5,13,8
6152,2011-05-13 08:10:00,2011,5,13,8
6153,2011-05-13 08:11:00,2011,5,13,8
6154,2011-05-13 08:21:00,2011,5,13,8
6155,2011-05-13 08:58:00,2011,5,13,8
6156,2011-05-13 09:01:00,2011,5,13,9
6157,2011-05-13 09:21:00,2011,5,13,9
6158,2011-05-13 09:24:00,2011,5,13,9
6159,2011-05-13 09:33:00,2011,5,13,9
6160,2011-05-13 09:37:00,2011,5,13,9
6161,2011-05-13 09:38:00,2011,5,13,9
6162,2011-05-13 10:02:00,2011,5,13,10
6163,2011-05-13 10:03:00,2011,5,13,10
6164,2011-05-13 10:09:00,2011,5,13,10
6165,2011-05-13 10:11:00,2011,5,13,10
6166,2011-05-13 10:14:00,2011,5,13,10
6167,2011-05-13 10:20:00,2011,5,13,10
6168,2011-05-13 10:22:00,2011,5,13,10
6169,2011-05-13 10:35:00,2011,5,13,10
6170,2011-05-13 10:37:00,2011,5,13,10
6171,2011-05-13 10:41:00,2011,5,13,10
6172,2011-05-13 10:44:00,2011,5,13,10
6173,2011-05-13 11:12:00,2011,5,13,11
6174,2011-05-13 11:25:00,2011,5,13,11
6175,2011-05-13 11:38:00,2011,5,13,11
6176,2011-05-13 11:39:00,2011,5,13,11
6177,2011-05-13 11:44:00,2011,5,13,11
6178,2011-05-13 11:45:00,2011,5,13,11
6179,2011-05-13 11:53:00,2011,5,13,11
6180,2011-05-13 11:54:00,2011,5,13,11
6181,2011-05-13 11:56:00,2011,5,13,11
6182,2011-05-13 11:58:00,2011,5,13,11
6183,2011-05-13 12:12:00,2011,5,13,12
6184,2011-05-13 12:13:00,2011,5,13,12
6185,2011-05-13 12:34:00,2011,5,13,12
6186,2011-05-13 12:41:00,2011,5,13,12
6187,2011-05-13 12:44:00,2011,5,13,12
6188,2011-05-13 12:50:00,2011,5,13,12
6189,2011-05-13 12:53:00,2011,5,13,12
6190,2011-05-13 13:01:00,2011,5,13,13
6191,2011-05-13 13:05:00,2011,5,13,13
6192,2011-05-13 13:15:00,2011,5,13,13
6193,2011-05-13 13:29:00,2011,5,13,13
6194,2011-05-13 13:50:00,2011,5,13,13
6195,2011-05-13 13:52:00,2011,5,13,13
6196,2011-05-13 14:16:00,2011,5,13,14
6197,2011-05-13 14:53:00,2011,5,13,14
6198,2011-05-13 14:55:00,2011,5,13,14
6199,2011-05-13 14:56:00,2011,5,13,14
6200,2011-05-13 14:57:00,2011,5,13,14
6201,2011-05-13 14:58:00,2011,5,13,14
6202,2011-05-13 15:24:00,2011,5,13,15
6203,2011-05-13 15:25:00,2011,5,13,15
6204,2011-05-13 15:26:00,2011,5,13,15
6205,2011-05-13 15:48:00,2011,5,13,15
6206,2011-05-13 16:12:00,2011,5,13,16
6207,2011-05-13 16:14:00,2011,5,13,16
6208,2011-05-13 16:24:00,2011,5,13,16
6209,2011-05-13 16:26:00,2011,5,13,16
6210,2011-05-13 16:57:00,2011,5,13,16
6211,2011-05-13 17:15:00,2011,5,13,17
6212,2011-05-13 17:34:00,2011,5,13,17
6213,2011-05-15 11:04:00,2011,5,15,11
6214,2011-05-15 11:22:00,2011,5,15,11
6215,2011-05-15 11:23:00,2011,5,15,11
6216,2011-05-15 11:29:00,2011,5,15,11
6217,2011-05-15 11:30:00,2011,5,15,11
6218,2011-05-15 11:35:00,2011,5,15,11
6219,2011-05-15 11:43:00,2011,5,15,11
6220,2011-05-15 12:21:00,2011,5,15,12
6221,2011-05-15 12:31:00,2011,5,15,12
6222,2011-05-15 12:33:00,2011,5,15,12
6223,2011-05-15 12:35:00,2011,5,15,12
6224,2011-05-15 12:46:00,2011,5,15,12
6225,2011-05-15 12:53:00,2011,5,15,12
6226,2011-05-15 12:55:00,2011,5,15,12
6227,2011-05-15 13:14:00,2011,5,15,13
6228,2011-05-15 13:22:00,2011,5,15,13
6229,2011-05-15 13:27:00,2011,5,15,13
6230,2011-05-15 13:31:00,2011,5,15,13
6231,2011-05-15 13:37:00,2011,5,15,13
6232,2011-05-15 13:45:00,2011,5,15,13
6233,2011-05-15 14:15:00,2011,5,15,14
6234,2011-05-15 14:32:00,2011,5,15,14
6235,2011-05-15 14:48:00,2011,5,15,14
6236,2011-05-15 15:13:00,2011,5,15,15
6237,2011-05-15 15:14:00,2011,5,15,15
6238,2011-05-15 15:31:00,2011,5,15,15
6239,2011-05-15 16:02:00,2011,5,15,16
6240,2011-05-15 16:10:00,2011,5,15,16
6241,2011-05-15 16:13:00,2011,5,15,16
6242,2011-05-16 08:13:00,2011,5,16,8
6243,2011-05-16 08:16:00,2011,5,16,8
6244,2011-05-16 09:02:00,2011,5,16,9
6245,2011-05-16 09:10:00,2011,5,16,9
6246,2011-05-16 09:23:00,2011,5,16,9
6247,2011-05-16 09:40:00,2011,5,16,9
6248,2011-05-16 09:42:00,2011,5,16,9
6249,2011-05-16 09:49:00,2011,5,16,9
6250,2011-05-16 09:50:00,2011,5,16,9
6251,2011-05-16 09:52:00,2011,5,16,9
6252,2011-05-16 09:54:00,2011,5,16,9
6253,2011-05-16 09:57:00,2011,5,16,9
6254,2011-05-16 09:58:00,2011,5,16,9
6255,2011-05-16 10:28:00,2011,5,16,10
6256,2011-05-16 10:40:00,2011,5,16,10
6257,2011-05-16 10:41:00,2011,5,16,10
6258,2011-05-16 10:43:00,2011,5,16,10
6259,2011-05-16 10:46:00,2011,5,16,10
6260,2011-05-16 10:48:00,2011,5,16,10
6261,2011-05-16 10:50:00,2011,5,16,10
6262,2011-05-16 11:13:00,2011,5,16,11
6263,2011-05-16 11:31:00,2011,5,16,11
6264,2011-05-16 12:03:00,2011,5,16,12
6265,2011-05-16 12:04:00,2011,5,16,12
6266,2011-05-16 12:05:00,2011,5,16,12
6267,2011-05-16 12:19:00,2011,5,16,12
6268,2011-05-16 12:20:00,2011,5,16,12
6269,2011-05-16 12:25:00,2011,5,16,12
6270,2011-05-16 12:26:00,2011,5,16,12
6271,2011-05-16 12:35:00,2011,5,16,12
6272,2011-05-16 12:45:00,2011,5,16,12
6273,2011-05-16 12:53:00,2011,5,16,12
6274,2011-05-16 12:57:00,2011,5,16,12
6275,2011-05-16 12:59:00,2011,5,16,12
6276,2011-05-16 13:20:00,2011,5,16,13
6277,2011-05-16 13:32:00,2011,5,16,13
6278,2011-05-16 13:35:00,2011,5,16,13
6279,2011-05-16 13:41:00,2011,5,16,13
6280,2011-05-16 14:05:00,2011,5,16,14
6281,2011-05-16 14:17:00,2011,5,16,14
6282,2011-05-16 14:19:00,2011,5,16,14
6283,2011-05-16 14:24:00,2011,5,16,14
6284,2011-05-16 14:30:00,2011,5,16,14
6285,2011-05-16 14:32:00,2011,5,16,14
6286,2011-05-16 14:51:00,2011,5,16,14
6287,2011-05-16 14:52:00,2011,5,16,14
6288,2011-05-16 14:53:00,2011,5,16,14
6289,2011-05-16 14:58:00,2011,5,16,14
6290,2011-05-16 15:28:00,2011,5,16,15
6291,2011-05-16 15:29:00,2011,5,16,15
6292,2011-05-16 15:34:00,2011,5,16,15
6293,2011-05-16 15:47:00,2011,5,16,15
6294,2011-05-16 15:48:00,2011,5,16,15
6295,2011-05-16 15:53:00,2011,5,16,15
6296,2011-05-16 16:22:00,2011,5,16,16
6297,2011-05-16 16:36:00,2011,5,16,16
6298,2011-05-16 16:41:00,2011,5,16,16
6299,2011-05-16 16:44:00,2011,5,16,16
6300,2011-05-16 17:13:00,2011,5,16,17
6301,2011-05-17 08:18:00,2011,5,17,8
6302,2011-05-17 08:34:00,2011,5,17,8
6303,2011-05-17 08:37:00,2011,5,17,8
6304,2011-05-17 08:38:00,2011,5,17,8
6305,2011-05-17 09:13:00,2011,5,17,9
6306,2011-05-17 09:24:00,2011,5,17,9
6307,2011-05-17 09:28:00,2011,5,17,9
6308,2011-05-17 09:40:00,2011,5,17,9
6309,2011-05-17 10:02:00,2011,5,17,10
6310,2011-05-17 10:04:00,2011,5,17,10
6311,2011-05-17 10:08:00,2011,5,17,10
6312,2011-05-17 10:10:00,2011,5,17,10
6313,2011-05-17 10:14:00,2011,5,17,10
6314,2011-05-17 10:23:00,2011,5,17,10
6315,2011-05-17 10:27:00,2011,5,17,10
6316,2011-05-17 10:28:00,2011,5,17,10
6317,2011-05-17 10:36:00,2011,5,17,10
6318,2011-05-17 10:57:00,2011,5,17,10
6319,2011-05-17 11:02:00,2011,5,17,11
6320,2011-05-17 11:07:00,2011,5,17,11
6321,2011-05-17 11:09:00,2011,5,17,11
6322,2011-05-17 11:10:00,2011,5,17,11
6323,2011-05-17 11:11:00,2011,5,17,11
6324,2011-05-17 11:14:00,2011,5,17,11
6325,2011-05-17 11:15:00,2011,5,17,11
6326,2011-05-17 11:27:00,2011,5,17,11
6327,2011-05-17 11:28:00,2011,5,17,11
6328,2011-05-17 11:29:00,2011,5,17,11
6329,2011-05-17 11:31:00,2011,5,17,11
6330,2011-05-17 11:41:00,2011,5,17,11
6331,2011-05-17 11:46:00,2011,5,17,11
6332,2011-05-17 12:21:00,2011,5,17,12
6333,2011-05-17 12:25:00,2011,5,17,12
6334,2011-05-17 12:38:00,2011,5,17,12
6335,2011-05-17 12:40:00,2011,5,17,12
6336,2011-05-17 12:43:00,2011,5,17,12
6337,2011-05-17 12:44:00,2011,5,17,12
6338,2011-05-17 12:47:00,2011,5,17,12
6339,2011-05-17 12:49:00,2011,5,17,12
6340,2011-05-17 12:56:00,2011,5,17,12
6341,2011-05-17 12:57:00,2011,5,17,12
6342,2011-05-17 12:58:00,2011,5,17,12
6343,2011-05-17 12:59:00,2011,5,17,12
6344,2011-05-17 13:20:00,2011,5,17,13
6345,2011-05-17 13:26:00,2011,5,17,13
6346,2011-05-17 13:27:00,2011,5,17,13
6347,2011-05-17 13:29:00,2011,5,17,13
6348,2011-05-17 13:35:00,2011,5,17,13
6349,2011-05-17 13:44:00,2011,5,17,13
6350,2011-05-17 14:03:00,2011,5,17,14
6351,2011-05-17 14:32:00,2011,5,17,14
6352,2011-05-17 14:43:00,2011,5,17,14
6353,2011-05-17 14:46:00,2011,5,17,14
6354,2011-05-17 14:50:00,2011,5,17,14
6355,2011-05-17 14:54:00,2011,5,17,14
6356,2011-05-17 14:57:00,2011,5,17,14
6357,2011-05-17 15:25:00,2011,5,17,15
6358,2011-05-17 15:26:00,2011,5,17,15
6359,2011-05-17 15:32:00,2011,5,17,15
6360,2011-05-17 15:42:00,2011,5,17,15
6361,2011-05-17 15:48:00,2011,5,17,15
6362,2011-05-17 16:21:00,2011,5,17,16
6363,2011-05-17 16:23:00,2011,5,17,16
6364,2011-05-17 16:32:00,2011,5,17,16
6365,2011-05-17 16:48:00,2011,5,17,16
6366,2011-05-17 16:49:00,2011,5,17,16
6367,2011-05-17 17:12:00,2011,5,17,17
6368,2011-05-18 09:01:00,2011,5,18,9
6369,2011-05-18 09:09:00,2011,5,18,9
6370,2011-05-18 09:13:00,2011,5,18,9
6371,2011-05-18 09:23:00,2011,5,18,9
6372,2011-05-18 09:35:00,2011,5,18,9
6373,2011-05-18 09:37:00,2011,5,18,9
6374,2011-05-18 09:52:00,2011,5,18,9
6375,2011-05-18 09:59:00,2011,5,18,9
6376,2011-05-18 10:08:00,2011,5,18,10
6377,2011-05-18 10:29:00,2011,5,18,10
6378,2011-05-18 10:34:00,2011,5,18,10
6379,2011-05-18 10:39:00,2011,5,18,10
6380,2011-05-18 10:41:00,2011,5,18,10
6381,2011-05-18 10:47:00,2011,5,18,10
6382,2011-05-18 10:48:00,2011,5,18,10
6383,2011-05-18 10:50:00,2011,5,18,10
6384,2011-05-18 10:56:00,2011,5,18,10
6385,2011-05-18 11:02:00,2011,5,18,11
6386,2011-05-18 11:08:00,2011,5,18,11
6387,2011-05-18 11:14:00,2011,5,18,11
6388,2011-05-18 11:28:00,2011,5,18,11
6389,2011-05-18 11:42:00,2011,5,18,11
6390,2011-05-18 11:58:00,2011,5,18,11
6391,2011-05-18 11:59:00,2011,5,18,11
6392,2011-05-18 12:07:00,2011,5,18,12
6393,2011-05-18 12:13:00,2011,5,18,12
6394,2011-05-18 12:15:00,2011,5,18,12
6395,2011-05-18 12:18:00,2011,5,18,12
6396,2011-05-18 12:21:00,2011,5,18,12
6397,2011-05-18 12:28:00,2011,5,18,12
6398,2011-05-18 12:37:00,2011,5,18,12
6399,2011-05-18 12:44:00,2011,5,18,12
6400,2011-05-18 12:46:00,2011,5,18,12
6401,2011-05-18 12:50:00,2011,5,18,12
6402,2011-05-18 12:52:00,2011,5,18,12
6403,2011-05-18 12:57:00,2011,5,18,12
6404,2011-05-18 12:58:00,2011,5,18,12
6405,2011-05-18 13:00:00,2011,5,18,13
6406,2011-05-18 13:09:00,2011,5,18,13
6407,2011-05-18 13:11:00,2011,5,18,13
6408,2011-05-18 13:13:00,2011,5,18,13
6409,2011-05-18 13:20:00,2011,5,18,13
6410,2011-05-18 13:50:00,2011,5,18,13
6411,2011-05-18 13:55:00,2011,5,18,13
6412,2011-05-18 13:56:00,2011,5,18,13
6413,2011-05-18 13:58:00,2011,5,18,13
6414,2011-05-18 14:07:00,2011,5,18,14
6415,2011-05-18 14:08:00,2011,5,18,14
6416,2011-05-18 14:42:00,2011,5,18,14
6417,2011-05-18 14:50:00,2011,5,18,14
6418,2011-05-18 14:57:00,2011,5,18,14
6419,2011-05-18 15:23:00,2011,5,18,15
6420,2011-05-18 15:26:00,2011,5,18,15
6421,2011-05-18 15:28:00,2011,5,18,15
6422,2011-05-18 15:29:00,2011,5,18,15
6423,2011-05-18 15:35:00,2011,5,18,15
6424,2011-05-18 15:39:00,2011,5,18,15
6425,2011-05-18 15:41:00,2011,5,18,15
6426,2011-05-18 15:47:00,2011,5,18,15
6427,2011-05-18 15:55:00,2011,5,18,15
6428,2011-05-18 16:26:00,2011,5,18,16
6429,2011-05-18 16:37:00,2011,5,18,16
6430,2011-05-18 16:50:00,2011,5,18,16
6431,2011-05-18 16:51:00,2011,5,18,16
6432,2011-05-18 16:52:00,2011,5,18,16
6433,2011-05-18 16:56:00,2011,5,18,16
6434,2011-05-19 07:49:00,2011,5,19,7
6435,2011-05-19 08:26:00,2011,5,19,8
6436,2011-05-19 08:27:00,2011,5,19,8
6437,2011-05-19 08:29:00,2011,5,19,8
6438,2011-05-19 08:31:00,2011,5,19,8
6439,2011-05-19 08:32:00,2011,5,19,8
6440,2011-05-19 08:33:00,2011,5,19,8
6441,2011-05-19 08:50:00,2011,5,19,8
6442,2011-05-19 08:55:00,2011,5,19,8
6443,2011-05-19 09:23:00,2011,5,19,9
6444,2011-05-19 09:31:00,2011,5,19,9
6445,2011-05-19 09:37:00,2011,5,19,9
6446,2011-05-19 09:38:00,2011,5,19,9
6447,2011-05-19 09:47:00,2011,5,19,9
6448,2011-05-19 09:59:00,2011,5,19,9
6449,2011-05-19 10:16:00,2011,5,19,10
6450,2011-05-19 10:20:00,2011,5,19,10
6451,2011-05-19 10:22:00,2011,5,19,10
6452,2011-05-19 10:25:00,2011,5,19,10
6453,2011-05-19 10:32:00,2011,5,19,10
6454,2011-05-19 10:38:00,2011,5,19,10
6455,2011-05-19 10:43:00,2011,5,19,10
6456,2011-05-19 10:54:00,2011,5,19,10
6457,2011-05-19 11:24:00,2011,5,19,11
6458,2011-05-19 11:28:00,2011,5,19,11
6459,2011-05-19 11:32:00,2011,5,19,11
6460,2011-05-19 11:36:00,2011,5,19,11
6461,2011-05-19 11:38:00,2011,5,19,11
6462,2011-05-19 11:41:00,2011,5,19,11
6463,2011-05-19 11:47:00,2011,5,19,11
6464,2011-05-19 11:50:00,2011,5,19,11
6465,2011-05-19 12:08:00,2011,5,19,12
6466,2011-05-19 12:09:00,2011,5,19,12
6467,2011-05-19 12:10:00,2011,5,19,12
6468,2011-05-19 12:13:00,2011,5,19,12
6469,2011-05-19 12:24:00,2011,5,19,12
6470,2011-05-19 12:29:00,2011,5,19,12
6471,2011-05-19 12:36:00,2011,5,19,12
6472,2011-05-19 12:38:00,2011,5,19,12
6473,2011-05-19 12:40:00,2011,5,19,12
6474,2011-05-19 12:41:00,2011,5,19,12
6475,2011-05-19 12:50:00,2011,5,19,12
6476,2011-05-19 12:59:00,2011,5,19,12
6477,2011-05-19 13:05:00,2011,5,19,13
6478,2011-05-19 13:08:00,2011,5,19,13
6479,2011-05-19 13:16:00,2011,5,19,13
6480,2011-05-19 13:28:00,2011,5,19,13
6481,2011-05-19 13:35:00,2011,5,19,13
6482,2011-05-19 13:57:00,2011,5,19,13
6483,2011-05-19 13:58:00,2011,5,19,13
6484,2011-05-19 14:05:00,2011,5,19,14
6485,2011-05-19 14:08:00,2011,5,19,14
6486,2011-05-19 14:19:00,2011,5,19,14
6487,2011-05-19 14:24:00,2011,5,19,14
6488,2011-05-19 14:27:00,2011,5,19,14
6489,2011-05-19 14:29:00,2011,5,19,14
6490,2011-05-19 14:30:00,2011,5,19,14
6491,2011-05-19 14:35:00,2011,5,19,14
6492,2011-05-19 14:42:00,2011,5,19,14
6493,2011-05-19 14:44:00,2011,5,19,14
6494,2011-05-19 14:45:00,2011,5,19,14
6495,2011-05-19 14:56:00,2011,5,19,14
6496,2011-05-19 15:15:00,2011,5,19,15
6497,2011-05-19 15:24:00,2011,5,19,15
6498,2011-05-19 15:30:00,2011,5,19,15
6499,2011-05-19 15:31:00,2011,5,19,15
6500,2011-05-19 15:36:00,2011,5,19,15
6501,2011-05-19 15:41:00,2011,5,19,15
6502,2011-05-19 15:53:00,2011,5,19,15
6503,2011-05-19 16:04:00,2011,5,19,16
6504,2011-05-19 16:09:00,2011,5,19,16
6505,2011-05-19 16:31:00,2011,5,19,16
6506,2011-05-19 16:47:00,2011,5,19,16
6507,2011-05-19 16:56:00,2011,5,19,16
6508,2011-05-19 17:13:00,2011,5,19,17
6509,2011-05-19 17:15:00,2011,5,19,17
6510,2011-05-19 17:18:00,2011,5,19,17
6511,2011-05-19 17:22:00,2011,5,19,17
6512,2011-05-19 17:23:00,2011,5,19,17
6513,2011-05-19 17:25:00,2011,5,19,17
6514,2011-05-19 17:47:00,2011,5,19,17
6515,2011-05-19 17:48:00,2011,5,19,17
6516,2011-05-19 18:02:00,2011,5,19,18
6517,2011-05-19 18:21:00,2011,5,19,18
6518,2011-05-19 18:28:00,2011,5,19,18
6519,2011-05-19 19:00:00,2011,5,19,19
6520,2011-05-19 19:02:00,2011,5,19,19
6521,2011-05-19 19:32:00,2011,5,19,19
6522,2011-05-19 19:47:00,2011,5,19,19
6523,2011-05-19 19:51:00,2011,5,19,19
6524,2011-05-20 08:18:00,2011,5,20,8
6525,2011-05-20 08:30:00,2011,5,20,8
6526,2011-05-20 08:39:00,2011,5,20,8
6527,2011-05-20 08:41:00,2011,5,20,8
6528,2011-05-20 08:57:00,2011,5,20,8
6529,2011-05-20 09:08:00,2011,5,20,9
6530,2011-05-20 09:24:00,2011,5,20,9
6531,2011-05-20 09:30:00,2011,5,20,9
6532,2011-05-20 09:38:00,2011,5,20,9
6533,2011-05-20 09:47:00,2011,5,20,9
6534,2011-05-20 09:56:00,2011,5,20,9
6535,2011-05-20 10:02:00,2011,5,20,10
6536,2011-05-20 10:04:00,2011,5,20,10
6537,2011-05-20 10:22:00,2011,5,20,10
6538,2011-05-20 10:27:00,2011,5,20,10
6539,2011-05-20 10:29:00,2011,5,20,10
6540,2011-05-20 10:30:00,2011,5,20,10
6541,2011-05-20 10:31:00,2011,5,20,10
6542,2011-05-20 10:32:00,2011,5,20,10
6543,2011-05-20 10:33:00,2011,5,20,10
6544,2011-05-20 10:35:00,2011,5,20,10
6545,2011-05-20 10:36:00,2011,5,20,10
6546,2011-05-20 10:37:00,2011,5,20,10
6547,2011-05-20 10:48:00,2011,5,20,10
6548,2011-05-20 10:50:00,2011,5,20,10
6549,2011-05-20 11:03:00,2011,5,20,11
6550,2011-05-20 11:07:00,2011,5,20,11
6551,2011-05-20 11:33:00,2011,5,20,11
6552,2011-05-20 11:34:00,2011,5,20,11
6553,2011-05-20 11:53:00,2011,5,20,11
6554,2011-05-20 12:17:00,2011,5,20,12
6555,2011-05-20 12:26:00,2011,5,20,12
6556,2011-05-20 12:31:00,2011,5,20,12
6557,2011-05-20 12:38:00,2011,5,20,12
6558,2011-05-20 13:13:00,2011,5,20,13
6559,2011-05-20 13:14:00,2011,5,20,13
6560,2011-05-20 13:15:00,2011,5,20,13
6561,2011-05-20 13:16:00,2011,5,20,13
6562,2011-05-20 13:34:00,2011,5,20,13
6563,2011-05-20 13:40:00,2011,5,20,13
6564,2011-05-20 13:43:00,2011,5,20,13
6565,2011-05-20 13:56:00,2011,5,20,13
6566,2011-05-20 13:58:00,2011,5,20,13
6567,2011-05-20 14:04:00,2011,5,20,14
6568,2011-05-20 14:06:00,2011,5,20,14
6569,2011-05-20 14:07:00,2011,5,20,14
6570,2011-05-20 14:11:00,2011,5,20,14
6571,2011-05-20 14:13:00,2011,5,20,14
6572,2011-05-20 14:23:00,2011,5,20,14
6573,2011-05-20 14:27:00,2011,5,20,14
6574,2011-05-20 14:35:00,2011,5,20,14
6575,2011-05-20 14:41:00,2011,5,20,14
6576,2011-05-20 14:47:00,2011,5,20,14
6577,2011-05-20 14:54:00,2011,5,20,14
6578,2011-05-20 14:56:00,2011,5,20,14
6579,2011-05-20 14:58:00,2011,5,20,14
6580,2011-05-20 15:08:00,2011,5,20,15
6581,2011-05-20 15:39:00,2011,5,20,15
6582,2011-05-20 15:52:00,2011,5,20,15
6583,2011-05-20 16:04:00,2011,5,20,16
6584,2011-05-20 16:25:00,2011,5,20,16
6585,2011-05-20 16:55:00,2011,5,20,16
6586,2011-05-20 16:56:00,2011,5,20,16
6587,2011-05-22 10:21:00,2011,5,22,10
6588,2011-05-22 10:27:00,2011,5,22,10
6589,2011-05-22 10:29:00,2011,5,22,10
6590,2011-05-22 10:39:00,2011,5,22,10
6591,2011-05-22 10:40:00,2011,5,22,10
6592,2011-05-22 10:47:00,2011,5,22,10
6593,2011-05-22 10:53:00,2011,5,22,10
6594,2011-05-22 10:57:00,2011,5,22,10
6595,2011-05-22 11:06:00,2011,5,22,11
6596,2011-05-22 11:17:00,2011,5,22,11
6597,2011-05-22 11:24:00,2011,5,22,11
6598,2011-05-22 11:26:00,2011,5,22,11
6599,2011-05-22 11:28:00,2011,5,22,11
6600,2011-05-22 11:29:00,2011,5,22,11
6601,2011-05-22 11:30:00,2011,5,22,11
6602,2011-05-22 11:34:00,2011,5,22,11
6603,2011-05-22 11:38:00,2011,5,22,11
6604,2011-05-22 11:41:00,2011,5,22,11
6605,2011-05-22 11:42:00,2011,5,22,11
6606,2011-05-22 11:47:00,2011,5,22,11
6607,2011-05-22 11:49:00,2011,5,22,11
6608,2011-05-22 11:51:00,2011,5,22,11
6609,2011-05-22 11:52:00,2011,5,22,11
6610,2011-05-22 11:53:00,2011,5,22,11
6611,2011-05-22 11:54:00,2011,5,22,11
6612,2011-05-22 12:03:00,2011,5,22,12
6613,2011-05-22 12:12:00,2011,5,22,12
6614,2011-05-22 12:16:00,2011,5,22,12
6615,2011-05-22 12:22:00,2011,5,22,12
6616,2011-05-22 12:35:00,2011,5,22,12
6617,2011-05-22 12:41:00,2011,5,22,12
6618,2011-05-22 12:49:00,2011,5,22,12
6619,2011-05-22 12:51:00,2011,5,22,12
6620,2011-05-22 13:01:00,2011,5,22,13
6621,2011-05-22 13:20:00,2011,5,22,13
6622,2011-05-22 13:29:00,2011,5,22,13
6623,2011-05-22 13:40:00,2011,5,22,13
6624,2011-05-22 13:51:00,2011,5,22,13
6625,2011-05-22 14:03:00,2011,5,22,14
6626,2011-05-22 14:04:00,2011,5,22,14
6627,2011-05-22 14:05:00,2011,5,22,14
6628,2011-05-22 14:09:00,2011,5,22,14
6629,2011-05-22 14:29:00,2011,5,22,14
6630,2011-05-22 14:33:00,2011,5,22,14
6631,2011-05-22 14:35:00,2011,5,22,14
6632,2011-05-22 14:40:00,2011,5,22,14
6633,2011-05-22 14:44:00,2011,5,22,14
6634,2011-05-22 14:53:00,2011,5,22,14
6635,2011-05-22 15:00:00,2011,5,22,15
6636,2011-05-22 15:03:00,2011,5,22,15
6637,2011-05-22 15:11:00,2011,5,22,15
6638,2011-05-22 15:12:00,2011,5,22,15
6639,2011-05-22 15:26:00,2011,5,22,15
6640,2011-05-22 15:27:00,2011,5,22,15
6641,2011-05-22 15:28:00,2011,5,22,15
6642,2011-05-22 15:31:00,2011,5,22,15
6643,2011-05-22 15:37:00,2011,5,22,15
6644,2011-05-22 15:44:00,2011,5,22,15
6645,2011-05-23 08:31:00,2011,5,23,8
6646,2011-05-23 08:52:00,2011,5,23,8
6647,2011-05-23 09:14:00,2011,5,23,9
6648,2011-05-23 09:39:00,2011,5,23,9
6649,2011-05-23 09:42:00,2011,5,23,9
6650,2011-05-23 09:43:00,2011,5,23,9
6651,2011-05-23 09:48:00,2011,5,23,9
6652,2011-05-23 09:58:00,2011,5,23,9
6653,2011-05-23 10:13:00,2011,5,23,10
6654,2011-05-23 10:21:00,2011,5,23,10
6655,2011-05-23 10:34:00,2011,5,23,10
6656,2011-05-23 10:38:00,2011,5,23,10
6657,2011-05-23 10:45:00,2011,5,23,10
6658,2011-05-23 10:48:00,2011,5,23,10
6659,2011-05-23 11:07:00,2011,5,23,11
6660,2011-05-23 11:26:00,2011,5,23,11
6661,2011-05-23 11:28:00,2011,5,23,11
6662,2011-05-23 11:33:00,2011,5,23,11
6663,2011-05-23 11:44:00,2011,5,23,11
6664,2011-05-23 11:48:00,2011,5,23,11
6665,2011-05-23 11:49:00,2011,5,23,11
6666,2011-05-23 11:52:00,2011,5,23,11
6667,2011-05-23 11:58:00,2011,5,23,11
6668,2011-05-23 12:09:00,2011,5,23,12
6669,2011-05-23 12:14:00,2011,5,23,12
6670,2011-05-23 12:15:00,2011,5,23,12
6671,2011-05-23 12:32:00,2011,5,23,12
6672,2011-05-23 12:35:00,2011,5,23,12
6673,2011-05-23 12:59:00,2011,5,23,12
6674,2011-05-23 13:03:00,2011,5,23,13
6675,2011-05-23 13:05:00,2011,5,23,13
6676,2011-05-23 13:06:00,2011,5,23,13
6677,2011-05-23 13:08:00,2011,5,23,13
6678,2011-05-23 13:12:00,2011,5,23,13
6679,2011-05-23 13:17:00,2011,5,23,13
6680,2011-05-23 13:20:00,2011,5,23,13
6681,2011-05-23 13:25:00,2011,5,23,13
6682,2011-05-23 13:28:00,2011,5,23,13
6683,2011-05-23 13:35:00,2011,5,23,13
6684,2011-05-23 13:41:00,2011,5,23,13
6685,2011-05-23 14:01:00,2011,5,23,14
6686,2011-05-23 14:11:00,2011,5,23,14
6687,2011-05-23 14:14:00,2011,5,23,14
6688,2011-05-23 14:16:00,2011,5,23,14
6689,2011-05-23 14:18:00,2011,5,23,14
6690,2011-05-23 14:46:00,2011,5,23,14
6691,2011-05-23 14:58:00,2011,5,23,14
6692,2011-05-23 14:59:00,2011,5,23,14
6693,2011-05-23 15:00:00,2011,5,23,15
6694,2011-05-23 15:29:00,2011,5,23,15
6695,2011-05-23 15:33:00,2011,5,23,15
6696,2011-05-23 15:38:00,2011,5,23,15
6697,2011-05-23 16:32:00,2011,5,23,16
6698,2011-05-23 16:52:00,2011,5,23,16
6699,2011-05-23 17:25:00,2011,5,23,17
6700,2011-05-24 08:21:00,2011,5,24,8
6701,2011-05-24 08:49:00,2011,5,24,8
6702,2011-05-24 08:51:00,2011,5,24,8
6703,2011-05-24 08:53:00,2011,5,24,8
6704,2011-05-24 09:10:00,2011,5,24,9
6705,2011-05-24 09:12:00,2011,5,24,9
6706,2011-05-24 09:20:00,2011,5,24,9
6707,2011-05-24 09:25:00,2011,5,24,9
6708,2011-05-24 09:26:00,2011,5,24,9
6709,2011-05-24 09:32:00,2011,5,24,9
6710,2011-05-24 09:56:00,2011,5,24,9
6711,2011-05-24 10:17:00,2011,5,24,10
6712,2011-05-24 10:19:00,2011,5,24,10
6713,2011-05-24 10:21:00,2011,5,24,10
6714,2011-05-24 10:22:00,2011,5,24,10
6715,2011-05-24 10:24:00,2011,5,24,10
6716,2011-05-24 10:33:00,2011,5,24,10
6717,2011-05-24 10:34:00,2011,5,24,10
6718,2011-05-24 10:35:00,2011,5,24,10
6719,2011-05-24 10:42:00,2011,5,24,10
6720,2011-05-24 10:50:00,2011,5,24,10
6721,2011-05-24 11:29:00,2011,5,24,11
6722,2011-05-24 11:31:00,2011,5,24,11
6723,2011-05-24 11:35:00,2011,5,24,11
6724,2011-05-24 11:45:00,2011,5,24,11
6725,2011-05-24 11:46:00,2011,5,24,11
6726,2011-05-24 11:55:00,2011,5,24,11
6727,2011-05-24 12:04:00,2011,5,24,12
6728,2011-05-24 12:10:00,2011,5,24,12
6729,2011-05-24 12:12:00,2011,5,24,12
6730,2011-05-24 12:14:00,2011,5,24,12
6731,2011-05-24 12:22:00,2011,5,24,12
6732,2011-05-24 12:36:00,2011,5,24,12
6733,2011-05-24 12:57:00,2011,5,24,12
6734,2011-05-24 13:02:00,2011,5,24,13
6735,2011-05-24 13:22:00,2011,5,24,13
6736,2011-05-24 13:27:00,2011,5,24,13
6737,2011-05-24 13:46:00,2011,5,24,13
6738,2011-05-24 13:50:00,2011,5,24,13
6739,2011-05-24 13:56:00,2011,5,24,13
6740,2011-05-24 14:00:00,2011,5,24,14
6741,2011-05-24 14:18:00,2011,5,24,14
6742,2011-05-24 14:25:00,2011,5,24,14
6743,2011-05-24 14:38:00,2011,5,24,14
6744,2011-05-24 14:39:00,2011,5,24,14
6745,2011-05-24 14:47:00,2011,5,24,14
6746,2011-05-24 15:06:00,2011,5,24,15
6747,2011-05-24 15:13:00,2011,5,24,15
6748,2011-05-24 15:14:00,2011,5,24,15
6749,2011-05-24 15:22:00,2011,5,24,15
6750,2011-05-24 15:29:00,2011,5,24,15
6751,2011-05-24 15:33:00,2011,5,24,15
6752,2011-05-24 15:45:00,2011,5,24,15
6753,2011-05-24 15:51:00,2011,5,24,15
6754,2011-05-24 15:56:00,2011,5,24,15
6755,2011-05-24 16:25:00,2011,5,24,16
6756,2011-05-24 17:03:00,2011,5,24,17
6757,2011-05-24 17:18:00,2011,5,24,17
6758,2011-05-24 17:34:00,2011,5,24,17
6759,2011-05-25 08:32:00,2011,5,25,8
6760,2011-05-25 09:18:00,2011,5,25,9
6761,2011-05-25 09:35:00,2011,5,25,9
6762,2011-05-25 09:37:00,2011,5,25,9
6763,2011-05-25 09:57:00,2011,5,25,9
6764,2011-05-25 09:58:00,2011,5,25,9
6765,2011-05-25 10:02:00,2011,5,25,10
6766,2011-05-25 10:08:00,2011,5,25,10
6767,2011-05-25 10:11:00,2011,5,25,10
6768,2011-05-25 10:12:00,2011,5,25,10
6769,2011-05-25 10:35:00,2011,5,25,10
6770,2011-05-25 10:53:00,2011,5,25,10
6771,2011-05-25 10:56:00,2011,5,25,10
6772,2011-05-25 11:01:00,2011,5,25,11
6773,2011-05-25 11:12:00,2011,5,25,11
6774,2011-05-25 11:14:00,2011,5,25,11
6775,2011-05-25 11:21:00,2011,5,25,11
6776,2011-05-25 11:26:00,2011,5,25,11
6777,2011-05-25 11:34:00,2011,5,25,11
6778,2011-05-25 11:35:00,2011,5,25,11
6779,2011-05-25 11:41:00,2011,5,25,11
6780,2011-05-25 11:44:00,2011,5,25,11
6781,2011-05-25 11:45:00,2011,5,25,11
6782,2011-05-25 11:52:00,2011,5,25,11
6783,2011-05-25 11:58:00,2011,5,25,11
6784,2011-05-25 11:59:00,2011,5,25,11
6785,2011-05-25 12:00:00,2011,5,25,12
6786,2011-05-25 12:06:00,2011,5,25,12
6787,2011-05-25 12:19:00,2011,5,25,12
6788,2011-05-25 12:28:00,2011,5,25,12
6789,2011-05-25 12:34:00,2011,5,25,12
6790,2011-05-25 12:39:00,2011,5,25,12
6791,2011-05-25 12:44:00,2011,5,25,12
6792,2011-05-25 12:46:00,2011,5,25,12
6793,2011-05-25 12:54:00,2011,5,25,12
6794,2011-05-25 12:55:00,2011,5,25,12
6795,2011-05-25 13:34:00,2011,5,25,13
6796,2011-05-25 13:35:00,2011,5,25,13
6797,2011-05-25 13:36:00,2011,5,25,13
6798,2011-05-25 14:18:00,2011,5,25,14
6799,2011-05-25 14:29:00,2011,5,25,14
6800,2011-05-25 14:40:00,2011,5,25,14
6801,2011-05-25 14:44:00,2011,5,25,14
6802,2011-05-25 14:54:00,2011,5,25,14
6803,2011-05-25 15:18:00,2011,5,25,15
6804,2011-05-25 15:19:00,2011,5,25,15
6805,2011-05-25 15:31:00,2011,5,25,15
6806,2011-05-25 15:47:00,2011,5,25,15
6807,2011-05-25 15:54:00,2011,5,25,15
6808,2011-05-25 16:01:00,2011,5,25,16
6809,2011-05-25 16:08:00,2011,5,25,16
6810,2011-05-25 16:28:00,2011,5,25,16
6811,2011-05-25 17:12:00,2011,5,25,17
6812,2011-05-25 17:31:00,2011,5,25,17
6813,2011-05-26 08:38:00,2011,5,26,8
6814,2011-05-26 09:17:00,2011,5,26,9
6815,2011-05-26 09:18:00,2011,5,26,9
6816,2011-05-26 09:33:00,2011,5,26,9
6817,2011-05-26 09:45:00,2011,5,26,9
6818,2011-05-26 10:03:00,2011,5,26,10
6819,2011-05-26 10:09:00,2011,5,26,10
6820,2011-05-26 10:12:00,2011,5,26,10
6821,2011-05-26 10:13:00,2011,5,26,10
6822,2011-05-26 10:15:00,2011,5,26,10
6823,2011-05-26 10:25:00,2011,5,26,10
6824,2011-05-26 10:35:00,2011,5,26,10
6825,2011-05-26 10:37:00,2011,5,26,10
6826,2011-05-26 10:41:00,2011,5,26,10
6827,2011-05-26 10:43:00,2011,5,26,10
6828,2011-05-26 11:16:00,2011,5,26,11
6829,2011-05-26 11:36:00,2011,5,26,11
6830,2011-05-26 11:37:00,2011,5,26,11
6831,2011-05-26 11:38:00,2011,5,26,11
6832,2011-05-26 11:40:00,2011,5,26,11
6833,2011-05-26 11:43:00,2011,5,26,11
6834,2011-05-26 11:51:00,2011,5,26,11
6835,2011-05-26 12:00:00,2011,5,26,12
6836,2011-05-26 12:07:00,2011,5,26,12
6837,2011-05-26 12:12:00,2011,5,26,12
6838,2011-05-26 12:38:00,2011,5,26,12
6839,2011-05-26 12:41:00,2011,5,26,12
6840,2011-05-26 12:46:00,2011,5,26,12
6841,2011-05-26 12:52:00,2011,5,26,12
6842,2011-05-26 13:01:00,2011,5,26,13
6843,2011-05-26 13:13:00,2011,5,26,13
6844,2011-05-26 13:16:00,2011,5,26,13
6845,2011-05-26 13:21:00,2011,5,26,13
6846,2011-05-26 13:26:00,2011,5,26,13
6847,2011-05-26 13:34:00,2011,5,26,13
6848,2011-05-26 13:46:00,2011,5,26,13
6849,2011-05-26 14:01:00,2011,5,26,14
6850,2011-05-26 14:08:00,2011,5,26,14
6851,2011-05-26 14:09:00,2011,5,26,14
6852,2011-05-26 14:17:00,2011,5,26,14
6853,2011-05-26 14:20:00,2011,5,26,14
6854,2011-05-26 14:21:00,2011,5,26,14
6855,2011-05-26 14:45:00,2011,5,26,14
6856,2011-05-26 14:53:00,2011,5,26,14
6857,2011-05-26 15:19:00,2011,5,26,15
6858,2011-05-26 15:30:00,2011,5,26,15
6859,2011-05-26 15:35:00,2011,5,26,15
6860,2011-05-26 16:11:00,2011,5,26,16
6861,2011-05-26 16:25:00,2011,5,26,16
6862,2011-05-26 16:30:00,2011,5,26,16
6863,2011-05-26 17:15:00,2011,5,26,17
6864,2011-05-26 17:16:00,2011,5,26,17
6865,2011-05-26 18:17:00,2011,5,26,18
6866,2011-05-26 19:13:00,2011,5,26,19
6867,2011-05-26 19:38:00,2011,5,26,19
6868,2011-05-26 19:49:00,2011,5,26,19
6869,2011-05-27 09:15:00,2011,5,27,9
6870,2011-05-27 09:32:00,2011,5,27,9
6871,2011-05-27 09:39:00,2011,5,27,9
6872,2011-05-27 09:48:00,2011,5,27,9
6873,2011-05-27 10:15:00,2011,5,27,10
6874,2011-05-27 10:16:00,2011,5,27,10
6875,2011-05-27 10:20:00,2011,5,27,10
6876,2011-05-27 10:29:00,2011,5,27,10
6877,2011-05-27 10:37:00,2011,5,27,10
6878,2011-05-27 10:41:00,2011,5,27,10
6879,2011-05-27 10:52:00,2011,5,27,10
6880,2011-05-27 10:55:00,2011,5,27,10
6881,2011-05-27 11:41:00,2011,5,27,11
6882,2011-05-27 12:23:00,2011,5,27,12
6883,2011-05-27 12:26:00,2011,5,27,12
6884,2011-05-27 12:29:00,2011,5,27,12
6885,2011-05-27 12:38:00,2011,5,27,12
6886,2011-05-27 12:41:00,2011,5,27,12
6887,2011-05-27 12:44:00,2011,5,27,12
6888,2011-05-27 12:47:00,2011,5,27,12
6889,2011-05-27 12:48:00,2011,5,27,12
6890,2011-05-27 12:54:00,2011,5,27,12
6891,2011-05-27 13:00:00,2011,5,27,13
6892,2011-05-27 13:16:00,2011,5,27,13
6893,2011-05-27 13:17:00,2011,5,27,13
6894,2011-05-27 13:24:00,2011,5,27,13
6895,2011-05-27 13:26:00,2011,5,27,13
6896,2011-05-27 13:29:00,2011,5,27,13
6897,2011-05-27 13:30:00,2011,5,27,13
6898,2011-05-27 13:32:00,2011,5,27,13
6899,2011-05-27 13:34:00,2011,5,27,13
6900,2011-05-27 13:49:00,2011,5,27,13
6901,2011-05-27 13:53:00,2011,5,27,13
6902,2011-05-27 14:01:00,2011,5,27,14
6903,2011-05-27 14:10:00,2011,5,27,14
6904,2011-05-27 14:12:00,2011,5,27,14
6905,2011-05-27 14:22:00,2011,5,27,14
6906,2011-05-27 14:29:00,2011,5,27,14
6907,2011-05-27 14:44:00,2011,5,27,14
6908,2011-05-27 14:48:00,2011,5,27,14
6909,2011-05-27 14:49:00,2011,5,27,14
6910,2011-05-27 14:50:00,2011,5,27,14
6911,2011-05-27 14:55:00,2011,5,27,14
6912,2011-05-27 15:32:00,2011,5,27,15
6913,2011-05-27 15:57:00,2011,5,27,15
6914,2011-05-27 16:00:00,2011,5,27,16
6915,2011-05-27 16:17:00,2011,5,27,16
6916,2011-05-27 16:24:00,2011,5,27,16
6917,2011-05-27 16:30:00,2011,5,27,16
6918,2011-05-27 17:14:00,2011,5,27,17
6919,2011-05-29 10:40:00,2011,5,29,10
6920,2011-05-29 10:57:00,2011,5,29,10
6921,2011-05-29 11:03:00,2011,5,29,11
6922,2011-05-29 11:05:00,2011,5,29,11
6923,2011-05-29 11:34:00,2011,5,29,11
6924,2011-05-29 11:59:00,2011,5,29,11
6925,2011-05-29 12:06:00,2011,5,29,12
6926,2011-05-29 12:16:00,2011,5,29,12
6927,2011-05-29 12:19:00,2011,5,29,12
6928,2011-05-29 12:26:00,2011,5,29,12
6929,2011-05-29 12:35:00,2011,5,29,12
6930,2011-05-29 12:48:00,2011,5,29,12
6931,2011-05-29 13:32:00,2011,5,29,13
6932,2011-05-29 13:50:00,2011,5,29,13
6933,2011-05-29 13:57:00,2011,5,29,13
6934,2011-05-29 14:03:00,2011,5,29,14
6935,2011-05-29 14:08:00,2011,5,29,14
6936,2011-05-29 14:13:00,2011,5,29,14
6937,2011-05-29 14:18:00,2011,5,29,14
6938,2011-05-29 14:23:00,2011,5,29,14
6939,2011-05-29 14:28:00,2011,5,29,14
6940,2011-05-29 15:35:00,2011,5,29,15
6941,2011-05-29 15:44:00,2011,5,29,15
6942,2011-05-31 08:03:00,2011,5,31,8
6943,2011-05-31 08:32:00,2011,5,31,8
6944,2011-05-31 08:50:00,2011,5,31,8
6945,2011-05-31 09:36:00,2011,5,31,9
6946,2011-05-31 09:37:00,2011,5,31,9
6947,2011-05-31 09:38:00,2011,5,31,9
6948,2011-05-31 09:52:00,2011,5,31,9
6949,2011-05-31 10:24:00,2011,5,31,10
6950,2011-05-31 10:32:00,2011,5,31,10
6951,2011-05-31 10:38:00,2011,5,31,10
6952,2011-05-31 10:43:00,2011,5,31,10
6953,2011-05-31 10:45:00,2011,5,31,10
6954,2011-05-31 11:09:00,2011,5,31,11
6955,2011-05-31 11:14:00,2011,5,31,11
6956,2011-05-31 11:21:00,2011,5,31,11
6957,2011-05-31 11:22:00,2011,5,31,11
6958,2011-05-31 11:36:00,2011,5,31,11
6959,2011-05-31 11:39:00,2011,5,31,11
6960,2011-05-31 12:05:00,2011,5,31,12
6961,2011-05-31 12:11:00,2011,5,31,12
6962,2011-05-31 12:42:00,2011,5,31,12
6963,2011-05-31 12:50:00,2011,5,31,12
6964,2011-05-31 13:08:00,2011,5,31,13
6965,2011-05-31 13:15:00,2011,5,31,13
6966,2011-05-31 13:17:00,2011,5,31,13
6967,2011-05-31 13:32:00,2011,5,31,13
6968,2011-05-31 13:38:00,2011,5,31,13
6969,2011-05-31 13:39:00,2011,5,31,13
6970,2011-05-31 13:45:00,2011,5,31,13
6971,2011-05-31 13:50:00,2011,5,31,13
6972,2011-05-31 13:58:00,2011,5,31,13
6973,2011-05-31 14:02:00,2011,5,31,14
6974,2011-05-31 14:14:00,2011,5,31,14
6975,2011-05-31 14:18:00,2011,5,31,14
6976,2011-05-31 14:19:00,2011,5,31,14
6977,2011-05-31 14:34:00,2011,5,31,14
6978,2011-05-31 14:37:00,2011,5,31,14
6979,2011-05-31 14:48:00,2011,5,31,14
6980,2011-05-31 14:55:00,2011,5,31,14
6981,2011-05-31 15:16:00,2011,5,31,15
6982,2011-05-31 15:22:00,2011,5,31,15
6983,2011-05-31 15:26:00,2011,5,31,15
6984,2011-05-31 15:30:00,2011,5,31,15
6985,2011-05-31 15:32:00,2011,5,31,15
6986,2011-05-31 15:41:00,2011,5,31,15
6987,2011-06-01 07:37:00,2011,6,1,7
6988,2011-06-01 07:38:00,2011,6,1,7
6989,2011-06-01 08:38:00,2011,6,1,8
6990,2011-06-01 09:06:00,2011,6,1,9
6991,2011-06-01 09:18:00,2011,6,1,9
6992,2011-06-01 09:26:00,2011,6,1,9
6993,2011-06-01 10:15:00,2011,6,1,10
6994,2011-06-01 10:24:00,2011,6,1,10
6995,2011-06-01 11:13:00,2011,6,1,11
6996,2011-06-01 11:27:00,2011,6,1,11
6997,2011-06-01 11:52:00,2011,6,1,11
6998,2011-06-01 12:05:00,2011,6,1,12
6999,2011-06-01 12:10:00,2011,6,1,12
7000,2011-06-01 12:11:00,2011,6,1,12
7001,2011-06-01 12:13:00,2011,6,1,12
7002,2011-06-01 12:19:00,2011,6,1,12
7003,2011-06-01 12:22:00,2011,6,1,12
7004,2011-06-01 12:33:00,2011,6,1,12
7005,2011-06-01 12:46:00,2011,6,1,12
7006,2011-06-01 12:54:00,2011,6,1,12
7007,2011-06-01 13:07:00,2011,6,1,13
7008,2011-06-01 13:32:00,2011,6,1,13
7009,2011-06-01 13:40:00,2011,6,1,13
7010,2011-06-01 13:52:00,2011,6,1,13
7011,2011-06-01 14:12:00,2011,6,1,14
7012,2011-06-01 14:42:00,2011,6,1,14
7013,2011-06-01 14:57:00,2011,6,1,14
7014,2011-06-01 15:12:00,2011,6,1,15
7015,2011-06-01 15:28:00,2011,6,1,15
7016,2011-06-01 15:31:00,2011,6,1,15
7017,2011-06-01 15:34:00,2011,6,1,15
7018,2011-06-01 15:47:00,2011,6,1,15
7019,2011-06-01 16:03:00,2011,6,1,16
7020,2011-06-01 16:12:00,2011,6,1,16
7021,2011-06-01 16:23:00,2011,6,1,16
7022,2011-06-01 17:42:00,2011,6,1,17
7023,2011-06-02 09:02:00,2011,6,2,9
7024,2011-06-02 09:03:00,2011,6,2,9
7025,2011-06-02 09:04:00,2011,6,2,9
7026,2011-06-02 09:37:00,2011,6,2,9
7027,2011-06-02 09:38:00,2011,6,2,9
7028,2011-06-02 09:40:00,2011,6,2,9
7029,2011-06-02 09:42:00,2011,6,2,9
7030,2011-06-02 10:00:00,2011,6,2,10
7031,2011-06-02 10:39:00,2011,6,2,10
7032,2011-06-02 11:33:00,2011,6,2,11
7033,2011-06-02 11:42:00,2011,6,2,11
7034,2011-06-02 11:45:00,2011,6,2,11
7035,2011-06-02 12:04:00,2011,6,2,12
7036,2011-06-02 12:06:00,2011,6,2,12
7037,2011-06-02 12:08:00,2011,6,2,12
7038,2011-06-02 12:37:00,2011,6,2,12
7039,2011-06-02 12:46:00,2011,6,2,12
7040,2011-06-02 13:22:00,2011,6,2,13
7041,2011-06-02 13:29:00,2011,6,2,13
7042,2011-06-02 14:04:00,2011,6,2,14
7043,2011-06-02 14:15:00,2011,6,2,14
7044,2011-06-02 14:28:00,2011,6,2,14
7045,2011-06-02 14:30:00,2011,6,2,14
7046,2011-06-02 14:38:00,2011,6,2,14
7047,2011-06-02 14:46:00,2011,6,2,14
7048,2011-06-02 15:13:00,2011,6,2,15
7049,2011-06-02 15:22:00,2011,6,2,15
7050,2011-06-02 15:48:00,2011,6,2,15
7051,2011-06-02 16:26:00,2011,6,2,16
7052,2011-06-02 16:59:00,2011,6,2,16
7053,2011-06-02 17:00:00,2011,6,2,17
7054,2011-06-02 17:03:00,2011,6,2,17
7055,2011-06-02 17:04:00,2011,6,2,17
7056,2011-06-02 17:23:00,2011,6,2,17
7057,2011-06-02 17:41:00,2011,6,2,17
7058,2011-06-02 17:50:00,2011,6,2,17
7059,2011-06-02 17:51:00,2011,6,2,17
7060,2011-06-02 18:06:00,2011,6,2,18
7061,2011-06-02 19:17:00,2011,6,2,19
7062,2011-06-02 19:50:00,2011,6,2,19
7063,2011-06-03 07:48:00,2011,6,3,7
7064,2011-06-03 08:54:00,2011,6,3,8
7065,2011-06-03 09:30:00,2011,6,3,9
7066,2011-06-03 09:46:00,2011,6,3,9
7067,2011-06-03 09:50:00,2011,6,3,9
7068,2011-06-03 10:06:00,2011,6,3,10
7069,2011-06-03 10:08:00,2011,6,3,10
7070,2011-06-03 10:15:00,2011,6,3,10
7071,2011-06-03 10:17:00,2011,6,3,10
7072,2011-06-03 10:19:00,2011,6,3,10
7073,2011-06-03 10:20:00,2011,6,3,10
7074,2011-06-03 10:29:00,2011,6,3,10
7075,2011-06-03 10:37:00,2011,6,3,10
7076,2011-06-03 11:33:00,2011,6,3,11
7077,2011-06-03 11:42:00,2011,6,3,11
7078,2011-06-03 11:46:00,2011,6,3,11
7079,2011-06-03 11:59:00,2011,6,3,11
7080,2011-06-03 12:17:00,2011,6,3,12
7081,2011-06-03 12:26:00,2011,6,3,12
7082,2011-06-03 12:28:00,2011,6,3,12
7083,2011-06-03 12:35:00,2011,6,3,12
7084,2011-06-03 12:39:00,2011,6,3,12
7085,2011-06-03 13:05:00,2011,6,3,13
7086,2011-06-03 13:43:00,2011,6,3,13
7087,2011-06-03 13:48:00,2011,6,3,13
7088,2011-06-03 13:50:00,2011,6,3,13
7089,2011-06-03 14:10:00,2011,6,3,14
7090,2011-06-03 14:24:00,2011,6,3,14
7091,2011-06-03 14:26:00,2011,6,3,14
7092,2011-06-03 14:33:00,2011,6,3,14
7093,2011-06-03 14:42:00,2011,6,3,14
7094,2011-06-03 14:44:00,2011,6,3,14
7095,2011-06-03 15:03:00,2011,6,3,15
7096,2011-06-03 15:07:00,2011,6,3,15
7097,2011-06-03 15:31:00,2011,6,3,15
7098,2011-06-03 15:32:00,2011,6,3,15
7099,2011-06-03 15:37:00,2011,6,3,15
7100,2011-06-03 15:43:00,2011,6,3,15
7101,2011-06-03 16:39:00,2011,6,3,16
7102,2011-06-03 16:45:00,2011,6,3,16
7103,2011-06-03 17:07:00,2011,6,3,17
7104,2011-06-05 10:12:00,2011,6,5,10
7105,2011-06-05 10:37:00,2011,6,5,10
7106,2011-06-05 10:38:00,2011,6,5,10
7107,2011-06-05 10:41:00,2011,6,5,10
7108,2011-06-05 10:47:00,2011,6,5,10
7109,2011-06-05 10:50:00,2011,6,5,10
7110,2011-06-05 10:54:00,2011,6,5,10
7111,2011-06-05 10:58:00,2011,6,5,10
7112,2011-06-05 11:02:00,2011,6,5,11
7113,2011-06-05 11:14:00,2011,6,5,11
7114,2011-06-05 11:21:00,2011,6,5,11
7115,2011-06-05 11:29:00,2011,6,5,11
7116,2011-06-05 11:36:00,2011,6,5,11
7117,2011-06-05 11:37:00,2011,6,5,11
7118,2011-06-05 11:40:00,2011,6,5,11
7119,2011-06-05 11:42:00,2011,6,5,11
7120,2011-06-05 11:44:00,2011,6,5,11
7121,2011-06-05 11:46:00,2011,6,5,11
7122,2011-06-05 11:53:00,2011,6,5,11
7123,2011-06-05 12:12:00,2011,6,5,12
7124,2011-06-05 12:16:00,2011,6,5,12
7125,2011-06-05 12:28:00,2011,6,5,12
7126,2011-06-05 12:37:00,2011,6,5,12
7127,2011-06-05 12:39:00,2011,6,5,12
7128,2011-06-05 12:44:00,2011,6,5,12
7129,2011-06-05 12:48:00,2011,6,5,12
7130,2011-06-05 12:51:00,2011,6,5,12
7131,2011-06-05 12:59:00,2011,6,5,12
7132,2011-06-05 13:05:00,2011,6,5,13
7133,2011-06-05 13:08:00,2011,6,5,13
7134,2011-06-05 13:09:00,2011,6,5,13
7135,2011-06-05 13:13:00,2011,6,5,13
7136,2011-06-05 13:16:00,2011,6,5,13
7137,2011-06-05 13:24:00,2011,6,5,13
7138,2011-06-05 13:29:00,2011,6,5,13
7139,2011-06-05 13:32:00,2011,6,5,13
7140,2011-06-05 13:44:00,2011,6,5,13
7141,2011-06-05 13:45:00,2011,6,5,13
7142,2011-06-05 13:46:00,2011,6,5,13
7143,2011-06-05 13:48:00,2011,6,5,13
7144,2011-06-05 14:04:00,2011,6,5,14
7145,2011-06-05 14:06:00,2011,6,5,14
7146,2011-06-05 14:18:00,2011,6,5,14
7147,2011-06-05 14:20:00,2011,6,5,14
7148,2011-06-05 14:38:00,2011,6,5,14
7149,2011-06-05 14:45:00,2011,6,5,14
7150,2011-06-05 15:01:00,2011,6,5,15
7151,2011-06-05 15:06:00,2011,6,5,15
7152,2011-06-05 15:19:00,2011,6,5,15
7153,2011-06-05 15:25:00,2011,6,5,15
7154,2011-06-05 15:29:00,2011,6,5,15
7155,2011-06-05 15:36:00,2011,6,5,15
7156,2011-06-05 15:37:00,2011,6,5,15
7157,2011-06-05 15:46:00,2011,6,5,15
7158,2011-06-05 15:47:00,2011,6,5,15
7159,2011-06-05 15:52:00,2011,6,5,15
7160,2011-06-05 15:53:00,2011,6,5,15
7161,2011-06-05 15:54:00,2011,6,5,15
7162,2011-06-05 16:02:00,2011,6,5,16
7163,2011-06-05 16:05:00,2011,6,5,16
7164,2011-06-06 08:04:00,2011,6,6,8
7165,2011-06-06 09:01:00,2011,6,6,9
7166,2011-06-06 09:03:00,2011,6,6,9
7167,2011-06-06 09:04:00,2011,6,6,9
7168,2011-06-06 09:12:00,2011,6,6,9
7169,2011-06-06 09:13:00,2011,6,6,9
7170,2011-06-06 09:16:00,2011,6,6,9
7171,2011-06-06 09:36:00,2011,6,6,9
7172,2011-06-06 09:39:00,2011,6,6,9
7173,2011-06-06 09:59:00,2011,6,6,9
7174,2011-06-06 10:04:00,2011,6,6,10
7175,2011-06-06 10:06:00,2011,6,6,10
7176,2011-06-06 10:09:00,2011,6,6,10
7177,2011-06-06 11:22:00,2011,6,6,11
7178,2011-06-06 11:26:00,2011,6,6,11
7179,2011-06-06 11:36:00,2011,6,6,11
7180,2011-06-06 11:37:00,2011,6,6,11
7181,2011-06-06 11:46:00,2011,6,6,11
7182,2011-06-06 11:55:00,2011,6,6,11
7183,2011-06-06 11:57:00,2011,6,6,11
7184,2011-06-06 11:59:00,2011,6,6,11
7185,2011-06-06 12:04:00,2011,6,6,12
7186,2011-06-06 12:06:00,2011,6,6,12
7187,2011-06-06 12:16:00,2011,6,6,12
7188,2011-06-06 12:22:00,2011,6,6,12
7189,2011-06-06 12:29:00,2011,6,6,12
7190,2011-06-06 12:47:00,2011,6,6,12
7191,2011-06-06 12:51:00,2011,6,6,12
7192,2011-06-06 13:06:00,2011,6,6,13
7193,2011-06-06 13:18:00,2011,6,6,13
7194,2011-06-06 13:24:00,2011,6,6,13
7195,2011-06-06 13:31:00,2011,6,6,13
7196,2011-06-06 13:32:00,2011,6,6,13
7197,2011-06-06 13:43:00,2011,6,6,13
7198,2011-06-06 13:46:00,2011,6,6,13
7199,2011-06-06 13:47:00,2011,6,6,13
7200,2011-06-06 13:48:00,2011,6,6,13
7201,2011-06-06 14:02:00,2011,6,6,14
7202,2011-06-06 14:12:00,2011,6,6,14
7203,2011-06-06 14:13:00,2011,6,6,14
7204,2011-06-06 14:31:00,2011,6,6,14
7205,2011-06-06 14:32:00,2011,6,6,14
7206,2011-06-06 14:34:00,2011,6,6,14
7207,2011-06-06 14:35:00,2011,6,6,14
7208,2011-06-06 15:06:00,2011,6,6,15
7209,2011-06-06 15:24:00,2011,6,6,15
7210,2011-06-06 15:31:00,2011,6,6,15
7211,2011-06-06 15:46:00,2011,6,6,15
7212,2011-06-06 16:01:00,2011,6,6,16
7213,2011-06-06 16:22:00,2011,6,6,16
7214,2011-06-06 16:23:00,2011,6,6,16
7215,2011-06-06 16:41:00,2011,6,6,16
7216,2011-06-07 07:49:00,2011,6,7,7
7217,2011-06-07 08:19:00,2011,6,7,8
7218,2011-06-07 08:21:00,2011,6,7,8
7219,2011-06-07 08:54:00,2011,6,7,8
7220,2011-06-07 09:13:00,2011,6,7,9
7221,2011-06-07 09:19:00,2011,6,7,9
7222,2011-06-07 09:44:00,2011,6,7,9
7223,2011-06-07 09:49:00,2011,6,7,9
7224,2011-06-07 09:51:00,2011,6,7,9
7225,2011-06-07 10:05:00,2011,6,7,10
7226,2011-06-07 10:34:00,2011,6,7,10
7227,2011-06-07 10:42:00,2011,6,7,10
7228,2011-06-07 10:44:00,2011,6,7,10
7229,2011-06-07 10:46:00,2011,6,7,10
7230,2011-06-07 10:55:00,2011,6,7,10
7231,2011-06-07 11:07:00,2011,6,7,11
7232,2011-06-07 11:10:00,2011,6,7,11
7233,2011-06-07 11:32:00,2011,6,7,11
7234,2011-06-07 11:39:00,2011,6,7,11
7235,2011-06-07 11:40:00,2011,6,7,11
7236,2011-06-07 11:47:00,2011,6,7,11
7237,2011-06-07 11:49:00,2011,6,7,11
7238,2011-06-07 11:51:00,2011,6,7,11
7239,2011-06-07 11:59:00,2011,6,7,11
7240,2011-06-07 12:00:00,2011,6,7,12
7241,2011-06-07 12:01:00,2011,6,7,12
7242,2011-06-07 12:18:00,2011,6,7,12
7243,2011-06-07 12:19:00,2011,6,7,12
7244,2011-06-07 12:31:00,2011,6,7,12
7245,2011-06-07 12:34:00,2011,6,7,12
7246,2011-06-07 12:36:00,2011,6,7,12
7247,2011-06-07 12:39:00,2011,6,7,12
7248,2011-06-07 12:46:00,2011,6,7,12
7249,2011-06-07 12:47:00,2011,6,7,12
7250,2011-06-07 12:54:00,2011,6,7,12
7251,2011-06-07 13:00:00,2011,6,7,13
7252,2011-06-07 13:10:00,2011,6,7,13
7253,2011-06-07 13:19:00,2011,6,7,13
7254,2011-06-07 13:21:00,2011,6,7,13
7255,2011-06-07 13:27:00,2011,6,7,13
7256,2011-06-07 13:31:00,2011,6,7,13
7257,2011-06-07 13:33:00,2011,6,7,13
7258,2011-06-07 13:35:00,2011,6,7,13
7259,2011-06-07 13:37:00,2011,6,7,13
7260,2011-06-07 13:38:00,2011,6,7,13
7261,2011-06-07 13:44:00,2011,6,7,13
7262,2011-06-07 13:47:00,2011,6,7,13
7263,2011-06-07 13:56:00,2011,6,7,13
7264,2011-06-07 14:02:00,2011,6,7,14
7265,2011-06-07 14:03:00,2011,6,7,14
7266,2011-06-07 14:12:00,2011,6,7,14
7267,2011-06-07 14:22:00,2011,6,7,14
7268,2011-06-07 14:27:00,2011,6,7,14
7269,2011-06-07 14:28:00,2011,6,7,14
7270,2011-06-07 14:30:00,2011,6,7,14
7271,2011-06-07 14:38:00,2011,6,7,14
7272,2011-06-07 15:03:00,2011,6,7,15
7273,2011-06-07 15:04:00,2011,6,7,15
7274,2011-06-07 15:17:00,2011,6,7,15
7275,2011-06-07 15:28:00,2011,6,7,15
7276,2011-06-07 15:44:00,2011,6,7,15
7277,2011-06-07 16:04:00,2011,6,7,16
7278,2011-06-07 16:16:00,2011,6,7,16
7279,2011-06-07 16:21:00,2011,6,7,16
7280,2011-06-07 16:35:00,2011,6,7,16
7281,2011-06-07 16:42:00,2011,6,7,16
7282,2011-06-08 08:02:00,2011,6,8,8
7283,2011-06-08 08:12:00,2011,6,8,8
7284,2011-06-08 08:26:00,2011,6,8,8
7285,2011-06-08 08:31:00,2011,6,8,8
7286,2011-06-08 08:46:00,2011,6,8,8
7287,2011-06-08 08:49:00,2011,6,8,8
7288,2011-06-08 08:51:00,2011,6,8,8
7289,2011-06-08 09:16:00,2011,6,8,9
7290,2011-06-08 09:39:00,2011,6,8,9
7291,2011-06-08 09:58:00,2011,6,8,9
7292,2011-06-08 10:10:00,2011,6,8,10
7293,2011-06-08 10:14:00,2011,6,8,10
7294,2011-06-08 10:15:00,2011,6,8,10
7295,2011-06-08 10:36:00,2011,6,8,10
7296,2011-06-08 10:43:00,2011,6,8,10
7297,2011-06-08 10:45:00,2011,6,8,10
7298,2011-06-08 10:49:00,2011,6,8,10
7299,2011-06-08 10:50:00,2011,6,8,10
7300,2011-06-08 10:51:00,2011,6,8,10
7301,2011-06-08 11:18:00,2011,6,8,11
7302,2011-06-08 11:37:00,2011,6,8,11
7303,2011-06-08 11:43:00,2011,6,8,11
7304,2011-06-08 11:54:00,2011,6,8,11
7305,2011-06-08 11:56:00,2011,6,8,11
7306,2011-06-08 11:57:00,2011,6,8,11
7307,2011-06-08 12:02:00,2011,6,8,12
7308,2011-06-08 12:03:00,2011,6,8,12
7309,2011-06-08 12:04:00,2011,6,8,12
7310,2011-06-08 12:21:00,2011,6,8,12
7311,2011-06-08 12:35:00,2011,6,8,12
7312,2011-06-08 12:36:00,2011,6,8,12
7313,2011-06-08 12:37:00,2011,6,8,12
7314,2011-06-08 12:38:00,2011,6,8,12
7315,2011-06-08 12:40:00,2011,6,8,12
7316,2011-06-08 12:42:00,2011,6,8,12
7317,2011-06-08 12:44:00,2011,6,8,12
7318,2011-06-08 12:49:00,2011,6,8,12
7319,2011-06-08 12:50:00,2011,6,8,12
7320,2011-06-08 12:54:00,2011,6,8,12
7321,2011-06-08 12:57:00,2011,6,8,12
7322,2011-06-08 13:00:00,2011,6,8,13
7323,2011-06-08 13:04:00,2011,6,8,13
7324,2011-06-08 13:09:00,2011,6,8,13
7325,2011-06-08 13:14:00,2011,6,8,13
7326,2011-06-08 13:15:00,2011,6,8,13
7327,2011-06-08 13:26:00,2011,6,8,13
7328,2011-06-08 13:33:00,2011,6,8,13
7329,2011-06-08 13:35:00,2011,6,8,13
7330,2011-06-08 13:54:00,2011,6,8,13
7331,2011-06-08 13:56:00,2011,6,8,13
7332,2011-06-08 14:03:00,2011,6,8,14
7333,2011-06-08 14:06:00,2011,6,8,14
7334,2011-06-08 14:09:00,2011,6,8,14
7335,2011-06-08 14:20:00,2011,6,8,14
7336,2011-06-08 14:29:00,2011,6,8,14
7337,2011-06-08 14:32:00,2011,6,8,14
7338,2011-06-08 14:35:00,2011,6,8,14
7339,2011-06-08 14:39:00,2011,6,8,14
7340,2011-06-08 14:51:00,2011,6,8,14
7341,2011-06-08 14:52:00,2011,6,8,14
7342,2011-06-08 14:57:00,2011,6,8,14
7343,2011-06-08 15:05:00,2011,6,8,15
7344,2011-06-08 15:18:00,2011,6,8,15
7345,2011-06-08 15:23:00,2011,6,8,15
7346,2011-06-08 15:31:00,2011,6,8,15
7347,2011-06-08 15:36:00,2011,6,8,15
7348,2011-06-08 15:38:00,2011,6,8,15
7349,2011-06-08 16:00:00,2011,6,8,16
7350,2011-06-08 16:15:00,2011,6,8,16
7351,2011-06-08 16:18:00,2011,6,8,16
7352,2011-06-08 16:34:00,2011,6,8,16
7353,2011-06-08 16:39:00,2011,6,8,16
7354,2011-06-08 16:54:00,2011,6,8,16
7355,2011-06-08 17:09:00,2011,6,8,17
7356,2011-06-09 07:53:00,2011,6,9,7
7357,2011-06-09 08:45:00,2011,6,9,8
7358,2011-06-09 09:16:00,2011,6,9,9
7359,2011-06-09 09:28:00,2011,6,9,9
7360,2011-06-09 09:32:00,2011,6,9,9
7361,2011-06-09 09:36:00,2011,6,9,9
7362,2011-06-09 09:39:00,2011,6,9,9
7363,2011-06-09 09:44:00,2011,6,9,9
7364,2011-06-09 09:54:00,2011,6,9,9
7365,2011-06-09 10:05:00,2011,6,9,10
7366,2011-06-09 10:06:00,2011,6,9,10
7367,2011-06-09 10:09:00,2011,6,9,10
7368,2011-06-09 10:20:00,2011,6,9,10
7369,2011-06-09 10:23:00,2011,6,9,10
7370,2011-06-09 10:31:00,2011,6,9,10
7371,2011-06-09 10:46:00,2011,6,9,10
7372,2011-06-09 10:48:00,2011,6,9,10
7373,2011-06-09 11:05:00,2011,6,9,11
7374,2011-06-09 11:27:00,2011,6,9,11
7375,2011-06-09 11:32:00,2011,6,9,11
7376,2011-06-09 11:35:00,2011,6,9,11
7377,2011-06-09 11:37:00,2011,6,9,11
7378,2011-06-09 11:39:00,2011,6,9,11
7379,2011-06-09 11:40:00,2011,6,9,11
7380,2011-06-09 11:46:00,2011,6,9,11
7381,2011-06-09 11:49:00,2011,6,9,11
7382,2011-06-09 11:57:00,2011,6,9,11
7383,2011-06-09 12:01:00,2011,6,9,12
7384,2011-06-09 12:02:00,2011,6,9,12
7385,2011-06-09 12:04:00,2011,6,9,12
7386,2011-06-09 12:20:00,2011,6,9,12
7387,2011-06-09 12:21:00,2011,6,9,12
7388,2011-06-09 12:27:00,2011,6,9,12
7389,2011-06-09 12:30:00,2011,6,9,12
7390,2011-06-09 12:40:00,2011,6,9,12
7391,2011-06-09 13:01:00,2011,6,9,13
7392,2011-06-09 13:08:00,2011,6,9,13
7393,2011-06-09 13:09:00,2011,6,9,13
7394,2011-06-09 13:16:00,2011,6,9,13
7395,2011-06-09 13:37:00,2011,6,9,13
7396,2011-06-09 13:46:00,2011,6,9,13
7397,2011-06-09 13:50:00,2011,6,9,13
7398,2011-06-09 13:51:00,2011,6,9,13
7399,2011-06-09 14:14:00,2011,6,9,14
7400,2011-06-09 14:15:00,2011,6,9,14
7401,2011-06-09 14:18:00,2011,6,9,14
7402,2011-06-09 14:19:00,2011,6,9,14
7403,2011-06-09 14:23:00,2011,6,9,14
7404,2011-06-09 14:26:00,2011,6,9,14
7405,2011-06-09 14:43:00,2011,6,9,14
7406,2011-06-09 14:45:00,2011,6,9,14
7407,2011-06-09 15:27:00,2011,6,9,15
7408,2011-06-09 15:29:00,2011,6,9,15
7409,2011-06-09 15:34:00,2011,6,9,15
7410,2011-06-09 15:35:00,2011,6,9,15
7411,2011-06-09 15:48:00,2011,6,9,15
7412,2011-06-09 15:55:00,2011,6,9,15
7413,2011-06-09 16:04:00,2011,6,9,16
7414,2011-06-09 16:08:00,2011,6,9,16
7415,2011-06-09 16:10:00,2011,6,9,16
7416,2011-06-09 16:16:00,2011,6,9,16
7417,2011-06-09 16:33:00,2011,6,9,16
7418,2011-06-09 16:34:00,2011,6,9,16
7419,2011-06-09 16:44:00,2011,6,9,16
7420,2011-06-09 16:55:00,2011,6,9,16
7421,2011-06-09 16:57:00,2011,6,9,16
7422,2011-06-09 17:27:00,2011,6,9,17
7423,2011-06-09 17:37:00,2011,6,9,17
7424,2011-06-09 17:47:00,2011,6,9,17
7425,2011-06-09 17:48:00,2011,6,9,17
7426,2011-06-09 17:53:00,2011,6,9,17
7427,2011-06-09 18:41:00,2011,6,9,18
7428,2011-06-09 18:42:00,2011,6,9,18
7429,2011-06-09 19:26:00,2011,6,9,19
7430,2011-06-09 19:33:00,2011,6,9,19
7431,2011-06-09 19:40:00,2011,6,9,19
7432,2011-06-09 19:55:00,2011,6,9,19
7433,2011-06-09 20:03:00,2011,6,9,20
7434,2011-06-10 08:24:00,2011,6,10,8
7435,2011-06-10 08:50:00,2011,6,10,8
7436,2011-06-10 08:54:00,2011,6,10,8
7437,2011-06-10 09:10:00,2011,6,10,9
7438,2011-06-10 09:23:00,2011,6,10,9
7439,2011-06-10 09:44:00,2011,6,10,9
7440,2011-06-10 10:05:00,2011,6,10,10
7441,2011-06-10 10:24:00,2011,6,10,10
7442,2011-06-10 10:26:00,2011,6,10,10
7443,2011-06-10 10:29:00,2011,6,10,10
7444,2011-06-10 10:38:00,2011,6,10,10
7445,2011-06-10 10:49:00,2011,6,10,10
7446,2011-06-10 10:59:00,2011,6,10,10
7447,2011-06-10 11:20:00,2011,6,10,11
7448,2011-06-10 11:28:00,2011,6,10,11
7449,2011-06-10 11:29:00,2011,6,10,11
7450,2011-06-10 11:36:00,2011,6,10,11
7451,2011-06-10 11:44:00,2011,6,10,11
7452,2011-06-10 11:49:00,2011,6,10,11
7453,2011-06-10 11:52:00,2011,6,10,11
7454,2011-06-10 11:54:00,2011,6,10,11
7455,2011-06-10 12:01:00,2011,6,10,12
7456,2011-06-10 12:19:00,2011,6,10,12
7457,2011-06-10 12:24:00,2011,6,10,12
7458,2011-06-10 12:30:00,2011,6,10,12
7459,2011-06-10 12:51:00,2011,6,10,12
7460,2011-06-10 13:18:00,2011,6,10,13
7461,2011-06-10 13:59:00,2011,6,10,13
7462,2011-06-10 14:06:00,2011,6,10,14
7463,2011-06-10 14:08:00,2011,6,10,14
7464,2011-06-10 14:31:00,2011,6,10,14
7465,2011-06-10 14:46:00,2011,6,10,14
7466,2011-06-10 14:51:00,2011,6,10,14
7467,2011-06-10 15:07:00,2011,6,10,15
7468,2011-06-10 15:22:00,2011,6,10,15
7469,2011-06-10 15:28:00,2011,6,10,15
7470,2011-06-10 15:33:00,2011,6,10,15
7471,2011-06-10 15:37:00,2011,6,10,15
7472,2011-06-10 16:37:00,2011,6,10,16
7473,2011-06-10 16:46:00,2011,6,10,16
7474,2011-06-10 16:47:00,2011,6,10,16
7475,2011-06-12 09:56:00,2011,6,12,9
7476,2011-06-12 10:15:00,2011,6,12,10
7477,2011-06-12 10:46:00,2011,6,12,10
7478,2011-06-12 10:47:00,2011,6,12,10
7479,2011-06-12 10:53:00,2011,6,12,10
7480,2011-06-12 11:04:00,2011,6,12,11
7481,2011-06-12 11:07:00,2011,6,12,11
7482,2011-06-12 11:17:00,2011,6,12,11
7483,2011-06-12 11:26:00,2011,6,12,11
7484,2011-06-12 11:37:00,2011,6,12,11
7485,2011-06-12 11:41:00,2011,6,12,11
7486,2011-06-12 11:47:00,2011,6,12,11
7487,2011-06-12 11:48:00,2011,6,12,11
7488,2011-06-12 12:00:00,2011,6,12,12
7489,2011-06-12 12:01:00,2011,6,12,12
7490,2011-06-12 12:03:00,2011,6,12,12
7491,2011-06-12 12:08:00,2011,6,12,12
7492,2011-06-12 12:20:00,2011,6,12,12
7493,2011-06-12 12:34:00,2011,6,12,12
7494,2011-06-12 12:50:00,2011,6,12,12
7495,2011-06-12 12:55:00,2011,6,12,12
7496,2011-06-12 13:00:00,2011,6,12,13
7497,2011-06-12 13:04:00,2011,6,12,13
7498,2011-06-12 13:12:00,2011,6,12,13
7499,2011-06-12 13:17:00,2011,6,12,13
7500,2011-06-12 13:21:00,2011,6,12,13
7501,2011-06-12 13:22:00,2011,6,12,13
7502,2011-06-12 13:51:00,2011,6,12,13
7503,2011-06-12 13:52:00,2011,6,12,13
7504,2011-06-12 13:59:00,2011,6,12,13
7505,2011-06-12 14:08:00,2011,6,12,14
7506,2011-06-12 14:15:00,2011,6,12,14
7507,2011-06-12 14:48:00,2011,6,12,14
7508,2011-06-12 14:57:00,2011,6,12,14
7509,2011-06-12 15:14:00,2011,6,12,15
7510,2011-06-12 15:20:00,2011,6,12,15
7511,2011-06-12 15:31:00,2011,6,12,15
7512,2011-06-12 15:57:00,2011,6,12,15
7513,2011-06-13 07:58:00,2011,6,13,7
7514,2011-06-13 08:40:00,2011,6,13,8
7515,2011-06-13 08:43:00,2011,6,13,8
7516,2011-06-13 08:44:00,2011,6,13,8
7517,2011-06-13 08:47:00,2011,6,13,8
7518,2011-06-13 09:43:00,2011,6,13,9
7519,2011-06-13 09:44:00,2011,6,13,9
7520,2011-06-13 09:55:00,2011,6,13,9
7521,2011-06-13 10:10:00,2011,6,13,10
7522,2011-06-13 10:33:00,2011,6,13,10
7523,2011-06-13 10:36:00,2011,6,13,10
7524,2011-06-13 10:44:00,2011,6,13,10
7525,2011-06-13 10:52:00,2011,6,13,10
7526,2011-06-13 10:54:00,2011,6,13,10
7527,2011-06-13 11:10:00,2011,6,13,11
7528,2011-06-13 11:15:00,2011,6,13,11
7529,2011-06-13 11:24:00,2011,6,13,11
7530,2011-06-13 11:33:00,2011,6,13,11
7531,2011-06-13 11:36:00,2011,6,13,11
7532,2011-06-13 11:41:00,2011,6,13,11
7533,2011-06-13 11:49:00,2011,6,13,11
7534,2011-06-13 12:05:00,2011,6,13,12
7535,2011-06-13 12:19:00,2011,6,13,12
7536,2011-06-13 12:36:00,2011,6,13,12
7537,2011-06-13 12:38:00,2011,6,13,12
7538,2011-06-13 12:42:00,2011,6,13,12
7539,2011-06-13 12:44:00,2011,6,13,12
7540,2011-06-13 12:51:00,2011,6,13,12
7541,2011-06-13 12:52:00,2011,6,13,12
7542,2011-06-13 13:13:00,2011,6,13,13
7543,2011-06-13 13:25:00,2011,6,13,13
7544,2011-06-13 13:32:00,2011,6,13,13
7545,2011-06-13 13:41:00,2011,6,13,13
7546,2011-06-13 13:44:00,2011,6,13,13
7547,2011-06-13 13:55:00,2011,6,13,13
7548,2011-06-13 14:12:00,2011,6,13,14
7549,2011-06-13 14:13:00,2011,6,13,14
7550,2011-06-13 14:16:00,2011,6,13,14
7551,2011-06-13 14:20:00,2011,6,13,14
7552,2011-06-13 14:29:00,2011,6,13,14
7553,2011-06-13 14:55:00,2011,6,13,14
7554,2011-06-13 14:59:00,2011,6,13,14
7555,2011-06-13 15:09:00,2011,6,13,15
7556,2011-06-13 15:44:00,2011,6,13,15
7557,2011-06-13 15:47:00,2011,6,13,15
7558,2011-06-13 16:25:00,2011,6,13,16
7559,2011-06-13 16:29:00,2011,6,13,16
7560,2011-06-13 16:33:00,2011,6,13,16
7561,2011-06-13 17:08:00,2011,6,13,17
7562,2011-06-14 08:03:00,2011,6,14,8
7563,2011-06-14 09:41:00,2011,6,14,9
7564,2011-06-14 09:42:00,2011,6,14,9
7565,2011-06-14 09:43:00,2011,6,14,9
7566,2011-06-14 09:57:00,2011,6,14,9
7567,2011-06-14 10:00:00,2011,6,14,10
7568,2011-06-14 10:49:00,2011,6,14,10
7569,2011-06-14 11:02:00,2011,6,14,11
7570,2011-06-14 11:21:00,2011,6,14,11
7571,2011-06-14 11:22:00,2011,6,14,11
7572,2011-06-14 11:23:00,2011,6,14,11
7573,2011-06-14 11:25:00,2011,6,14,11
7574,2011-06-14 11:26:00,2011,6,14,11
7575,2011-06-14 11:28:00,2011,6,14,11
7576,2011-06-14 11:31:00,2011,6,14,11
7577,2011-06-14 11:33:00,2011,6,14,11
7578,2011-06-14 11:36:00,2011,6,14,11
7579,2011-06-14 11:41:00,2011,6,14,11
7580,2011-06-14 11:47:00,2011,6,14,11
7581,2011-06-14 11:53:00,2011,6,14,11
7582,2011-06-14 12:00:00,2011,6,14,12
7583,2011-06-14 12:06:00,2011,6,14,12
7584,2011-06-14 12:08:00,2011,6,14,12
7585,2011-06-14 12:09:00,2011,6,14,12
7586,2011-06-14 12:17:00,2011,6,14,12
7587,2011-06-14 12:21:00,2011,6,14,12
7588,2011-06-14 12:24:00,2011,6,14,12
7589,2011-06-14 12:31:00,2011,6,14,12
7590,2011-06-14 12:41:00,2011,6,14,12
7591,2011-06-14 12:45:00,2011,6,14,12
7592,2011-06-14 12:46:00,2011,6,14,12
7593,2011-06-14 12:47:00,2011,6,14,12
7594,2011-06-14 13:04:00,2011,6,14,13
7595,2011-06-14 13:15:00,2011,6,14,13
7596,2011-06-14 13:17:00,2011,6,14,13
7597,2011-06-14 13:18:00,2011,6,14,13
7598,2011-06-14 13:40:00,2011,6,14,13
7599,2011-06-14 13:48:00,2011,6,14,13
7600,2011-06-14 13:51:00,2011,6,14,13
7601,2011-06-14 13:52:00,2011,6,14,13
7602,2011-06-14 14:06:00,2011,6,14,14
7603,2011-06-14 14:29:00,2011,6,14,14
7604,2011-06-14 14:49:00,2011,6,14,14
7605,2011-06-14 15:14:00,2011,6,14,15
7606,2011-06-14 15:15:00,2011,6,14,15
7607,2011-06-14 15:16:00,2011,6,14,15
7608,2011-06-14 15:45:00,2011,6,14,15
7609,2011-06-14 16:48:00,2011,6,14,16
7610,2011-06-14 16:52:00,2011,6,14,16
7611,2011-06-15 08:34:00,2011,6,15,8
7612,2011-06-15 08:36:00,2011,6,15,8
7613,2011-06-15 09:01:00,2011,6,15,9
7614,2011-06-15 09:33:00,2011,6,15,9
7615,2011-06-15 10:21:00,2011,6,15,10
7616,2011-06-15 10:22:00,2011,6,15,10
7617,2011-06-15 10:29:00,2011,6,15,10
7618,2011-06-15 10:39:00,2011,6,15,10
7619,2011-06-15 10:51:00,2011,6,15,10
7620,2011-06-15 11:01:00,2011,6,15,11
7621,2011-06-15 11:27:00,2011,6,15,11
7622,2011-06-15 11:29:00,2011,6,15,11
7623,2011-06-15 11:30:00,2011,6,15,11
7624,2011-06-15 11:56:00,2011,6,15,11
7625,2011-06-15 12:01:00,2011,6,15,12
7626,2011-06-15 12:07:00,2011,6,15,12
7627,2011-06-15 12:15:00,2011,6,15,12
7628,2011-06-15 12:21:00,2011,6,15,12
7629,2011-06-15 12:24:00,2011,6,15,12
7630,2011-06-15 12:32:00,2011,6,15,12
7631,2011-06-15 12:34:00,2011,6,15,12
7632,2011-06-15 12:36:00,2011,6,15,12
7633,2011-06-15 12:39:00,2011,6,15,12
7634,2011-06-15 12:48:00,2011,6,15,12
7635,2011-06-15 12:50:00,2011,6,15,12
7636,2011-06-15 12:55:00,2011,6,15,12
7637,2011-06-15 13:05:00,2011,6,15,13
7638,2011-06-15 13:07:00,2011,6,15,13
7639,2011-06-15 13:23:00,2011,6,15,13
7640,2011-06-15 13:25:00,2011,6,15,13
7641,2011-06-15 13:26:00,2011,6,15,13
7642,2011-06-15 13:34:00,2011,6,15,13
7643,2011-06-15 13:35:00,2011,6,15,13
7644,2011-06-15 13:37:00,2011,6,15,13
7645,2011-06-15 13:50:00,2011,6,15,13
7646,2011-06-15 13:56:00,2011,6,15,13
7647,2011-06-15 14:26:00,2011,6,15,14
7648,2011-06-15 14:47:00,2011,6,15,14
7649,2011-06-15 14:48:00,2011,6,15,14
7650,2011-06-15 15:12:00,2011,6,15,15
7651,2011-06-15 15:35:00,2011,6,15,15
7652,2011-06-15 15:57:00,2011,6,15,15
7653,2011-06-15 16:05:00,2011,6,15,16
7654,2011-06-15 16:42:00,2011,6,15,16
7655,2011-06-16 08:16:00,2011,6,16,8
7656,2011-06-16 08:38:00,2011,6,16,8
7657,2011-06-16 09:04:00,2011,6,16,9
7658,2011-06-16 09:15:00,2011,6,16,9
7659,2011-06-16 09:17:00,2011,6,16,9
7660,2011-06-16 09:28:00,2011,6,16,9
7661,2011-06-16 09:34:00,2011,6,16,9
7662,2011-06-16 09:46:00,2011,6,16,9
7663,2011-06-16 09:49:00,2011,6,16,9
7664,2011-06-16 10:04:00,2011,6,16,10
7665,2011-06-16 10:09:00,2011,6,16,10
7666,2011-06-16 10:11:00,2011,6,16,10
7667,2011-06-16 10:18:00,2011,6,16,10
7668,2011-06-16 10:19:00,2011,6,16,10
7669,2011-06-16 10:23:00,2011,6,16,10
7670,2011-06-16 10:42:00,2011,6,16,10
7671,2011-06-16 10:48:00,2011,6,16,10
7672,2011-06-16 10:49:00,2011,6,16,10
7673,2011-06-16 11:24:00,2011,6,16,11
7674,2011-06-16 11:29:00,2011,6,16,11
7675,2011-06-16 11:30:00,2011,6,16,11
7676,2011-06-16 11:38:00,2011,6,16,11
7677,2011-06-16 11:48:00,2011,6,16,11
7678,2011-06-16 11:50:00,2011,6,16,11
7679,2011-06-16 11:51:00,2011,6,16,11
7680,2011-06-16 12:05:00,2011,6,16,12
7681,2011-06-16 12:10:00,2011,6,16,12
7682,2011-06-16 12:11:00,2011,6,16,12
7683,2011-06-16 12:29:00,2011,6,16,12
7684,2011-06-16 12:36:00,2011,6,16,12
7685,2011-06-16 12:45:00,2011,6,16,12
7686,2011-06-16 12:51:00,2011,6,16,12
7687,2011-06-16 12:55:00,2011,6,16,12
7688,2011-06-16 13:04:00,2011,6,16,13
7689,2011-06-16 13:14:00,2011,6,16,13
7690,2011-06-16 13:24:00,2011,6,16,13
7691,2011-06-16 13:46:00,2011,6,16,13
7692,2011-06-16 13:48:00,2011,6,16,13
7693,2011-06-16 13:50:00,2011,6,16,13
7694,2011-06-16 13:57:00,2011,6,16,13
7695,2011-06-16 14:22:00,2011,6,16,14
7696,2011-06-16 14:24:00,2011,6,16,14
7697,2011-06-16 14:26:00,2011,6,16,14
7698,2011-06-16 14:45:00,2011,6,16,14
7699,2011-06-16 14:46:00,2011,6,16,14
7700,2011-06-16 14:47:00,2011,6,16,14
7701,2011-06-16 15:01:00,2011,6,16,15
7702,2011-06-16 15:07:00,2011,6,16,15
7703,2011-06-16 15:08:00,2011,6,16,15
7704,2011-06-16 15:10:00,2011,6,16,15
7705,2011-06-16 15:12:00,2011,6,16,15
7706,2011-06-16 15:17:00,2011,6,16,15
7707,2011-06-16 15:22:00,2011,6,16,15
7708,2011-06-16 15:28:00,2011,6,16,15
7709,2011-06-16 15:36:00,2011,6,16,15
7710,2011-06-16 15:39:00,2011,6,16,15
7711,2011-06-16 15:47:00,2011,6,16,15
7712,2011-06-16 15:49:00,2011,6,16,15
7713,2011-06-16 16:06:00,2011,6,16,16
7714,2011-06-16 16:26:00,2011,6,16,16
7715,2011-06-16 16:39:00,2011,6,16,16
7716,2011-06-16 16:43:00,2011,6,16,16
7717,2011-06-16 16:47:00,2011,6,16,16
7718,2011-06-16 16:57:00,2011,6,16,16
7719,2011-06-16 17:04:00,2011,6,16,17
7720,2011-06-16 17:05:00,2011,6,16,17
7721,2011-06-16 17:08:00,2011,6,16,17
7722,2011-06-16 17:12:00,2011,6,16,17
7723,2011-06-16 17:35:00,2011,6,16,17
7724,2011-06-16 17:37:00,2011,6,16,17
7725,2011-06-16 17:56:00,2011,6,16,17
7726,2011-06-16 18:19:00,2011,6,16,18
7727,2011-06-16 18:40:00,2011,6,16,18
7728,2011-06-16 19:21:00,2011,6,16,19
7729,2011-06-16 19:40:00,2011,6,16,19
7730,2011-06-16 19:49:00,2011,6,16,19
7731,2011-06-16 19:59:00,2011,6,16,19
7732,2011-06-17 08:09:00,2011,6,17,8
7733,2011-06-17 08:52:00,2011,6,17,8
7734,2011-06-17 08:57:00,2011,6,17,8
7735,2011-06-17 09:11:00,2011,6,17,9
7736,2011-06-17 09:12:00,2011,6,17,9
7737,2011-06-17 09:23:00,2011,6,17,9
7738,2011-06-17 09:54:00,2011,6,17,9
7739,2011-06-17 10:12:00,2011,6,17,10
7740,2011-06-17 10:17:00,2011,6,17,10
7741,2011-06-17 10:43:00,2011,6,17,10
7742,2011-06-17 10:44:00,2011,6,17,10
7743,2011-06-17 10:51:00,2011,6,17,10
7744,2011-06-17 11:01:00,2011,6,17,11
7745,2011-06-17 11:02:00,2011,6,17,11
7746,2011-06-17 11:06:00,2011,6,17,11
7747,2011-06-17 11:07:00,2011,6,17,11
7748,2011-06-17 11:38:00,2011,6,17,11
7749,2011-06-17 11:49:00,2011,6,17,11
7750,2011-06-17 12:06:00,2011,6,17,12
7751,2011-06-17 12:16:00,2011,6,17,12
7752,2011-06-17 12:20:00,2011,6,17,12
7753,2011-06-17 12:22:00,2011,6,17,12
7754,2011-06-17 12:23:00,2011,6,17,12
7755,2011-06-17 12:30:00,2011,6,17,12
7756,2011-06-17 12:31:00,2011,6,17,12
7757,2011-06-17 12:39:00,2011,6,17,12
7758,2011-06-17 12:40:00,2011,6,17,12
7759,2011-06-17 13:01:00,2011,6,17,13
7760,2011-06-17 13:14:00,2011,6,17,13
7761,2011-06-17 13:17:00,2011,6,17,13
7762,2011-06-17 13:37:00,2011,6,17,13
7763,2011-06-17 13:39:00,2011,6,17,13
7764,2011-06-17 13:40:00,2011,6,17,13
7765,2011-06-17 13:42:00,2011,6,17,13
7766,2011-06-17 13:57:00,2011,6,17,13
7767,2011-06-17 14:28:00,2011,6,17,14
7768,2011-06-17 14:44:00,2011,6,17,14
7769,2011-06-17 14:45:00,2011,6,17,14
7770,2011-06-17 14:46:00,2011,6,17,14
7771,2011-06-17 15:09:00,2011,6,17,15
7772,2011-06-17 15:22:00,2011,6,17,15
7773,2011-06-17 15:59:00,2011,6,17,15
7774,2011-06-17 16:07:00,2011,6,17,16
7775,2011-06-17 16:23:00,2011,6,17,16
7776,2011-06-19 10:11:00,2011,6,19,10
7777,2011-06-19 10:20:00,2011,6,19,10
7778,2011-06-19 10:34:00,2011,6,19,10
7779,2011-06-19 10:35:00,2011,6,19,10
7780,2011-06-19 10:38:00,2011,6,19,10
7781,2011-06-19 10:39:00,2011,6,19,10
7782,2011-06-19 10:53:00,2011,6,19,10
7783,2011-06-19 10:55:00,2011,6,19,10
7784,2011-06-19 11:08:00,2011,6,19,11
7785,2011-06-19 11:09:00,2011,6,19,11
7786,2011-06-19 11:10:00,2011,6,19,11
7787,2011-06-19 11:14:00,2011,6,19,11
7788,2011-06-19 11:23:00,2011,6,19,11
7789,2011-06-19 11:26:00,2011,6,19,11
7790,2011-06-19 11:36:00,2011,6,19,11
7791,2011-06-19 11:41:00,2011,6,19,11
7792,2011-06-19 11:42:00,2011,6,19,11
7793,2011-06-19 11:44:00,2011,6,19,11
7794,2011-06-19 11:45:00,2011,6,19,11
7795,2011-06-19 12:05:00,2011,6,19,12
7796,2011-06-19 12:06:00,2011,6,19,12
7797,2011-06-19 12:08:00,2011,6,19,12
7798,2011-06-19 12:10:00,2011,6,19,12
7799,2011-06-19 12:19:00,2011,6,19,12
7800,2011-06-19 12:23:00,2011,6,19,12
7801,2011-06-19 12:26:00,2011,6,19,12
7802,2011-06-19 12:29:00,2011,6,19,12
7803,2011-06-19 12:31:00,2011,6,19,12
7804,2011-06-19 12:36:00,2011,6,19,12
7805,2011-06-19 12:47:00,2011,6,19,12
7806,2011-06-19 12:58:00,2011,6,19,12
7807,2011-06-19 13:01:00,2011,6,19,13
7808,2011-06-19 13:06:00,2011,6,19,13
7809,2011-06-19 13:26:00,2011,6,19,13
7810,2011-06-19 13:28:00,2011,6,19,13
7811,2011-06-19 13:37:00,2011,6,19,13
7812,2011-06-19 13:51:00,2011,6,19,13
7813,2011-06-19 13:54:00,2011,6,19,13
7814,2011-06-19 13:55:00,2011,6,19,13
7815,2011-06-19 13:56:00,2011,6,19,13
7816,2011-06-19 14:08:00,2011,6,19,14
7817,2011-06-19 14:15:00,2011,6,19,14
7818,2011-06-19 14:36:00,2011,6,19,14
7819,2011-06-19 14:40:00,2011,6,19,14
7820,2011-06-19 14:42:00,2011,6,19,14
7821,2011-06-19 14:47:00,2011,6,19,14
7822,2011-06-19 14:56:00,2011,6,19,14
7823,2011-06-19 15:13:00,2011,6,19,15
7824,2011-06-19 15:15:00,2011,6,19,15
7825,2011-06-19 15:33:00,2011,6,19,15
7826,2011-06-19 15:36:00,2011,6,19,15
7827,2011-06-19 15:47:00,2011,6,19,15
7828,2011-06-19 15:56:00,2011,6,19,15
7829,2011-06-19 15:59:00,2011,6,19,15
7830,2011-06-19 16:02:00,2011,6,19,16
7831,2011-06-19 16:04:00,2011,6,19,16
7832,2011-06-19 16:07:00,2011,6,19,16
7833,2011-06-19 16:11:00,2011,6,19,16
7834,2011-06-20 08:23:00,2011,6,20,8
7835,2011-06-20 08:50:00,2011,6,20,8
7836,2011-06-20 09:04:00,2011,6,20,9
7837,2011-06-20 09:44:00,2011,6,20,9
7838,2011-06-20 09:50:00,2011,6,20,9
7839,2011-06-20 09:53:00,2011,6,20,9
7840,2011-06-20 10:13:00,2011,6,20,10
7841,2011-06-20 10:20:00,2011,6,20,10
7842,2011-06-20 10:21:00,2011,6,20,10
7843,2011-06-20 10:25:00,2011,6,20,10
7844,2011-06-20 10:34:00,2011,6,20,10
7845,2011-06-20 10:41:00,2011,6,20,10
7846,2011-06-20 10:42:00,2011,6,20,10
7847,2011-06-20 11:03:00,2011,6,20,11
7848,2011-06-20 11:23:00,2011,6,20,11
7849,2011-06-20 11:30:00,2011,6,20,11
7850,2011-06-20 11:33:00,2011,6,20,11
7851,2011-06-20 11:34:00,2011,6,20,11
7852,2011-06-20 11:36:00,2011,6,20,11
7853,2011-06-20 11:42:00,2011,6,20,11
7854,2011-06-20 11:49:00,2011,6,20,11
7855,2011-06-20 12:06:00,2011,6,20,12
7856,2011-06-20 12:14:00,2011,6,20,12
7857,2011-06-20 12:24:00,2011,6,20,12
7858,2011-06-20 12:26:00,2011,6,20,12
7859,2011-06-20 12:27:00,2011,6,20,12
7860,2011-06-20 12:37:00,2011,6,20,12
7861,2011-06-20 12:53:00,2011,6,20,12
7862,2011-06-20 13:06:00,2011,6,20,13
7863,2011-06-20 13:08:00,2011,6,20,13
7864,2011-06-20 13:14:00,2011,6,20,13
7865,2011-06-20 13:18:00,2011,6,20,13
7866,2011-06-20 13:21:00,2011,6,20,13
7867,2011-06-20 13:27:00,2011,6,20,13
7868,2011-06-20 13:28:00,2011,6,20,13
7869,2011-06-20 13:29:00,2011,6,20,13
7870,2011-06-20 13:41:00,2011,6,20,13
7871,2011-06-20 13:44:00,2011,6,20,13
7872,2011-06-20 14:17:00,2011,6,20,14
7873,2011-06-20 14:36:00,2011,6,20,14
7874,2011-06-20 14:38:00,2011,6,20,14
7875,2011-06-20 14:48:00,2011,6,20,14
7876,2011-06-20 14:58:00,2011,6,20,14
7877,2011-06-20 15:06:00,2011,6,20,15
7878,2011-06-20 15:08:00,2011,6,20,15
7879,2011-06-20 15:22:00,2011,6,20,15
7880,2011-06-20 15:25:00,2011,6,20,15
7881,2011-06-20 15:47:00,2011,6,20,15
7882,2011-06-20 15:48:00,2011,6,20,15
7883,2011-06-20 16:18:00,2011,6,20,16
7884,2011-06-20 16:19:00,2011,6,20,16
7885,2011-06-20 16:53:00,2011,6,20,16
7886,2011-06-20 16:58:00,2011,6,20,16
7887,2011-06-20 17:09:00,2011,6,20,17
7888,2011-06-20 17:14:00,2011,6,20,17
7889,2011-06-21 08:27:00,2011,6,21,8
7890,2011-06-21 09:18:00,2011,6,21,9
7891,2011-06-21 09:26:00,2011,6,21,9
7892,2011-06-21 09:30:00,2011,6,21,9
7893,2011-06-21 09:44:00,2011,6,21,9
7894,2011-06-21 09:49:00,2011,6,21,9
7895,2011-06-21 09:58:00,2011,6,21,9
7896,2011-06-21 10:37:00,2011,6,21,10
7897,2011-06-21 10:40:00,2011,6,21,10
7898,2011-06-21 10:46:00,2011,6,21,10
7899,2011-06-21 10:48:00,2011,6,21,10
7900,2011-06-21 10:53:00,2011,6,21,10
7901,2011-06-21 10:55:00,2011,6,21,10
7902,2011-06-21 10:56:00,2011,6,21,10
7903,2011-06-21 11:02:00,2011,6,21,11
7904,2011-06-21 11:07:00,2011,6,21,11
7905,2011-06-21 11:19:00,2011,6,21,11
7906,2011-06-21 11:33:00,2011,6,21,11
7907,2011-06-21 11:47:00,2011,6,21,11
7908,2011-06-21 11:57:00,2011,6,21,11
7909,2011-06-21 12:02:00,2011,6,21,12
7910,2011-06-21 12:03:00,2011,6,21,12
7911,2011-06-21 12:06:00,2011,6,21,12
7912,2011-06-21 12:35:00,2011,6,21,12
7913,2011-06-21 12:40:00,2011,6,21,12
7914,2011-06-21 13:22:00,2011,6,21,13
7915,2011-06-21 13:24:00,2011,6,21,13
7916,2011-06-21 13:25:00,2011,6,21,13
7917,2011-06-21 13:37:00,2011,6,21,13
7918,2011-06-21 13:38:00,2011,6,21,13
7919,2011-06-21 13:58:00,2011,6,21,13
7920,2011-06-21 14:00:00,2011,6,21,14
7921,2011-06-21 14:15:00,2011,6,21,14
7922,2011-06-21 14:23:00,2011,6,21,14
7923,2011-06-21 14:29:00,2011,6,21,14
7924,2011-06-21 14:30:00,2011,6,21,14
7925,2011-06-21 14:31:00,2011,6,21,14
7926,2011-06-21 14:53:00,2011,6,21,14
7927,2011-06-21 15:01:00,2011,6,21,15
7928,2011-06-21 15:07:00,2011,6,21,15
7929,2011-06-21 15:13:00,2011,6,21,15
7930,2011-06-21 15:24:00,2011,6,21,15
7931,2011-06-21 15:27:00,2011,6,21,15
7932,2011-06-21 15:41:00,2011,6,21,15
7933,2011-06-21 16:13:00,2011,6,21,16
7934,2011-06-21 17:51:00,2011,6,21,17
7935,2011-06-22 08:30:00,2011,6,22,8
7936,2011-06-22 09:02:00,2011,6,22,9
7937,2011-06-22 09:43:00,2011,6,22,9
7938,2011-06-22 10:11:00,2011,6,22,10
7939,2011-06-22 10:13:00,2011,6,22,10
7940,2011-06-22 10:15:00,2011,6,22,10
7941,2011-06-22 10:19:00,2011,6,22,10
7942,2011-06-22 10:28:00,2011,6,22,10
7943,2011-06-22 10:31:00,2011,6,22,10
7944,2011-06-22 11:20:00,2011,6,22,11
7945,2011-06-22 11:30:00,2011,6,22,11
7946,2011-06-22 11:35:00,2011,6,22,11
7947,2011-06-22 11:43:00,2011,6,22,11
7948,2011-06-22 11:46:00,2011,6,22,11
7949,2011-06-22 11:59:00,2011,6,22,11
7950,2011-06-22 12:09:00,2011,6,22,12
7951,2011-06-22 12:16:00,2011,6,22,12
7952,2011-06-22 12:24:00,2011,6,22,12
7953,2011-06-22 12:25:00,2011,6,22,12
7954,2011-06-22 12:32:00,2011,6,22,12
7955,2011-06-22 12:44:00,2011,6,22,12
7956,2011-06-22 12:50:00,2011,6,22,12
7957,2011-06-22 12:56:00,2011,6,22,12
7958,2011-06-22 12:57:00,2011,6,22,12
7959,2011-06-22 13:00:00,2011,6,22,13
7960,2011-06-22 13:12:00,2011,6,22,13
7961,2011-06-22 13:14:00,2011,6,22,13
7962,2011-06-22 13:28:00,2011,6,22,13
7963,2011-06-22 13:52:00,2011,6,22,13
7964,2011-06-22 13:57:00,2011,6,22,13
7965,2011-06-22 13:59:00,2011,6,22,13
7966,2011-06-22 14:01:00,2011,6,22,14
7967,2011-06-22 14:10:00,2011,6,22,14
7968,2011-06-22 14:21:00,2011,6,22,14
7969,2011-06-22 14:23:00,2011,6,22,14
7970,2011-06-22 14:24:00,2011,6,22,14
7971,2011-06-22 14:38:00,2011,6,22,14
7972,2011-06-22 14:41:00,2011,6,22,14
7973,2011-06-22 14:43:00,2011,6,22,14
7974,2011-06-22 14:47:00,2011,6,22,14
7975,2011-06-22 15:00:00,2011,6,22,15
7976,2011-06-22 15:06:00,2011,6,22,15
7977,2011-06-22 15:07:00,2011,6,22,15
7978,2011-06-22 15:30:00,2011,6,22,15
7979,2011-06-22 15:41:00,2011,6,22,15
7980,2011-06-22 15:43:00,2011,6,22,15
7981,2011-06-22 15:50:00,2011,6,22,15
7982,2011-06-22 16:01:00,2011,6,22,16
7983,2011-06-22 16:16:00,2011,6,22,16
7984,2011-06-22 16:32:00,2011,6,22,16
7985,2011-06-22 16:33:00,2011,6,22,16
7986,2011-06-22 16:44:00,2011,6,22,16
7987,2011-06-22 17:30:00,2011,6,22,17
7988,2011-06-23 09:08:00,2011,6,23,9
7989,2011-06-23 09:14:00,2011,6,23,9
7990,2011-06-23 09:15:00,2011,6,23,9
7991,2011-06-23 09:22:00,2011,6,23,9
7992,2011-06-23 09:38:00,2011,6,23,9
7993,2011-06-23 09:53:00,2011,6,23,9
7994,2011-06-23 09:56:00,2011,6,23,9
7995,2011-06-23 10:14:00,2011,6,23,10
7996,2011-06-23 10:15:00,2011,6,23,10
7997,2011-06-23 10:20:00,2011,6,23,10
7998,2011-06-23 10:24:00,2011,6,23,10
7999,2011-06-23 10:27:00,2011,6,23,10
8000,2011-06-23 10:44:00,2011,6,23,10
8001,2011-06-23 10:52:00,2011,6,23,10
8002,2011-06-23 10:56:00,2011,6,23,10
8003,2011-06-23 10:57:00,2011,6,23,10
8004,2011-06-23 11:01:00,2011,6,23,11
8005,2011-06-23 11:38:00,2011,6,23,11
8006,2011-06-23 11:46:00,2011,6,23,11
8007,2011-06-23 11:47:00,2011,6,23,11
8008,2011-06-23 11:50:00,2011,6,23,11
8009,2011-06-23 11:51:00,2011,6,23,11
8010,2011-06-23 11:55:00,2011,6,23,11
8011,2011-06-23 11:58:00,2011,6,23,11
8012,2011-06-23 12:13:00,2011,6,23,12
8013,2011-06-23 12:19:00,2011,6,23,12
8014,2011-06-23 12:21:00,2011,6,23,12
8015,2011-06-23 12:36:00,2011,6,23,12
8016,2011-06-23 12:41:00,2011,6,23,12
8017,2011-06-23 12:42:00,2011,6,23,12
8018,2011-06-23 12:51:00,2011,6,23,12
8019,2011-06-23 13:09:00,2011,6,23,13
8020,2011-06-23 13:13:00,2011,6,23,13
8021,2011-06-23 13:16:00,2011,6,23,13
8022,2011-06-23 13:22:00,2011,6,23,13
8023,2011-06-23 13:35:00,2011,6,23,13
8024,2011-06-23 13:37:00,2011,6,23,13
8025,2011-06-23 13:39:00,2011,6,23,13
8026,2011-06-23 13:41:00,2011,6,23,13
8027,2011-06-23 13:51:00,2011,6,23,13
8028,2011-06-23 14:05:00,2011,6,23,14
8029,2011-06-23 14:11:00,2011,6,23,14
8030,2011-06-23 14:12:00,2011,6,23,14
8031,2011-06-23 14:13:00,2011,6,23,14
8032,2011-06-23 14:22:00,2011,6,23,14
8033,2011-06-23 14:25:00,2011,6,23,14
8034,2011-06-23 14:35:00,2011,6,23,14
8035,2011-06-23 14:36:00,2011,6,23,14
8036,2011-06-23 15:07:00,2011,6,23,15
8037,2011-06-23 15:26:00,2011,6,23,15
8038,2011-06-23 15:44:00,2011,6,23,15
8039,2011-06-23 15:48:00,2011,6,23,15
8040,2011-06-23 16:02:00,2011,6,23,16
8041,2011-06-23 16:35:00,2011,6,23,16
8042,2011-06-23 17:20:00,2011,6,23,17
8043,2011-06-23 17:35:00,2011,6,23,17
8044,2011-06-23 17:53:00,2011,6,23,17
8045,2011-06-23 18:33:00,2011,6,23,18
8046,2011-06-23 18:42:00,2011,6,23,18
8047,2011-06-23 18:44:00,2011,6,23,18
8048,2011-06-23 18:59:00,2011,6,23,18
8049,2011-06-23 19:20:00,2011,6,23,19
8050,2011-06-23 19:27:00,2011,6,23,19
8051,2011-06-23 19:29:00,2011,6,23,19
8052,2011-06-23 19:46:00,2011,6,23,19
8053,2011-06-24 08:40:00,2011,6,24,8
8054,2011-06-24 09:22:00,2011,6,24,9
8055,2011-06-24 09:24:00,2011,6,24,9
8056,2011-06-24 09:27:00,2011,6,24,9
8057,2011-06-24 09:38:00,2011,6,24,9
8058,2011-06-24 09:40:00,2011,6,24,9
8059,2011-06-24 09:43:00,2011,6,24,9
8060,2011-06-24 10:03:00,2011,6,24,10
8061,2011-06-24 10:11:00,2011,6,24,10
8062,2011-06-24 10:16:00,2011,6,24,10
8063,2011-06-24 10:26:00,2011,6,24,10
8064,2011-06-24 10:31:00,2011,6,24,10
8065,2011-06-24 10:33:00,2011,6,24,10
8066,2011-06-24 10:44:00,2011,6,24,10
8067,2011-06-24 10:47:00,2011,6,24,10
8068,2011-06-24 11:08:00,2011,6,24,11
8069,2011-06-24 11:39:00,2011,6,24,11
8070,2011-06-24 12:00:00,2011,6,24,12
8071,2011-06-24 12:14:00,2011,6,24,12
8072,2011-06-24 12:30:00,2011,6,24,12
8073,2011-06-24 12:43:00,2011,6,24,12
8074,2011-06-24 12:44:00,2011,6,24,12
8075,2011-06-24 12:51:00,2011,6,24,12
8076,2011-06-24 13:20:00,2011,6,24,13
8077,2011-06-24 13:26:00,2011,6,24,13
8078,2011-06-24 13:28:00,2011,6,24,13
8079,2011-06-24 13:29:00,2011,6,24,13
8080,2011-06-24 13:35:00,2011,6,24,13
8081,2011-06-24 14:16:00,2011,6,24,14
8082,2011-06-24 14:33:00,2011,6,24,14
8083,2011-06-24 14:36:00,2011,6,24,14
8084,2011-06-24 14:54:00,2011,6,24,14
8085,2011-06-24 14:57:00,2011,6,24,14
8086,2011-06-24 15:00:00,2011,6,24,15
8087,2011-06-24 15:17:00,2011,6,24,15
8088,2011-06-24 15:28:00,2011,6,24,15
8089,2011-06-24 15:33:00,2011,6,24,15
8090,2011-06-24 15:51:00,2011,6,24,15
8091,2011-06-24 15:59:00,2011,6,24,15
8092,2011-06-24 16:21:00,2011,6,24,16
8093,2011-06-24 16:38:00,2011,6,24,16
8094,2011-06-24 17:07:00,2011,6,24,17
8095,2011-06-24 17:35:00,2011,6,24,17
8096,2011-06-26 10:59:00,2011,6,26,10
8097,2011-06-26 11:00:00,2011,6,26,11
8098,2011-06-26 11:01:00,2011,6,26,11
8099,2011-06-26 11:47:00,2011,6,26,11
8100,2011-06-26 11:53:00,2011,6,26,11
8101,2011-06-26 11:58:00,2011,6,26,11
8102,2011-06-26 11:59:00,2011,6,26,11
8103,2011-06-26 12:04:00,2011,6,26,12
8104,2011-06-26 12:36:00,2011,6,26,12
8105,2011-06-26 12:51:00,2011,6,26,12
8106,2011-06-26 12:54:00,2011,6,26,12
8107,2011-06-26 13:00:00,2011,6,26,13
8108,2011-06-26 13:04:00,2011,6,26,13
8109,2011-06-26 13:24:00,2011,6,26,13
8110,2011-06-26 13:31:00,2011,6,26,13
8111,2011-06-26 13:45:00,2011,6,26,13
8112,2011-06-26 13:46:00,2011,6,26,13
8113,2011-06-26 13:56:00,2011,6,26,13
8114,2011-06-26 14:06:00,2011,6,26,14
8115,2011-06-26 14:08:00,2011,6,26,14
8116,2011-06-26 14:28:00,2011,6,26,14
8117,2011-06-26 14:54:00,2011,6,26,14
8118,2011-06-26 15:09:00,2011,6,26,15
8119,2011-06-26 15:35:00,2011,6,26,15
8120,2011-06-26 15:36:00,2011,6,26,15
8121,2011-06-26 16:06:00,2011,6,26,16
8122,2011-06-27 08:48:00,2011,6,27,8
8123,2011-06-27 08:49:00,2011,6,27,8
8124,2011-06-27 08:50:00,2011,6,27,8
8125,2011-06-27 09:34:00,2011,6,27,9
8126,2011-06-27 09:35:00,2011,6,27,9
8127,2011-06-27 10:16:00,2011,6,27,10
8128,2011-06-27 10:17:00,2011,6,27,10
8129,2011-06-27 10:20:00,2011,6,27,10
8130,2011-06-27 10:29:00,2011,6,27,10
8131,2011-06-27 10:42:00,2011,6,27,10
8132,2011-06-27 11:50:00,2011,6,27,11
8133,2011-06-27 12:01:00,2011,6,27,12
8134,2011-06-27 12:11:00,2011,6,27,12
8135,2011-06-27 12:13:00,2011,6,27,12
8136,2011-06-27 12:16:00,2011,6,27,12
8137,2011-06-27 12:23:00,2011,6,27,12
8138,2011-06-27 12:25:00,2011,6,27,12
8139,2011-06-27 12:28:00,2011,6,27,12
8140,2011-06-27 12:32:00,2011,6,27,12
8141,2011-06-27 12:38:00,2011,6,27,12
8142,2011-06-27 12:45:00,2011,6,27,12
8143,2011-06-27 12:49:00,2011,6,27,12
8144,2011-06-27 12:58:00,2011,6,27,12
8145,2011-06-27 13:00:00,2011,6,27,13
8146,2011-06-27 13:12:00,2011,6,27,13
8147,2011-06-27 13:51:00,2011,6,27,13
8148,2011-06-27 13:58:00,2011,6,27,13
8149,2011-06-27 14:30:00,2011,6,27,14
8150,2011-06-27 14:36:00,2011,6,27,14
8151,2011-06-27 14:37:00,2011,6,27,14
8152,2011-06-27 14:41:00,2011,6,27,14
8153,2011-06-27 15:04:00,2011,6,27,15
8154,2011-06-27 15:28:00,2011,6,27,15
8155,2011-06-27 16:46:00,2011,6,27,16
8156,2011-06-27 16:48:00,2011,6,27,16
8157,2011-06-28 08:19:00,2011,6,28,8
8158,2011-06-28 08:38:00,2011,6,28,8
8159,2011-06-28 08:39:00,2011,6,28,8
8160,2011-06-28 08:45:00,2011,6,28,8
8161,2011-06-28 08:50:00,2011,6,28,8
8162,2011-06-28 09:10:00,2011,6,28,9
8163,2011-06-28 10:06:00,2011,6,28,10
8164,2011-06-28 10:17:00,2011,6,28,10
8165,2011-06-28 10:18:00,2011,6,28,10
8166,2011-06-28 10:31:00,2011,6,28,10
8167,2011-06-28 10:37:00,2011,6,28,10
8168,2011-06-28 10:38:00,2011,6,28,10
8169,2011-06-28 11:20:00,2011,6,28,11
8170,2011-06-28 11:22:00,2011,6,28,11
8171,2011-06-28 11:38:00,2011,6,28,11
8172,2011-06-28 11:44:00,2011,6,28,11
8173,2011-06-28 11:46:00,2011,6,28,11
8174,2011-06-28 11:56:00,2011,6,28,11
8175,2011-06-28 12:09:00,2011,6,28,12
8176,2011-06-28 12:16:00,2011,6,28,12
8177,2011-06-28 12:21:00,2011,6,28,12
8178,2011-06-28 13:09:00,2011,6,28,13
8179,2011-06-28 13:10:00,2011,6,28,13
8180,2011-06-28 13:11:00,2011,6,28,13
8181,2011-06-28 13:16:00,2011,6,28,13
8182,2011-06-28 13:17:00,2011,6,28,13
8183,2011-06-28 13:36:00,2011,6,28,13
8184,2011-06-28 13:55:00,2011,6,28,13
8185,2011-06-28 14:20:00,2011,6,28,14
8186,2011-06-28 14:50:00,2011,6,28,14
8187,2011-06-28 14:51:00,2011,6,28,14
8188,2011-06-28 14:52:00,2011,6,28,14
8189,2011-06-28 14:54:00,2011,6,28,14
8190,2011-06-28 14:55:00,2011,6,28,14
8191,2011-06-28 14:58:00,2011,6,28,14
8192,2011-06-28 15:05:00,2011,6,28,15
8193,2011-06-28 15:14:00,2011,6,28,15
8194,2011-06-28 15:15:00,2011,6,28,15
8195,2011-06-28 15:28:00,2011,6,28,15
8196,2011-06-28 15:30:00,2011,6,28,15
8197,2011-06-28 15:31:00,2011,6,28,15
8198,2011-06-28 15:36:00,2011,6,28,15
8199,2011-06-28 15:44:00,2011,6,28,15
8200,2011-06-28 15:47:00,2011,6,28,15
8201,2011-06-28 16:02:00,2011,6,28,16
8202,2011-06-28 16:03:00,2011,6,28,16
8203,2011-06-28 17:01:00,2011,6,28,17
8204,2011-06-28 17:28:00,2011,6,28,17
8205,2011-06-29 08:58:00,2011,6,29,8
8206,2011-06-29 09:09:00,2011,6,29,9
8207,2011-06-29 09:13:00,2011,6,29,9
8208,2011-06-29 09:32:00,2011,6,29,9
8209,2011-06-29 09:58:00,2011,6,29,9
8210,2011-06-29 10:18:00,2011,6,29,10
8211,2011-06-29 10:23:00,2011,6,29,10
8212,2011-06-29 10:50:00,2011,6,29,10
8213,2011-06-29 11:35:00,2011,6,29,11
8214,2011-06-29 11:41:00,2011,6,29,11
8215,2011-06-29 11:46:00,2011,6,29,11
8216,2011-06-29 11:47:00,2011,6,29,11
8217,2011-06-29 12:12:00,2011,6,29,12
8218,2011-06-29 12:15:00,2011,6,29,12
8219,2011-06-29 12:16:00,2011,6,29,12
8220,2011-06-29 12:37:00,2011,6,29,12
8221,2011-06-29 12:46:00,2011,6,29,12
8222,2011-06-29 12:53:00,2011,6,29,12
8223,2011-06-29 12:59:00,2011,6,29,12
8224,2011-06-29 13:10:00,2011,6,29,13
8225,2011-06-29 13:20:00,2011,6,29,13
8226,2011-06-29 13:40:00,2011,6,29,13
8227,2011-06-29 13:51:00,2011,6,29,13
8228,2011-06-29 13:58:00,2011,6,29,13
8229,2011-06-29 13:59:00,2011,6,29,13
8230,2011-06-29 14:17:00,2011,6,29,14
8231,2011-06-29 14:20:00,2011,6,29,14
8232,2011-06-29 14:53:00,2011,6,29,14
8233,2011-06-29 15:03:00,2011,6,29,15
8234,2011-06-29 15:11:00,2011,6,29,15
8235,2011-06-29 15:22:00,2011,6,29,15
8236,2011-06-29 15:33:00,2011,6,29,15
8237,2011-06-29 15:40:00,2011,6,29,15
8238,2011-06-29 15:41:00,2011,6,29,15
8239,2011-06-29 15:42:00,2011,6,29,15
8240,2011-06-29 16:07:00,2011,6,29,16
8241,2011-06-29 16:44:00,2011,6,29,16
8242,2011-06-30 08:17:00,2011,6,30,8
8243,2011-06-30 09:02:00,2011,6,30,9
8244,2011-06-30 09:56:00,2011,6,30,9
8245,2011-06-30 09:59:00,2011,6,30,9
8246,2011-06-30 10:09:00,2011,6,30,10
8247,2011-06-30 10:19:00,2011,6,30,10
8248,2011-06-30 10:44:00,2011,6,30,10
8249,2011-06-30 10:52:00,2011,6,30,10
8250,2011-06-30 11:01:00,2011,6,30,11
8251,2011-06-30 11:02:00,2011,6,30,11
8252,2011-06-30 11:22:00,2011,6,30,11
8253,2011-06-30 11:32:00,2011,6,30,11
8254,2011-06-30 11:49:00,2011,6,30,11
8255,2011-06-30 11:54:00,2011,6,30,11
8256,2011-06-30 12:04:00,2011,6,30,12
8257,2011-06-30 12:06:00,2011,6,30,12
8258,2011-06-30 12:12:00,2011,6,30,12
8259,2011-06-30 12:14:00,2011,6,30,12
8260,2011-06-30 12:15:00,2011,6,30,12
8261,2011-06-30 12:23:00,2011,6,30,12
8262,2011-06-30 12:42:00,2011,6,30,12
8263,2011-06-30 12:50:00,2011,6,30,12
8264,2011-06-30 13:03:00,2011,6,30,13
8265,2011-06-30 13:14:00,2011,6,30,13
8266,2011-06-30 13:17:00,2011,6,30,13
8267,2011-06-30 13:23:00,2011,6,30,13
8268,2011-06-30 13:25:00,2011,6,30,13
8269,2011-06-30 13:28:00,2011,6,30,13
8270,2011-06-30 13:43:00,2011,6,30,13
8271,2011-06-30 13:45:00,2011,6,30,13
8272,2011-06-30 13:58:00,2011,6,30,13
8273,2011-06-30 14:37:00,2011,6,30,14
8274,2011-06-30 14:38:00,2011,6,30,14
8275,2011-06-30 14:46:00,2011,6,30,14
8276,2011-06-30 14:47:00,2011,6,30,14
8277,2011-06-30 14:48:00,2011,6,30,14
8278,2011-06-30 15:30:00,2011,6,30,15
8279,2011-06-30 15:35:00,2011,6,30,15
8280,2011-06-30 15:40:00,2011,6,30,15
8281,2011-06-30 15:46:00,2011,6,30,15
8282,2011-06-30 16:22:00,2011,6,30,16
8283,2011-06-30 16:28:00,2011,6,30,16
8284,2011-06-30 16:39:00,2011,6,30,16
8285,2011-06-30 16:43:00,2011,6,30,16
8286,2011-06-30 16:51:00,2011,6,30,16
8287,2011-06-30 16:52:00,2011,6,30,16
8288,2011-06-30 17:16:00,2011,6,30,17
8289,2011-06-30 17:29:00,2011,6,30,17
8290,2011-06-30 17:34:00,2011,6,30,17
8291,2011-06-30 17:40:00,2011,6,30,17
8292,2011-06-30 17:59:00,2011,6,30,17
8293,2011-06-30 18:04:00,2011,6,30,18
8294,2011-06-30 18:07:00,2011,6,30,18
8295,2011-06-30 18:17:00,2011,6,30,18
8296,2011-06-30 18:44:00,2011,6,30,18
8297,2011-06-30 19:13:00,2011,6,30,19
8298,2011-06-30 19:27:00,2011,6,30,19
8299,2011-06-30 19:52:00,2011,6,30,19
8300,2011-06-30 19:58:00,2011,6,30,19
8301,2011-06-30 20:08:00,2011,6,30,20
8302,2011-07-01 08:16:00,2011,7,1,8
8303,2011-07-01 08:55:00,2011,7,1,8
8304,2011-07-01 08:58:00,2011,7,1,8
8305,2011-07-01 09:19:00,2011,7,1,9
8306,2011-07-01 09:47:00,2011,7,1,9
8307,2011-07-01 09:51:00,2011,7,1,9
8308,2011-07-01 10:16:00,2011,7,1,10
8309,2011-07-01 10:39:00,2011,7,1,10
8310,2011-07-01 10:40:00,2011,7,1,10
8311,2011-07-01 10:47:00,2011,7,1,10
8312,2011-07-01 10:58:00,2011,7,1,10
8313,2011-07-01 11:29:00,2011,7,1,11
8314,2011-07-01 11:32:00,2011,7,1,11
8315,2011-07-01 11:33:00,2011,7,1,11
8316,2011-07-01 11:43:00,2011,7,1,11
8317,2011-07-01 12:09:00,2011,7,1,12
8318,2011-07-01 12:17:00,2011,7,1,12
8319,2011-07-01 12:33:00,2011,7,1,12
8320,2011-07-01 12:34:00,2011,7,1,12
8321,2011-07-01 12:45:00,2011,7,1,12
8322,2011-07-01 12:47:00,2011,7,1,12
8323,2011-07-01 12:50:00,2011,7,1,12
8324,2011-07-01 12:52:00,2011,7,1,12
8325,2011-07-01 12:58:00,2011,7,1,12
8326,2011-07-01 13:01:00,2011,7,1,13
8327,2011-07-01 13:02:00,2011,7,1,13
8328,2011-07-01 13:04:00,2011,7,1,13
8329,2011-07-01 13:05:00,2011,7,1,13
8330,2011-07-01 13:07:00,2011,7,1,13
8331,2011-07-01 13:17:00,2011,7,1,13
8332,2011-07-01 13:22:00,2011,7,1,13
8333,2011-07-01 13:31:00,2011,7,1,13
8334,2011-07-01 13:48:00,2011,7,1,13
8335,2011-07-01 14:08:00,2011,7,1,14
8336,2011-07-01 14:51:00,2011,7,1,14
8337,2011-07-01 14:53:00,2011,7,1,14
8338,2011-07-01 15:07:00,2011,7,1,15
8339,2011-07-01 15:22:00,2011,7,1,15
8340,2011-07-01 15:35:00,2011,7,1,15
8341,2011-07-01 15:39:00,2011,7,1,15
8342,2011-07-01 17:23:00,2011,7,1,17
8343,2011-07-03 10:11:00,2011,7,3,10
8344,2011-07-03 10:23:00,2011,7,3,10
8345,2011-07-03 10:28:00,2011,7,3,10
8346,2011-07-03 10:47:00,2011,7,3,10
8347,2011-07-03 11:26:00,2011,7,3,11
8348,2011-07-03 11:40:00,2011,7,3,11
8349,2011-07-03 12:10:00,2011,7,3,12
8350,2011-07-03 12:21:00,2011,7,3,12
8351,2011-07-03 12:22:00,2011,7,3,12
8352,2011-07-03 12:27:00,2011,7,3,12
8353,2011-07-03 12:36:00,2011,7,3,12
8354,2011-07-03 12:38:00,2011,7,3,12
8355,2011-07-03 12:52:00,2011,7,3,12
8356,2011-07-03 13:05:00,2011,7,3,13
8357,2011-07-03 13:08:00,2011,7,3,13
8358,2011-07-03 13:12:00,2011,7,3,13
8359,2011-07-03 13:24:00,2011,7,3,13
8360,2011-07-03 13:27:00,2011,7,3,13
8361,2011-07-03 13:33:00,2011,7,3,13
8362,2011-07-03 14:58:00,2011,7,3,14
8363,2011-07-03 15:19:00,2011,7,3,15
8364,2011-07-03 15:53:00,2011,7,3,15
8365,2011-07-03 16:00:00,2011,7,3,16
8366,2011-07-04 10:20:00,2011,7,4,10
8367,2011-07-04 10:27:00,2011,7,4,10
8368,2011-07-04 10:42:00,2011,7,4,10
8369,2011-07-04 11:35:00,2011,7,4,11
8370,2011-07-04 11:42:00,2011,7,4,11
8371,2011-07-04 11:47:00,2011,7,4,11
8372,2011-07-04 11:59:00,2011,7,4,11
8373,2011-07-04 12:18:00,2011,7,4,12
8374,2011-07-04 12:19:00,2011,7,4,12
8375,2011-07-04 12:25:00,2011,7,4,12
8376,2011-07-04 12:28:00,2011,7,4,12
8377,2011-07-04 12:41:00,2011,7,4,12
8378,2011-07-04 12:47:00,2011,7,4,12
8379,2011-07-04 12:58:00,2011,7,4,12
8380,2011-07-04 13:19:00,2011,7,4,13
8381,2011-07-04 13:28:00,2011,7,4,13
8382,2011-07-04 13:35:00,2011,7,4,13
8383,2011-07-04 13:36:00,2011,7,4,13
8384,2011-07-04 13:50:00,2011,7,4,13
8385,2011-07-04 13:53:00,2011,7,4,13
8386,2011-07-04 14:07:00,2011,7,4,14
8387,2011-07-04 14:08:00,2011,7,4,14
8388,2011-07-04 14:36:00,2011,7,4,14
8389,2011-07-04 15:10:00,2011,7,4,15
8390,2011-07-04 15:13:00,2011,7,4,15
8391,2011-07-04 15:26:00,2011,7,4,15
8392,2011-07-04 15:29:00,2011,7,4,15
8393,2011-07-04 15:38:00,2011,7,4,15
8394,2011-07-04 15:46:00,2011,7,4,15
8395,2011-07-04 15:49:00,2011,7,4,15
8396,2011-07-04 15:50:00,2011,7,4,15
8397,2011-07-04 15:54:00,2011,7,4,15
8398,2011-07-04 16:06:00,2011,7,4,16
8399,2011-07-04 16:08:00,2011,7,4,16
8400,2011-07-04 16:35:00,2011,7,4,16
8401,2011-07-05 09:06:00,2011,7,5,9
8402,2011-07-05 09:10:00,2011,7,5,9
8403,2011-07-05 09:16:00,2011,7,5,9
8404,2011-07-05 09:23:00,2011,7,5,9
8405,2011-07-05 09:31:00,2011,7,5,9
8406,2011-07-05 09:33:00,2011,7,5,9
8407,2011-07-05 09:34:00,2011,7,5,9
8408,2011-07-05 09:53:00,2011,7,5,9
8409,2011-07-05 09:56:00,2011,7,5,9
8410,2011-07-05 09:57:00,2011,7,5,9
8411,2011-07-05 10:06:00,2011,7,5,10
8412,2011-07-05 10:07:00,2011,7,5,10
8413,2011-07-05 10:08:00,2011,7,5,10
8414,2011-07-05 10:21:00,2011,7,5,10
8415,2011-07-05 10:23:00,2011,7,5,10
8416,2011-07-05 10:39:00,2011,7,5,10
8417,2011-07-05 10:54:00,2011,7,5,10
8418,2011-07-05 10:57:00,2011,7,5,10
8419,2011-07-05 10:58:00,2011,7,5,10
8420,2011-07-05 11:10:00,2011,7,5,11
8421,2011-07-05 11:30:00,2011,7,5,11
8422,2011-07-05 11:32:00,2011,7,5,11
8423,2011-07-05 11:36:00,2011,7,5,11
8424,2011-07-05 11:49:00,2011,7,5,11
8425,2011-07-05 11:58:00,2011,7,5,11
8426,2011-07-05 12:03:00,2011,7,5,12
8427,2011-07-05 12:11:00,2011,7,5,12
8428,2011-07-05 12:15:00,2011,7,5,12
8429,2011-07-05 12:17:00,2011,7,5,12
8430,2011-07-05 12:18:00,2011,7,5,12
8431,2011-07-05 12:23:00,2011,7,5,12
8432,2011-07-05 12:39:00,2011,7,5,12
8433,2011-07-05 12:41:00,2011,7,5,12
8434,2011-07-05 12:47:00,2011,7,5,12
8435,2011-07-05 12:50:00,2011,7,5,12
8436,2011-07-05 12:52:00,2011,7,5,12
8437,2011-07-05 12:53:00,2011,7,5,12
8438,2011-07-05 13:01:00,2011,7,5,13
8439,2011-07-05 13:06:00,2011,7,5,13
8440,2011-07-05 13:07:00,2011,7,5,13
8441,2011-07-05 13:15:00,2011,7,5,13
8442,2011-07-05 13:16:00,2011,7,5,13
8443,2011-07-05 13:19:00,2011,7,5,13
8444,2011-07-05 13:38:00,2011,7,5,13
8445,2011-07-05 13:56:00,2011,7,5,13
8446,2011-07-05 14:20:00,2011,7,5,14
8447,2011-07-05 14:24:00,2011,7,5,14
8448,2011-07-05 14:27:00,2011,7,5,14
8449,2011-07-05 14:42:00,2011,7,5,14
8450,2011-07-05 14:53:00,2011,7,5,14
8451,2011-07-05 14:56:00,2011,7,5,14
8452,2011-07-05 15:12:00,2011,7,5,15
8453,2011-07-05 15:14:00,2011,7,5,15
8454,2011-07-05 15:37:00,2011,7,5,15
8455,2011-07-05 15:40:00,2011,7,5,15
8456,2011-07-05 15:41:00,2011,7,5,15
8457,2011-07-05 15:44:00,2011,7,5,15
8458,2011-07-05 15:48:00,2011,7,5,15
8459,2011-07-05 16:08:00,2011,7,5,16
8460,2011-07-06 09:15:00,2011,7,6,9
8461,2011-07-06 09:46:00,2011,7,6,9
8462,2011-07-06 09:49:00,2011,7,6,9
8463,2011-07-06 10:00:00,2011,7,6,10
8464,2011-07-06 10:04:00,2011,7,6,10
8465,2011-07-06 10:09:00,2011,7,6,10
8466,2011-07-06 10:10:00,2011,7,6,10
8467,2011-07-06 10:15:00,2011,7,6,10
8468,2011-07-06 10:41:00,2011,7,6,10
8469,2011-07-06 10:47:00,2011,7,6,10
8470,2011-07-06 10:48:00,2011,7,6,10
8471,2011-07-06 10:49:00,2011,7,6,10
8472,2011-07-06 10:52:00,2011,7,6,10
8473,2011-07-06 10:59:00,2011,7,6,10
8474,2011-07-06 11:02:00,2011,7,6,11
8475,2011-07-06 11:10:00,2011,7,6,11
8476,2011-07-06 11:22:00,2011,7,6,11
8477,2011-07-06 11:42:00,2011,7,6,11
8478,2011-07-06 11:52:00,2011,7,6,11
8479,2011-07-06 11:54:00,2011,7,6,11
8480,2011-07-06 11:59:00,2011,7,6,11
8481,2011-07-06 12:08:00,2011,7,6,12
8482,2011-07-06 12:18:00,2011,7,6,12
8483,2011-07-06 12:22:00,2011,7,6,12
8484,2011-07-06 12:26:00,2011,7,6,12
8485,2011-07-06 12:31:00,2011,7,6,12
8486,2011-07-06 12:32:00,2011,7,6,12
8487,2011-07-06 12:33:00,2011,7,6,12
8488,2011-07-06 12:39:00,2011,7,6,12
8489,2011-07-06 12:50:00,2011,7,6,12
8490,2011-07-06 12:56:00,2011,7,6,12
8491,2011-07-06 13:04:00,2011,7,6,13
8492,2011-07-06 13:06:00,2011,7,6,13
8493,2011-07-06 13:13:00,2011,7,6,13
8494,2011-07-06 13:14:00,2011,7,6,13
8495,2011-07-06 13:18:00,2011,7,6,13
8496,2011-07-06 13:25:00,2011,7,6,13
8497,2011-07-06 13:35:00,2011,7,6,13
8498,2011-07-06 13:41:00,2011,7,6,13
8499,2011-07-06 13:56:00,2011,7,6,13
8500,2011-07-06 14:01:00,2011,7,6,14
8501,2011-07-06 14:04:00,2011,7,6,14
8502,2011-07-06 14:17:00,2011,7,6,14
8503,2011-07-06 14:18:00,2011,7,6,14
8504,2011-07-06 14:41:00,2011,7,6,14
8505,2011-07-06 14:59:00,2011,7,6,14
8506,2011-07-06 15:02:00,2011,7,6,15
8507,2011-07-06 15:10:00,2011,7,6,15
8508,2011-07-06 15:15:00,2011,7,6,15
8509,2011-07-06 15:49:00,2011,7,6,15
8510,2011-07-06 15:50:00,2011,7,6,15
8511,2011-07-06 15:53:00,2011,7,6,15
8512,2011-07-06 16:03:00,2011,7,6,16
8513,2011-07-06 16:15:00,2011,7,6,16
8514,2011-07-06 16:39:00,2011,7,6,16
8515,2011-07-06 16:40:00,2011,7,6,16
8516,2011-07-06 16:54:00,2011,7,6,16
8517,2011-07-06 17:05:00,2011,7,6,17
8518,2011-07-06 17:25:00,2011,7,6,17
8519,2011-07-06 17:31:00,2011,7,6,17
8520,2011-07-07 08:21:00,2011,7,7,8
8521,2011-07-07 08:22:00,2011,7,7,8
8522,2011-07-07 10:03:00,2011,7,7,10
8523,2011-07-07 10:04:00,2011,7,7,10
8524,2011-07-07 10:20:00,2011,7,7,10
8525,2011-07-07 10:28:00,2011,7,7,10
8526,2011-07-07 10:36:00,2011,7,7,10
8527,2011-07-07 10:39:00,2011,7,7,10
8528,2011-07-07 10:40:00,2011,7,7,10
8529,2011-07-07 10:43:00,2011,7,7,10
8530,2011-07-07 11:02:00,2011,7,7,11
8531,2011-07-07 11:10:00,2011,7,7,11
8532,2011-07-07 11:12:00,2011,7,7,11
8533,2011-07-07 11:36:00,2011,7,7,11
8534,2011-07-07 11:56:00,2011,7,7,11
8535,2011-07-07 12:04:00,2011,7,7,12
8536,2011-07-07 12:10:00,2011,7,7,12
8537,2011-07-07 12:22:00,2011,7,7,12
8538,2011-07-07 12:29:00,2011,7,7,12
8539,2011-07-07 12:32:00,2011,7,7,12
8540,2011-07-07 12:36:00,2011,7,7,12
8541,2011-07-07 12:38:00,2011,7,7,12
8542,2011-07-07 12:39:00,2011,7,7,12
8543,2011-07-07 12:40:00,2011,7,7,12
8544,2011-07-07 12:41:00,2011,7,7,12
8545,2011-07-07 12:47:00,2011,7,7,12
8546,2011-07-07 12:56:00,2011,7,7,12
8547,2011-07-07 13:02:00,2011,7,7,13
8548,2011-07-07 13:05:00,2011,7,7,13
8549,2011-07-07 13:33:00,2011,7,7,13
8550,2011-07-07 13:35:00,2011,7,7,13
8551,2011-07-07 13:43:00,2011,7,7,13
8552,2011-07-07 13:44:00,2011,7,7,13
8553,2011-07-07 13:52:00,2011,7,7,13
8554,2011-07-07 13:54:00,2011,7,7,13
8555,2011-07-07 14:03:00,2011,7,7,14
8556,2011-07-07 14:08:00,2011,7,7,14
8557,2011-07-07 14:11:00,2011,7,7,14
8558,2011-07-07 14:18:00,2011,7,7,14
8559,2011-07-07 14:30:00,2011,7,7,14
8560,2011-07-07 14:46:00,2011,7,7,14
8561,2011-07-07 14:55:00,2011,7,7,14
8562,2011-07-07 14:56:00,2011,7,7,14
8563,2011-07-07 15:06:00,2011,7,7,15
8564,2011-07-07 15:16:00,2011,7,7,15
8565,2011-07-07 15:21:00,2011,7,7,15
8566,2011-07-07 15:31:00,2011,7,7,15
8567,2011-07-07 15:41:00,2011,7,7,15
8568,2011-07-07 15:44:00,2011,7,7,15
8569,2011-07-07 15:45:00,2011,7,7,15
8570,2011-07-07 15:46:00,2011,7,7,15
8571,2011-07-07 15:47:00,2011,7,7,15
8572,2011-07-07 16:17:00,2011,7,7,16
8573,2011-07-07 16:49:00,2011,7,7,16
8574,2011-07-07 16:51:00,2011,7,7,16
8575,2011-07-07 16:56:00,2011,7,7,16
8576,2011-07-07 16:59:00,2011,7,7,16
8577,2011-07-07 17:01:00,2011,7,7,17
8578,2011-07-07 17:19:00,2011,7,7,17
8579,2011-07-07 17:33:00,2011,7,7,17
8580,2011-07-07 17:35:00,2011,7,7,17
8581,2011-07-07 17:47:00,2011,7,7,17
8582,2011-07-07 17:56:00,2011,7,7,17
8583,2011-07-07 18:02:00,2011,7,7,18
8584,2011-07-07 18:14:00,2011,7,7,18
8585,2011-07-07 18:29:00,2011,7,7,18
8586,2011-07-07 18:56:00,2011,7,7,18
8587,2011-07-07 19:14:00,2011,7,7,19
8588,2011-07-07 19:18:00,2011,7,7,19
8589,2011-07-07 19:54:00,2011,7,7,19
8590,2011-07-07 20:07:00,2011,7,7,20
8591,2011-07-08 08:43:00,2011,7,8,8
8592,2011-07-08 08:45:00,2011,7,8,8
8593,2011-07-08 08:48:00,2011,7,8,8
8594,2011-07-08 09:03:00,2011,7,8,9
8595,2011-07-08 09:38:00,2011,7,8,9
8596,2011-07-08 10:00:00,2011,7,8,10
8597,2011-07-08 10:01:00,2011,7,8,10
8598,2011-07-08 10:20:00,2011,7,8,10
8599,2011-07-08 10:23:00,2011,7,8,10
8600,2011-07-08 10:49:00,2011,7,8,10
8601,2011-07-08 11:36:00,2011,7,8,11
8602,2011-07-08 11:41:00,2011,7,8,11
8603,2011-07-08 11:52:00,2011,7,8,11
8604,2011-07-08 11:55:00,2011,7,8,11
8605,2011-07-08 12:00:00,2011,7,8,12
8606,2011-07-08 12:14:00,2011,7,8,12
8607,2011-07-08 12:18:00,2011,7,8,12
8608,2011-07-08 12:22:00,2011,7,8,12
8609,2011-07-08 12:34:00,2011,7,8,12
8610,2011-07-08 12:35:00,2011,7,8,12
8611,2011-07-08 12:50:00,2011,7,8,12
8612,2011-07-08 12:53:00,2011,7,8,12
8613,2011-07-08 13:00:00,2011,7,8,13
8614,2011-07-08 13:12:00,2011,7,8,13
8615,2011-07-08 13:23:00,2011,7,8,13
8616,2011-07-08 13:26:00,2011,7,8,13
8617,2011-07-08 13:31:00,2011,7,8,13
8618,2011-07-08 13:37:00,2011,7,8,13
8619,2011-07-08 13:39:00,2011,7,8,13
8620,2011-07-08 13:44:00,2011,7,8,13
8621,2011-07-08 15:16:00,2011,7,8,15
8622,2011-07-08 15:22:00,2011,7,8,15
8623,2011-07-08 15:23:00,2011,7,8,15
8624,2011-07-08 15:25:00,2011,7,8,15
8625,2011-07-08 15:29:00,2011,7,8,15
8626,2011-07-08 15:31:00,2011,7,8,15
8627,2011-07-08 15:54:00,2011,7,8,15
8628,2011-07-08 15:56:00,2011,7,8,15
8629,2011-07-08 16:08:00,2011,7,8,16
8630,2011-07-08 16:17:00,2011,7,8,16
8631,2011-07-08 17:19:00,2011,7,8,17
8632,2011-07-10 10:14:00,2011,7,10,10
8633,2011-07-10 10:30:00,2011,7,10,10
8634,2011-07-10 11:19:00,2011,7,10,11
8635,2011-07-10 11:24:00,2011,7,10,11
8636,2011-07-10 11:34:00,2011,7,10,11
8637,2011-07-10 12:03:00,2011,7,10,12
8638,2011-07-10 12:07:00,2011,7,10,12
8639,2011-07-10 12:16:00,2011,7,10,12
8640,2011-07-10 12:17:00,2011,7,10,12
8641,2011-07-10 12:23:00,2011,7,10,12
8642,2011-07-10 12:25:00,2011,7,10,12
8643,2011-07-10 12:28:00,2011,7,10,12
8644,2011-07-10 12:40:00,2011,7,10,12
8645,2011-07-10 13:32:00,2011,7,10,13
8646,2011-07-10 13:46:00,2011,7,10,13
8647,2011-07-10 13:52:00,2011,7,10,13
8648,2011-07-10 14:42:00,2011,7,10,14
8649,2011-07-10 14:49:00,2011,7,10,14
8650,2011-07-10 15:12:00,2011,7,10,15
8651,2011-07-10 15:17:00,2011,7,10,15
8652,2011-07-10 15:25:00,2011,7,10,15
8653,2011-07-10 15:38:00,2011,7,10,15
8654,2011-07-10 16:18:00,2011,7,10,16
8655,2011-07-10 16:29:00,2011,7,10,16
8656,2011-07-11 09:23:00,2011,7,11,9
8657,2011-07-11 10:12:00,2011,7,11,10
8658,2011-07-11 10:14:00,2011,7,11,10
8659,2011-07-11 10:24:00,2011,7,11,10
8660,2011-07-11 10:33:00,2011,7,11,10
8661,2011-07-11 11:33:00,2011,7,11,11
8662,2011-07-11 11:38:00,2011,7,11,11
8663,2011-07-11 11:39:00,2011,7,11,11
8664,2011-07-11 11:51:00,2011,7,11,11
8665,2011-07-11 11:58:00,2011,7,11,11
8666,2011-07-11 12:01:00,2011,7,11,12
8667,2011-07-11 12:15:00,2011,7,11,12
8668,2011-07-11 12:17:00,2011,7,11,12
8669,2011-07-11 12:23:00,2011,7,11,12
8670,2011-07-11 12:30:00,2011,7,11,12
8671,2011-07-11 12:31:00,2011,7,11,12
8672,2011-07-11 12:47:00,2011,7,11,12
8673,2011-07-11 12:49:00,2011,7,11,12
8674,2011-07-11 12:54:00,2011,7,11,12
8675,2011-07-11 12:57:00,2011,7,11,12
8676,2011-07-11 13:05:00,2011,7,11,13
8677,2011-07-11 13:06:00,2011,7,11,13
8678,2011-07-11 13:19:00,2011,7,11,13
8679,2011-07-11 13:22:00,2011,7,11,13
8680,2011-07-11 13:32:00,2011,7,11,13
8681,2011-07-11 13:35:00,2011,7,11,13
8682,2011-07-11 13:40:00,2011,7,11,13
8683,2011-07-11 13:47:00,2011,7,11,13
8684,2011-07-11 13:55:00,2011,7,11,13
8685,2011-07-11 14:04:00,2011,7,11,14
8686,2011-07-11 14:10:00,2011,7,11,14
8687,2011-07-11 14:16:00,2011,7,11,14
8688,2011-07-11 14:40:00,2011,7,11,14
8689,2011-07-11 14:43:00,2011,7,11,14
8690,2011-07-11 14:46:00,2011,7,11,14
8691,2011-07-11 14:47:00,2011,7,11,14
8692,2011-07-11 14:55:00,2011,7,11,14
8693,2011-07-11 15:05:00,2011,7,11,15
8694,2011-07-11 15:22:00,2011,7,11,15
8695,2011-07-11 15:26:00,2011,7,11,15
8696,2011-07-11 15:28:00,2011,7,11,15
8697,2011-07-11 15:32:00,2011,7,11,15
8698,2011-07-11 15:52:00,2011,7,11,15
8699,2011-07-11 16:59:00,2011,7,11,16
8700,2011-07-11 17:03:00,2011,7,11,17
8701,2011-07-11 17:07:00,2011,7,11,17
8702,2011-07-12 08:52:00,2011,7,12,8
8703,2011-07-12 09:04:00,2011,7,12,9
8704,2011-07-12 09:10:00,2011,7,12,9
8705,2011-07-12 09:11:00,2011,7,12,9
8706,2011-07-12 09:54:00,2011,7,12,9
8707,2011-07-12 10:02:00,2011,7,12,10
8708,2011-07-12 10:04:00,2011,7,12,10
8709,2011-07-12 10:05:00,2011,7,12,10
8710,2011-07-12 10:21:00,2011,7,12,10
8711,2011-07-12 10:25:00,2011,7,12,10
8712,2011-07-12 10:46:00,2011,7,12,10
8713,2011-07-12 10:47:00,2011,7,12,10
8714,2011-07-12 10:54:00,2011,7,12,10
8715,2011-07-12 11:15:00,2011,7,12,11
8716,2011-07-12 11:16:00,2011,7,12,11
8717,2011-07-12 11:28:00,2011,7,12,11
8718,2011-07-12 11:35:00,2011,7,12,11
8719,2011-07-12 11:37:00,2011,7,12,11
8720,2011-07-12 11:55:00,2011,7,12,11
8721,2011-07-12 12:02:00,2011,7,12,12
8722,2011-07-12 12:07:00,2011,7,12,12
8723,2011-07-12 12:19:00,2011,7,12,12
8724,2011-07-12 12:24:00,2011,7,12,12
8725,2011-07-12 12:43:00,2011,7,12,12
8726,2011-07-12 13:16:00,2011,7,12,13
8727,2011-07-12 13:26:00,2011,7,12,13
8728,2011-07-12 13:31:00,2011,7,12,13
8729,2011-07-12 13:32:00,2011,7,12,13
8730,2011-07-12 14:17:00,2011,7,12,14
8731,2011-07-12 14:26:00,2011,7,12,14
8732,2011-07-12 14:48:00,2011,7,12,14
8733,2011-07-12 14:57:00,2011,7,12,14
8734,2011-07-12 15:15:00,2011,7,12,15
8735,2011-07-12 15:22:00,2011,7,12,15
8736,2011-07-12 15:29:00,2011,7,12,15
8737,2011-07-12 15:42:00,2011,7,12,15
8738,2011-07-12 15:49:00,2011,7,12,15
8739,2011-07-12 15:56:00,2011,7,12,15
8740,2011-07-12 16:37:00,2011,7,12,16
8741,2011-07-12 16:58:00,2011,7,12,16
8742,2011-07-12 17:09:00,2011,7,12,17
8743,2011-07-12 17:15:00,2011,7,12,17
8744,2011-07-12 17:21:00,2011,7,12,17
8745,2011-07-12 17:23:00,2011,7,12,17
8746,2011-07-13 08:48:00,2011,7,13,8
8747,2011-07-13 09:44:00,2011,7,13,9
8748,2011-07-13 09:58:00,2011,7,13,9
8749,2011-07-13 10:02:00,2011,7,13,10
8750,2011-07-13 10:08:00,2011,7,13,10
8751,2011-07-13 10:09:00,2011,7,13,10
8752,2011-07-13 10:27:00,2011,7,13,10
8753,2011-07-13 10:30:00,2011,7,13,10
8754,2011-07-13 10:33:00,2011,7,13,10
8755,2011-07-13 10:38:00,2011,7,13,10
8756,2011-07-13 10:39:00,2011,7,13,10
8757,2011-07-13 10:43:00,2011,7,13,10
8758,2011-07-13 11:00:00,2011,7,13,11
8759,2011-07-13 11:09:00,2011,7,13,11
8760,2011-07-13 11:17:00,2011,7,13,11
8761,2011-07-13 11:19:00,2011,7,13,11
8762,2011-07-13 11:20:00,2011,7,13,11
8763,2011-07-13 11:33:00,2011,7,13,11
8764,2011-07-13 11:34:00,2011,7,13,11
8765,2011-07-13 11:35:00,2011,7,13,11
8766,2011-07-13 11:44:00,2011,7,13,11
8767,2011-07-13 11:47:00,2011,7,13,11
8768,2011-07-13 11:48:00,2011,7,13,11
8769,2011-07-13 11:58:00,2011,7,13,11
8770,2011-07-13 12:06:00,2011,7,13,12
8771,2011-07-13 12:15:00,2011,7,13,12
8772,2011-07-13 12:18:00,2011,7,13,12
8773,2011-07-13 12:24:00,2011,7,13,12
8774,2011-07-13 12:27:00,2011,7,13,12
8775,2011-07-13 12:53:00,2011,7,13,12
8776,2011-07-13 13:14:00,2011,7,13,13
8777,2011-07-13 13:16:00,2011,7,13,13
8778,2011-07-13 13:20:00,2011,7,13,13
8779,2011-07-13 13:27:00,2011,7,13,13
8780,2011-07-13 13:33:00,2011,7,13,13
8781,2011-07-13 13:37:00,2011,7,13,13
8782,2011-07-13 14:28:00,2011,7,13,14
8783,2011-07-13 14:29:00,2011,7,13,14
8784,2011-07-13 14:39:00,2011,7,13,14
8785,2011-07-13 15:04:00,2011,7,13,15
8786,2011-07-13 15:05:00,2011,7,13,15
8787,2011-07-13 15:18:00,2011,7,13,15
8788,2011-07-13 15:29:00,2011,7,13,15
8789,2011-07-13 15:30:00,2011,7,13,15
8790,2011-07-13 15:31:00,2011,7,13,15
8791,2011-07-13 15:42:00,2011,7,13,15
8792,2011-07-13 15:50:00,2011,7,13,15
8793,2011-07-13 16:47:00,2011,7,13,16
8794,2011-07-13 16:48:00,2011,7,13,16
8795,2011-07-13 17:03:00,2011,7,13,17
8796,2011-07-14 08:52:00,2011,7,14,8
8797,2011-07-14 09:10:00,2011,7,14,9
8798,2011-07-14 09:22:00,2011,7,14,9
8799,2011-07-14 09:23:00,2011,7,14,9
8800,2011-07-14 09:26:00,2011,7,14,9
8801,2011-07-14 09:54:00,2011,7,14,9
8802,2011-07-14 09:58:00,2011,7,14,9
8803,2011-07-14 10:08:00,2011,7,14,10
8804,2011-07-14 10:09:00,2011,7,14,10
8805,2011-07-14 10:11:00,2011,7,14,10
8806,2011-07-14 10:15:00,2011,7,14,10
8807,2011-07-14 10:20:00,2011,7,14,10
8808,2011-07-14 10:21:00,2011,7,14,10
8809,2011-07-14 10:24:00,2011,7,14,10
8810,2011-07-14 10:41:00,2011,7,14,10
8811,2011-07-14 10:52:00,2011,7,14,10
8812,2011-07-14 11:20:00,2011,7,14,11
8813,2011-07-14 11:28:00,2011,7,14,11
8814,2011-07-14 11:30:00,2011,7,14,11
8815,2011-07-14 11:34:00,2011,7,14,11
8816,2011-07-14 11:45:00,2011,7,14,11
8817,2011-07-14 11:46:00,2011,7,14,11
8818,2011-07-14 11:47:00,2011,7,14,11
8819,2011-07-14 12:12:00,2011,7,14,12
8820,2011-07-14 12:17:00,2011,7,14,12
8821,2011-07-14 12:21:00,2011,7,14,12
8822,2011-07-14 12:22:00,2011,7,14,12
8823,2011-07-14 12:29:00,2011,7,14,12
8824,2011-07-14 12:42:00,2011,7,14,12
8825,2011-07-14 12:48:00,2011,7,14,12
8826,2011-07-14 12:52:00,2011,7,14,12
8827,2011-07-14 13:00:00,2011,7,14,13
8828,2011-07-14 13:11:00,2011,7,14,13
8829,2011-07-14 13:20:00,2011,7,14,13
8830,2011-07-14 13:28:00,2011,7,14,13
8831,2011-07-14 13:35:00,2011,7,14,13
8832,2011-07-14 13:41:00,2011,7,14,13
8833,2011-07-14 13:51:00,2011,7,14,13
8834,2011-07-14 14:08:00,2011,7,14,14
8835,2011-07-14 14:46:00,2011,7,14,14
8836,2011-07-14 15:01:00,2011,7,14,15
8837,2011-07-14 15:02:00,2011,7,14,15
8838,2011-07-14 15:03:00,2011,7,14,15
8839,2011-07-14 15:22:00,2011,7,14,15
8840,2011-07-14 15:30:00,2011,7,14,15
8841,2011-07-14 15:44:00,2011,7,14,15
8842,2011-07-14 16:12:00,2011,7,14,16
8843,2011-07-14 16:23:00,2011,7,14,16
8844,2011-07-14 16:35:00,2011,7,14,16
8845,2011-07-14 16:39:00,2011,7,14,16
8846,2011-07-14 16:42:00,2011,7,14,16
8847,2011-07-14 16:45:00,2011,7,14,16
8848,2011-07-14 17:11:00,2011,7,14,17
8849,2011-07-14 17:13:00,2011,7,14,17
8850,2011-07-14 17:14:00,2011,7,14,17
8851,2011-07-14 17:20:00,2011,7,14,17
8852,2011-07-14 17:40:00,2011,7,14,17
8853,2011-07-14 17:44:00,2011,7,14,17
8854,2011-07-14 18:08:00,2011,7,14,18
8855,2011-07-14 18:28:00,2011,7,14,18
8856,2011-07-14 18:44:00,2011,7,14,18
8857,2011-07-14 18:56:00,2011,7,14,18
8858,2011-07-14 19:23:00,2011,7,14,19
8859,2011-07-14 20:01:00,2011,7,14,20
8860,2011-07-15 08:09:00,2011,7,15,8
8861,2011-07-15 08:59:00,2011,7,15,8
8862,2011-07-15 09:00:00,2011,7,15,9
8863,2011-07-15 10:05:00,2011,7,15,10
8864,2011-07-15 10:21:00,2011,7,15,10
8865,2011-07-15 10:27:00,2011,7,15,10
8866,2011-07-15 10:33:00,2011,7,15,10
8867,2011-07-15 10:44:00,2011,7,15,10
8868,2011-07-15 11:04:00,2011,7,15,11
8869,2011-07-15 11:38:00,2011,7,15,11
8870,2011-07-15 11:45:00,2011,7,15,11
8871,2011-07-15 11:48:00,2011,7,15,11
8872,2011-07-15 11:49:00,2011,7,15,11
8873,2011-07-15 11:50:00,2011,7,15,11
8874,2011-07-15 11:57:00,2011,7,15,11
8875,2011-07-15 12:05:00,2011,7,15,12
8876,2011-07-15 12:10:00,2011,7,15,12
8877,2011-07-15 12:33:00,2011,7,15,12
8878,2011-07-15 12:45:00,2011,7,15,12
8879,2011-07-15 12:58:00,2011,7,15,12
8880,2011-07-15 12:59:00,2011,7,15,12
8881,2011-07-15 13:09:00,2011,7,15,13
8882,2011-07-15 13:10:00,2011,7,15,13
8883,2011-07-15 13:13:00,2011,7,15,13
8884,2011-07-15 13:17:00,2011,7,15,13
8885,2011-07-15 13:55:00,2011,7,15,13
8886,2011-07-15 13:57:00,2011,7,15,13
8887,2011-07-15 14:05:00,2011,7,15,14
8888,2011-07-15 14:20:00,2011,7,15,14
8889,2011-07-15 14:34:00,2011,7,15,14
8890,2011-07-15 14:58:00,2011,7,15,14
8891,2011-07-15 15:28:00,2011,7,15,15
8892,2011-07-15 15:32:00,2011,7,15,15
8893,2011-07-15 16:06:00,2011,7,15,16
8894,2011-07-15 17:29:00,2011,7,15,17
8895,2011-07-17 10:39:00,2011,7,17,10
8896,2011-07-17 10:53:00,2011,7,17,10
8897,2011-07-17 10:55:00,2011,7,17,10
8898,2011-07-17 11:08:00,2011,7,17,11
8899,2011-07-17 11:10:00,2011,7,17,11
8900,2011-07-17 11:21:00,2011,7,17,11
8901,2011-07-17 11:26:00,2011,7,17,11
8902,2011-07-17 11:27:00,2011,7,17,11
8903,2011-07-17 11:41:00,2011,7,17,11
8904,2011-07-17 11:50:00,2011,7,17,11
8905,2011-07-17 11:59:00,2011,7,17,11
8906,2011-07-17 12:02:00,2011,7,17,12
8907,2011-07-17 12:14:00,2011,7,17,12
8908,2011-07-17 12:17:00,2011,7,17,12
8909,2011-07-17 12:18:00,2011,7,17,12
8910,2011-07-17 12:24:00,2011,7,17,12
8911,2011-07-17 12:26:00,2011,7,17,12
8912,2011-07-17 12:31:00,2011,7,17,12
8913,2011-07-17 12:32:00,2011,7,17,12
8914,2011-07-17 12:35:00,2011,7,17,12
8915,2011-07-17 12:52:00,2011,7,17,12
8916,2011-07-17 13:07:00,2011,7,17,13
8917,2011-07-17 13:08:00,2011,7,17,13
8918,2011-07-17 13:24:00,2011,7,17,13
8919,2011-07-17 13:25:00,2011,7,17,13
8920,2011-07-17 13:26:00,2011,7,17,13
8921,2011-07-17 13:29:00,2011,7,17,13
8922,2011-07-17 13:32:00,2011,7,17,13
8923,2011-07-17 13:35:00,2011,7,17,13
8924,2011-07-17 13:40:00,2011,7,17,13
8925,2011-07-17 13:41:00,2011,7,17,13
8926,2011-07-17 13:46:00,2011,7,17,13
8927,2011-07-17 13:48:00,2011,7,17,13
8928,2011-07-17 13:54:00,2011,7,17,13
8929,2011-07-17 14:05:00,2011,7,17,14
8930,2011-07-17 14:07:00,2011,7,17,14
8931,2011-07-17 14:32:00,2011,7,17,14
8932,2011-07-17 14:42:00,2011,7,17,14
8933,2011-07-17 14:51:00,2011,7,17,14
8934,2011-07-17 14:56:00,2011,7,17,14
8935,2011-07-17 14:59:00,2011,7,17,14
8936,2011-07-17 15:00:00,2011,7,17,15
8937,2011-07-17 15:08:00,2011,7,17,15
8938,2011-07-17 15:11:00,2011,7,17,15
8939,2011-07-17 15:24:00,2011,7,17,15
8940,2011-07-17 15:45:00,2011,7,17,15
8941,2011-07-17 15:47:00,2011,7,17,15
8942,2011-07-17 15:50:00,2011,7,17,15
8943,2011-07-17 15:59:00,2011,7,17,15
8944,2011-07-18 08:21:00,2011,7,18,8
8945,2011-07-18 09:15:00,2011,7,18,9
8946,2011-07-18 09:21:00,2011,7,18,9
8947,2011-07-18 09:38:00,2011,7,18,9
8948,2011-07-18 09:49:00,2011,7,18,9
8949,2011-07-18 10:05:00,2011,7,18,10
8950,2011-07-18 10:21:00,2011,7,18,10
8951,2011-07-18 10:28:00,2011,7,18,10
8952,2011-07-18 10:29:00,2011,7,18,10
8953,2011-07-18 10:43:00,2011,7,18,10
8954,2011-07-18 10:49:00,2011,7,18,10
8955,2011-07-18 11:37:00,2011,7,18,11
8956,2011-07-18 11:41:00,2011,7,18,11
8957,2011-07-18 11:42:00,2011,7,18,11
8958,2011-07-18 11:47:00,2011,7,18,11
8959,2011-07-18 11:55:00,2011,7,18,11
8960,2011-07-18 11:58:00,2011,7,18,11
8961,2011-07-18 11:59:00,2011,7,18,11
8962,2011-07-18 12:05:00,2011,7,18,12
8963,2011-07-18 12:15:00,2011,7,18,12
8964,2011-07-18 12:19:00,2011,7,18,12
8965,2011-07-18 12:25:00,2011,7,18,12
8966,2011-07-18 12:42:00,2011,7,18,12
8967,2011-07-18 12:49:00,2011,7,18,12
8968,2011-07-18 12:52:00,2011,7,18,12
8969,2011-07-18 12:53:00,2011,7,18,12
8970,2011-07-18 13:00:00,2011,7,18,13
8971,2011-07-18 13:30:00,2011,7,18,13
8972,2011-07-18 13:33:00,2011,7,18,13
8973,2011-07-18 13:35:00,2011,7,18,13
8974,2011-07-18 14:04:00,2011,7,18,14
8975,2011-07-18 14:10:00,2011,7,18,14
8976,2011-07-18 14:28:00,2011,7,18,14
8977,2011-07-18 14:32:00,2011,7,18,14
8978,2011-07-18 14:33:00,2011,7,18,14
8979,2011-07-18 14:36:00,2011,7,18,14
8980,2011-07-18 14:40:00,2011,7,18,14
8981,2011-07-18 14:56:00,2011,7,18,14
8982,2011-07-18 15:14:00,2011,7,18,15
8983,2011-07-18 15:15:00,2011,7,18,15
8984,2011-07-18 15:39:00,2011,7,18,15
8985,2011-07-18 16:05:00,2011,7,18,16
8986,2011-07-18 16:57:00,2011,7,18,16
8987,2011-07-18 16:59:00,2011,7,18,16
8988,2011-07-18 17:10:00,2011,7,18,17
8989,2011-07-18 17:15:00,2011,7,18,17
8990,2011-07-19 09:08:00,2011,7,19,9
8991,2011-07-19 09:10:00,2011,7,19,9
8992,2011-07-19 09:24:00,2011,7,19,9
8993,2011-07-19 09:29:00,2011,7,19,9
8994,2011-07-19 09:31:00,2011,7,19,9
8995,2011-07-19 09:49:00,2011,7,19,9
8996,2011-07-19 09:50:00,2011,7,19,9
8997,2011-07-19 09:51:00,2011,7,19,9
8998,2011-07-19 09:52:00,2011,7,19,9
8999,2011-07-19 10:06:00,2011,7,19,10
9000,2011-07-19 10:40:00,2011,7,19,10
9001,2011-07-19 10:42:00,2011,7,19,10
9002,2011-07-19 10:49:00,2011,7,19,10
9003,2011-07-19 10:51:00,2011,7,19,10
9004,2011-07-19 11:03:00,2011,7,19,11
9005,2011-07-19 11:08:00,2011,7,19,11
9006,2011-07-19 11:40:00,2011,7,19,11
9007,2011-07-19 11:47:00,2011,7,19,11
9008,2011-07-19 11:56:00,2011,7,19,11
9009,2011-07-19 11:57:00,2011,7,19,11
9010,2011-07-19 12:10:00,2011,7,19,12
9011,2011-07-19 12:13:00,2011,7,19,12
9012,2011-07-19 12:15:00,2011,7,19,12
9013,2011-07-19 12:19:00,2011,7,19,12
9014,2011-07-19 12:37:00,2011,7,19,12
9015,2011-07-19 12:38:00,2011,7,19,12
9016,2011-07-19 12:39:00,2011,7,19,12
9017,2011-07-19 12:42:00,2011,7,19,12
9018,2011-07-19 12:43:00,2011,7,19,12
9019,2011-07-19 12:47:00,2011,7,19,12
9020,2011-07-19 12:54:00,2011,7,19,12
9021,2011-07-19 12:58:00,2011,7,19,12
9022,2011-07-19 13:01:00,2011,7,19,13
9023,2011-07-19 13:05:00,2011,7,19,13
9024,2011-07-19 13:34:00,2011,7,19,13
9025,2011-07-19 13:45:00,2011,7,19,13
9026,2011-07-19 14:03:00,2011,7,19,14
9027,2011-07-19 14:04:00,2011,7,19,14
9028,2011-07-19 14:28:00,2011,7,19,14
9029,2011-07-19 14:29:00,2011,7,19,14
9030,2011-07-19 14:59:00,2011,7,19,14
9031,2011-07-19 15:07:00,2011,7,19,15
9032,2011-07-19 15:13:00,2011,7,19,15
9033,2011-07-19 15:23:00,2011,7,19,15
9034,2011-07-19 15:29:00,2011,7,19,15
9035,2011-07-19 15:30:00,2011,7,19,15
9036,2011-07-19 15:38:00,2011,7,19,15
9037,2011-07-19 15:48:00,2011,7,19,15
9038,2011-07-19 15:49:00,2011,7,19,15
9039,2011-07-19 15:55:00,2011,7,19,15
9040,2011-07-19 16:36:00,2011,7,19,16
9041,2011-07-19 16:45:00,2011,7,19,16
9042,2011-07-19 16:48:00,2011,7,19,16
9043,2011-07-19 16:54:00,2011,7,19,16
9044,2011-07-19 17:02:00,2011,7,19,17
9045,2011-07-19 17:04:00,2011,7,19,17
9046,2011-07-19 17:17:00,2011,7,19,17
9047,2011-07-20 08:48:00,2011,7,20,8
9048,2011-07-20 08:59:00,2011,7,20,8
9049,2011-07-20 09:23:00,2011,7,20,9
9050,2011-07-20 09:30:00,2011,7,20,9
9051,2011-07-20 10:08:00,2011,7,20,10
9052,2011-07-20 10:15:00,2011,7,20,10
9053,2011-07-20 10:51:00,2011,7,20,10
9054,2011-07-20 10:59:00,2011,7,20,10
9055,2011-07-20 11:00:00,2011,7,20,11
9056,2011-07-20 11:07:00,2011,7,20,11
9057,2011-07-20 11:22:00,2011,7,20,11
9058,2011-07-20 11:28:00,2011,7,20,11
9059,2011-07-20 11:33:00,2011,7,20,11
9060,2011-07-20 11:38:00,2011,7,20,11
9061,2011-07-20 11:50:00,2011,7,20,11
9062,2011-07-20 11:54:00,2011,7,20,11
9063,2011-07-20 11:55:00,2011,7,20,11
9064,2011-07-20 12:00:00,2011,7,20,12
9065,2011-07-20 12:01:00,2011,7,20,12
9066,2011-07-20 12:05:00,2011,7,20,12
9067,2011-07-20 12:08:00,2011,7,20,12
9068,2011-07-20 12:14:00,2011,7,20,12
9069,2011-07-20 12:16:00,2011,7,20,12
9070,2011-07-20 12:29:00,2011,7,20,12
9071,2011-07-20 12:38:00,2011,7,20,12
9072,2011-07-20 12:45:00,2011,7,20,12
9073,2011-07-20 12:51:00,2011,7,20,12
9074,2011-07-20 12:58:00,2011,7,20,12
9075,2011-07-20 13:06:00,2011,7,20,13
9076,2011-07-20 13:09:00,2011,7,20,13
9077,2011-07-20 13:10:00,2011,7,20,13
9078,2011-07-20 13:21:00,2011,7,20,13
9079,2011-07-20 13:26:00,2011,7,20,13
9080,2011-07-20 13:30:00,2011,7,20,13
9081,2011-07-20 13:31:00,2011,7,20,13
9082,2011-07-20 13:32:00,2011,7,20,13
9083,2011-07-20 13:53:00,2011,7,20,13
9084,2011-07-20 13:55:00,2011,7,20,13
9085,2011-07-20 13:56:00,2011,7,20,13
9086,2011-07-20 14:16:00,2011,7,20,14
9087,2011-07-20 14:33:00,2011,7,20,14
9088,2011-07-20 14:38:00,2011,7,20,14
9089,2011-07-20 14:39:00,2011,7,20,14
9090,2011-07-20 14:54:00,2011,7,20,14
9091,2011-07-20 14:55:00,2011,7,20,14
9092,2011-07-20 14:58:00,2011,7,20,14
9093,2011-07-20 15:33:00,2011,7,20,15
9094,2011-07-20 15:44:00,2011,7,20,15
9095,2011-07-20 15:56:00,2011,7,20,15
9096,2011-07-21 08:44:00,2011,7,21,8
9097,2011-07-21 09:43:00,2011,7,21,9
9098,2011-07-21 10:10:00,2011,7,21,10
9099,2011-07-21 10:24:00,2011,7,21,10
9100,2011-07-21 10:29:00,2011,7,21,10
9101,2011-07-21 10:30:00,2011,7,21,10
9102,2011-07-21 10:32:00,2011,7,21,10
9103,2011-07-21 10:44:00,2011,7,21,10
9104,2011-07-21 10:59:00,2011,7,21,10
9105,2011-07-21 11:17:00,2011,7,21,11
9106,2011-07-21 11:23:00,2011,7,21,11
9107,2011-07-21 11:30:00,2011,7,21,11
9108,2011-07-21 11:42:00,2011,7,21,11
9109,2011-07-21 11:55:00,2011,7,21,11
9110,2011-07-21 12:00:00,2011,7,21,12
9111,2011-07-21 12:14:00,2011,7,21,12
9112,2011-07-21 12:15:00,2011,7,21,12
9113,2011-07-21 12:23:00,2011,7,21,12
9114,2011-07-21 12:25:00,2011,7,21,12
9115,2011-07-21 12:27:00,2011,7,21,12
9116,2011-07-21 12:28:00,2011,7,21,12
9117,2011-07-21 12:29:00,2011,7,21,12
9118,2011-07-21 12:33:00,2011,7,21,12
9119,2011-07-21 12:46:00,2011,7,21,12
9120,2011-07-21 13:06:00,2011,7,21,13
9121,2011-07-21 13:25:00,2011,7,21,13
9122,2011-07-21 13:28:00,2011,7,21,13
9123,2011-07-21 13:37:00,2011,7,21,13
9124,2011-07-21 13:48:00,2011,7,21,13
9125,2011-07-21 13:53:00,2011,7,21,13
9126,2011-07-21 13:54:00,2011,7,21,13
9127,2011-07-21 14:14:00,2011,7,21,14
9128,2011-07-21 14:34:00,2011,7,21,14
9129,2011-07-21 14:40:00,2011,7,21,14
9130,2011-07-21 14:41:00,2011,7,21,14
9131,2011-07-21 14:52:00,2011,7,21,14
9132,2011-07-21 15:12:00,2011,7,21,15
9133,2011-07-21 15:14:00,2011,7,21,15
9134,2011-07-21 15:16:00,2011,7,21,15
9135,2011-07-21 15:23:00,2011,7,21,15
9136,2011-07-21 15:45:00,2011,7,21,15
9137,2011-07-21 15:47:00,2011,7,21,15
9138,2011-07-21 16:10:00,2011,7,21,16
9139,2011-07-21 16:12:00,2011,7,21,16
9140,2011-07-21 16:20:00,2011,7,21,16
9141,2011-07-21 16:27:00,2011,7,21,16
9142,2011-07-21 16:28:00,2011,7,21,16
9143,2011-07-21 16:33:00,2011,7,21,16
9144,2011-07-21 17:02:00,2011,7,21,17
9145,2011-07-21 17:08:00,2011,7,21,17
9146,2011-07-21 17:09:00,2011,7,21,17
9147,2011-07-21 17:12:00,2011,7,21,17
9148,2011-07-21 17:26:00,2011,7,21,17
9149,2011-07-21 17:39:00,2011,7,21,17
9150,2011-07-21 17:55:00,2011,7,21,17
9151,2011-07-21 17:56:00,2011,7,21,17
9152,2011-07-21 18:00:00,2011,7,21,18
9153,2011-07-21 18:07:00,2011,7,21,18
9154,2011-07-21 18:08:00,2011,7,21,18
9155,2011-07-21 18:19:00,2011,7,21,18
9156,2011-07-21 18:21:00,2011,7,21,18
9157,2011-07-21 18:27:00,2011,7,21,18
9158,2011-07-21 18:31:00,2011,7,21,18
9159,2011-07-21 18:36:00,2011,7,21,18
9160,2011-07-21 19:17:00,2011,7,21,19
9161,2011-07-21 19:34:00,2011,7,21,19
9162,2011-07-22 09:01:00,2011,7,22,9
9163,2011-07-22 09:02:00,2011,7,22,9
9164,2011-07-22 09:55:00,2011,7,22,9
9165,2011-07-22 10:00:00,2011,7,22,10
9166,2011-07-22 10:06:00,2011,7,22,10
9167,2011-07-22 10:23:00,2011,7,22,10
9168,2011-07-22 10:25:00,2011,7,22,10
9169,2011-07-22 10:48:00,2011,7,22,10
9170,2011-07-22 10:52:00,2011,7,22,10
9171,2011-07-22 11:31:00,2011,7,22,11
9172,2011-07-22 11:44:00,2011,7,22,11
9173,2011-07-22 11:55:00,2011,7,22,11
9174,2011-07-22 11:56:00,2011,7,22,11
9175,2011-07-22 12:08:00,2011,7,22,12
9176,2011-07-22 12:09:00,2011,7,22,12
9177,2011-07-22 12:20:00,2011,7,22,12
9178,2011-07-22 12:21:00,2011,7,22,12
9179,2011-07-22 12:41:00,2011,7,22,12
9180,2011-07-22 13:17:00,2011,7,22,13
9181,2011-07-22 13:20:00,2011,7,22,13
9182,2011-07-22 13:29:00,2011,7,22,13
9183,2011-07-22 13:31:00,2011,7,22,13
9184,2011-07-22 13:35:00,2011,7,22,13
9185,2011-07-22 13:53:00,2011,7,22,13
9186,2011-07-22 13:59:00,2011,7,22,13
9187,2011-07-22 14:07:00,2011,7,22,14
9188,2011-07-22 14:23:00,2011,7,22,14
9189,2011-07-22 14:39:00,2011,7,22,14
9190,2011-07-22 14:41:00,2011,7,22,14
9191,2011-07-22 14:47:00,2011,7,22,14
9192,2011-07-22 14:53:00,2011,7,22,14
9193,2011-07-22 15:02:00,2011,7,22,15
9194,2011-07-22 15:21:00,2011,7,22,15
9195,2011-07-22 15:43:00,2011,7,22,15
9196,2011-07-22 16:03:00,2011,7,22,16
9197,2011-07-22 16:04:00,2011,7,22,16
9198,2011-07-22 17:21:00,2011,7,22,17
9199,2011-07-24 10:03:00,2011,7,24,10
9200,2011-07-24 10:24:00,2011,7,24,10
9201,2011-07-24 10:30:00,2011,7,24,10
9202,2011-07-24 10:35:00,2011,7,24,10
9203,2011-07-24 10:37:00,2011,7,24,10
9204,2011-07-24 10:49:00,2011,7,24,10
9205,2011-07-24 10:54:00,2011,7,24,10
9206,2011-07-24 11:06:00,2011,7,24,11
9207,2011-07-24 11:25:00,2011,7,24,11
9208,2011-07-24 11:32:00,2011,7,24,11
9209,2011-07-24 11:37:00,2011,7,24,11
9210,2011-07-24 11:40:00,2011,7,24,11
9211,2011-07-24 11:45:00,2011,7,24,11
9212,2011-07-24 11:52:00,2011,7,24,11
9213,2011-07-24 11:54:00,2011,7,24,11
9214,2011-07-24 11:55:00,2011,7,24,11
9215,2011-07-24 11:58:00,2011,7,24,11
9216,2011-07-24 12:02:00,2011,7,24,12
9217,2011-07-24 12:05:00,2011,7,24,12
9218,2011-07-24 12:18:00,2011,7,24,12
9219,2011-07-24 12:20:00,2011,7,24,12
9220,2011-07-24 12:26:00,2011,7,24,12
9221,2011-07-24 12:29:00,2011,7,24,12
9222,2011-07-24 12:33:00,2011,7,24,12
9223,2011-07-24 12:46:00,2011,7,24,12
9224,2011-07-24 12:51:00,2011,7,24,12
9225,2011-07-24 13:03:00,2011,7,24,13
9226,2011-07-24 13:06:00,2011,7,24,13
9227,2011-07-24 13:11:00,2011,7,24,13
9228,2011-07-24 13:12:00,2011,7,24,13
9229,2011-07-24 13:13:00,2011,7,24,13
9230,2011-07-24 13:14:00,2011,7,24,13
9231,2011-07-24 13:17:00,2011,7,24,13
9232,2011-07-24 13:18:00,2011,7,24,13
9233,2011-07-24 13:26:00,2011,7,24,13
9234,2011-07-24 13:30:00,2011,7,24,13
9235,2011-07-24 13:56:00,2011,7,24,13
9236,2011-07-24 14:12:00,2011,7,24,14
9237,2011-07-24 14:16:00,2011,7,24,14
9238,2011-07-24 14:18:00,2011,7,24,14
9239,2011-07-24 14:21:00,2011,7,24,14
9240,2011-07-24 14:26:00,2011,7,24,14
9241,2011-07-24 14:33:00,2011,7,24,14
9242,2011-07-24 15:23:00,2011,7,24,15
9243,2011-07-24 15:39:00,2011,7,24,15
9244,2011-07-24 15:46:00,2011,7,24,15
9245,2011-07-24 15:51:00,2011,7,24,15
9246,2011-07-24 15:52:00,2011,7,24,15
9247,2011-07-24 15:53:00,2011,7,24,15
9248,2011-07-24 16:05:00,2011,7,24,16
9249,2011-07-24 16:12:00,2011,7,24,16
9250,2011-07-24 16:15:00,2011,7,24,16
9251,2011-07-24 16:18:00,2011,7,24,16
9252,2011-07-25 08:50:00,2011,7,25,8
9253,2011-07-25 09:26:00,2011,7,25,9
9254,2011-07-25 09:48:00,2011,7,25,9
9255,2011-07-25 09:50:00,2011,7,25,9
9256,2011-07-25 09:58:00,2011,7,25,9
9257,2011-07-25 10:01:00,2011,7,25,10
9258,2011-07-25 10:04:00,2011,7,25,10
9259,2011-07-25 10:19:00,2011,7,25,10
9260,2011-07-25 10:28:00,2011,7,25,10
9261,2011-07-25 10:47:00,2011,7,25,10
9262,2011-07-25 10:56:00,2011,7,25,10
9263,2011-07-25 11:01:00,2011,7,25,11
9264,2011-07-25 11:05:00,2011,7,25,11
9265,2011-07-25 11:17:00,2011,7,25,11
9266,2011-07-25 11:36:00,2011,7,25,11
9267,2011-07-25 11:37:00,2011,7,25,11
9268,2011-07-25 11:43:00,2011,7,25,11
9269,2011-07-25 11:49:00,2011,7,25,11
9270,2011-07-25 11:53:00,2011,7,25,11
9271,2011-07-25 12:09:00,2011,7,25,12
9272,2011-07-25 12:12:00,2011,7,25,12
9273,2011-07-25 12:22:00,2011,7,25,12
9274,2011-07-25 12:25:00,2011,7,25,12
9275,2011-07-25 12:34:00,2011,7,25,12
9276,2011-07-25 12:50:00,2011,7,25,12
9277,2011-07-25 12:58:00,2011,7,25,12
9278,2011-07-25 12:59:00,2011,7,25,12
9279,2011-07-25 13:00:00,2011,7,25,13
9280,2011-07-25 13:06:00,2011,7,25,13
9281,2011-07-25 13:16:00,2011,7,25,13
9282,2011-07-25 13:28:00,2011,7,25,13
9283,2011-07-25 13:37:00,2011,7,25,13
9284,2011-07-25 13:42:00,2011,7,25,13
9285,2011-07-25 13:45:00,2011,7,25,13
9286,2011-07-25 13:46:00,2011,7,25,13
9287,2011-07-25 13:54:00,2011,7,25,13
9288,2011-07-25 13:57:00,2011,7,25,13
9289,2011-07-25 14:35:00,2011,7,25,14
9290,2011-07-25 14:45:00,2011,7,25,14
9291,2011-07-25 15:01:00,2011,7,25,15
9292,2011-07-25 15:08:00,2011,7,25,15
9293,2011-07-25 15:14:00,2011,7,25,15
9294,2011-07-25 15:17:00,2011,7,25,15
9295,2011-07-25 15:22:00,2011,7,25,15
9296,2011-07-25 15:48:00,2011,7,25,15
9297,2011-07-25 16:18:00,2011,7,25,16
9298,2011-07-25 16:20:00,2011,7,25,16
9299,2011-07-25 16:39:00,2011,7,25,16
9300,2011-07-25 17:04:00,2011,7,25,17
9301,2011-07-26 08:51:00,2011,7,26,8
9302,2011-07-26 09:20:00,2011,7,26,9
9303,2011-07-26 09:23:00,2011,7,26,9
9304,2011-07-26 09:27:00,2011,7,26,9
9305,2011-07-26 09:51:00,2011,7,26,9
9306,2011-07-26 09:55:00,2011,7,26,9
9307,2011-07-26 10:13:00,2011,7,26,10
9308,2011-07-26 10:16:00,2011,7,26,10
9309,2011-07-26 10:20:00,2011,7,26,10
9310,2011-07-26 10:27:00,2011,7,26,10
9311,2011-07-26 11:00:00,2011,7,26,11
9312,2011-07-26 11:05:00,2011,7,26,11
9313,2011-07-26 11:24:00,2011,7,26,11
9314,2011-07-26 11:38:00,2011,7,26,11
9315,2011-07-26 11:39:00,2011,7,26,11
9316,2011-07-26 12:00:00,2011,7,26,12
9317,2011-07-26 12:03:00,2011,7,26,12
9318,2011-07-26 12:04:00,2011,7,26,12
9319,2011-07-26 12:24:00,2011,7,26,12
9320,2011-07-26 12:26:00,2011,7,26,12
9321,2011-07-26 12:28:00,2011,7,26,12
9322,2011-07-26 12:36:00,2011,7,26,12
9323,2011-07-26 12:57:00,2011,7,26,12
9324,2011-07-26 12:59:00,2011,7,26,12
9325,2011-07-26 13:03:00,2011,7,26,13
9326,2011-07-26 13:45:00,2011,7,26,13
9327,2011-07-26 13:46:00,2011,7,26,13
9328,2011-07-26 13:57:00,2011,7,26,13
9329,2011-07-26 14:03:00,2011,7,26,14
9330,2011-07-26 14:24:00,2011,7,26,14
9331,2011-07-26 14:25:00,2011,7,26,14
9332,2011-07-26 14:27:00,2011,7,26,14
9333,2011-07-26 14:41:00,2011,7,26,14
9334,2011-07-26 14:42:00,2011,7,26,14
9335,2011-07-26 14:51:00,2011,7,26,14
9336,2011-07-26 14:56:00,2011,7,26,14
9337,2011-07-26 15:29:00,2011,7,26,15
9338,2011-07-26 15:37:00,2011,7,26,15
9339,2011-07-26 15:42:00,2011,7,26,15
9340,2011-07-26 15:45:00,2011,7,26,15
9341,2011-07-26 16:00:00,2011,7,26,16
9342,2011-07-26 16:55:00,2011,7,26,16
9343,2011-07-26 17:14:00,2011,7,26,17
9344,2011-07-26 17:27:00,2011,7,26,17
9345,2011-07-27 08:35:00,2011,7,27,8
9346,2011-07-27 09:01:00,2011,7,27,9
9347,2011-07-27 09:13:00,2011,7,27,9
9348,2011-07-27 09:14:00,2011,7,27,9
9349,2011-07-27 09:22:00,2011,7,27,9
9350,2011-07-27 09:32:00,2011,7,27,9
9351,2011-07-27 09:37:00,2011,7,27,9
9352,2011-07-27 09:52:00,2011,7,27,9
9353,2011-07-27 09:59:00,2011,7,27,9
9354,2011-07-27 10:10:00,2011,7,27,10
9355,2011-07-27 10:29:00,2011,7,27,10
9356,2011-07-27 10:40:00,2011,7,27,10
9357,2011-07-27 10:41:00,2011,7,27,10
9358,2011-07-27 10:52:00,2011,7,27,10
9359,2011-07-27 10:53:00,2011,7,27,10
9360,2011-07-27 11:29:00,2011,7,27,11
9361,2011-07-27 11:47:00,2011,7,27,11
9362,2011-07-27 11:58:00,2011,7,27,11
9363,2011-07-27 12:19:00,2011,7,27,12
9364,2011-07-27 12:38:00,2011,7,27,12
9365,2011-07-27 12:45:00,2011,7,27,12
9366,2011-07-27 12:50:00,2011,7,27,12
9367,2011-07-27 12:58:00,2011,7,27,12
9368,2011-07-27 13:00:00,2011,7,27,13
9369,2011-07-27 13:14:00,2011,7,27,13
9370,2011-07-27 13:15:00,2011,7,27,13
9371,2011-07-27 13:17:00,2011,7,27,13
9372,2011-07-27 13:18:00,2011,7,27,13
9373,2011-07-27 13:42:00,2011,7,27,13
9374,2011-07-27 13:51:00,2011,7,27,13
9375,2011-07-27 14:14:00,2011,7,27,14
9376,2011-07-27 14:21:00,2011,7,27,14
9377,2011-07-27 14:23:00,2011,7,27,14
9378,2011-07-27 15:02:00,2011,7,27,15
9379,2011-07-27 15:09:00,2011,7,27,15
9380,2011-07-27 15:14:00,2011,7,27,15
9381,2011-07-27 15:17:00,2011,7,27,15
9382,2011-07-27 15:20:00,2011,7,27,15
9383,2011-07-27 17:01:00,2011,7,27,17
9384,2011-07-27 17:03:00,2011,7,27,17
9385,2011-07-27 17:06:00,2011,7,27,17
9386,2011-07-27 17:08:00,2011,7,27,17
9387,2011-07-28 08:55:00,2011,7,28,8
9388,2011-07-28 09:19:00,2011,7,28,9
9389,2011-07-28 09:21:00,2011,7,28,9
9390,2011-07-28 09:27:00,2011,7,28,9
9391,2011-07-28 09:30:00,2011,7,28,9
9392,2011-07-28 09:32:00,2011,7,28,9
9393,2011-07-28 09:45:00,2011,7,28,9
9394,2011-07-28 09:48:00,2011,7,28,9
9395,2011-07-28 09:58:00,2011,7,28,9
9396,2011-07-28 10:09:00,2011,7,28,10
9397,2011-07-28 10:14:00,2011,7,28,10
9398,2011-07-28 10:24:00,2011,7,28,10
9399,2011-07-28 10:33:00,2011,7,28,10
9400,2011-07-28 10:38:00,2011,7,28,10
9401,2011-07-28 10:46:00,2011,7,28,10
9402,2011-07-28 11:18:00,2011,7,28,11
9403,2011-07-28 11:20:00,2011,7,28,11
9404,2011-07-28 11:22:00,2011,7,28,11
9405,2011-07-28 11:26:00,2011,7,28,11
9406,2011-07-28 11:29:00,2011,7,28,11
9407,2011-07-28 11:35:00,2011,7,28,11
9408,2011-07-28 12:05:00,2011,7,28,12
9409,2011-07-28 12:06:00,2011,7,28,12
9410,2011-07-28 12:09:00,2011,7,28,12
9411,2011-07-28 12:15:00,2011,7,28,12
9412,2011-07-28 12:28:00,2011,7,28,12
9413,2011-07-28 12:29:00,2011,7,28,12
9414,2011-07-28 12:50:00,2011,7,28,12
9415,2011-07-28 12:57:00,2011,7,28,12
9416,2011-07-28 13:02:00,2011,7,28,13
9417,2011-07-28 13:05:00,2011,7,28,13
9418,2011-07-28 13:28:00,2011,7,28,13
9419,2011-07-28 13:54:00,2011,7,28,13
9420,2011-07-28 14:03:00,2011,7,28,14
9421,2011-07-28 14:08:00,2011,7,28,14
9422,2011-07-28 14:13:00,2011,7,28,14
9423,2011-07-28 14:16:00,2011,7,28,14
9424,2011-07-28 14:27:00,2011,7,28,14
9425,2011-07-28 14:30:00,2011,7,28,14
9426,2011-07-28 14:33:00,2011,7,28,14
9427,2011-07-28 14:34:00,2011,7,28,14
9428,2011-07-28 14:35:00,2011,7,28,14
9429,2011-07-28 14:36:00,2011,7,28,14
9430,2011-07-28 14:45:00,2011,7,28,14
9431,2011-07-28 14:54:00,2011,7,28,14
9432,2011-07-28 15:03:00,2011,7,28,15
9433,2011-07-28 15:04:00,2011,7,28,15
9434,2011-07-28 15:15:00,2011,7,28,15
9435,2011-07-28 15:16:00,2011,7,28,15
9436,2011-07-28 15:19:00,2011,7,28,15
9437,2011-07-28 15:20:00,2011,7,28,15
9438,2011-07-28 15:21:00,2011,7,28,15
9439,2011-07-28 15:31:00,2011,7,28,15
9440,2011-07-28 15:55:00,2011,7,28,15
9441,2011-07-28 15:58:00,2011,7,28,15
9442,2011-07-28 16:00:00,2011,7,28,16
9443,2011-07-28 16:03:00,2011,7,28,16
9444,2011-07-28 16:04:00,2011,7,28,16
9445,2011-07-28 16:06:00,2011,7,28,16
9446,2011-07-28 16:11:00,2011,7,28,16
9447,2011-07-28 16:21:00,2011,7,28,16
9448,2011-07-28 16:28:00,2011,7,28,16
9449,2011-07-28 16:53:00,2011,7,28,16
9450,2011-07-28 17:09:00,2011,7,28,17
9451,2011-07-28 17:15:00,2011,7,28,17
9452,2011-07-28 17:17:00,2011,7,28,17
9453,2011-07-28 17:18:00,2011,7,28,17
9454,2011-07-28 17:33:00,2011,7,28,17
9455,2011-07-28 17:53:00,2011,7,28,17
9456,2011-07-28 18:23:00,2011,7,28,18
9457,2011-07-28 18:33:00,2011,7,28,18
9458,2011-07-28 18:56:00,2011,7,28,18
9459,2011-07-28 19:13:00,2011,7,28,19
9460,2011-07-28 19:34:00,2011,7,28,19
9461,2011-07-28 19:46:00,2011,7,28,19
9462,2011-07-29 08:29:00,2011,7,29,8
9463,2011-07-29 08:30:00,2011,7,29,8
9464,2011-07-29 08:48:00,2011,7,29,8
9465,2011-07-29 09:01:00,2011,7,29,9
9466,2011-07-29 09:11:00,2011,7,29,9
9467,2011-07-29 09:48:00,2011,7,29,9
9468,2011-07-29 09:57:00,2011,7,29,9
9469,2011-07-29 10:00:00,2011,7,29,10
9470,2011-07-29 10:06:00,2011,7,29,10
9471,2011-07-29 10:21:00,2011,7,29,10
9472,2011-07-29 10:32:00,2011,7,29,10
9473,2011-07-29 10:34:00,2011,7,29,10
9474,2011-07-29 10:41:00,2011,7,29,10
9475,2011-07-29 10:58:00,2011,7,29,10
9476,2011-07-29 11:07:00,2011,7,29,11
9477,2011-07-29 11:23:00,2011,7,29,11
9478,2011-07-29 11:25:00,2011,7,29,11
9479,2011-07-29 11:27:00,2011,7,29,11
9480,2011-07-29 11:28:00,2011,7,29,11
9481,2011-07-29 11:35:00,2011,7,29,11
9482,2011-07-29 11:45:00,2011,7,29,11
9483,2011-07-29 11:49:00,2011,7,29,11
9484,2011-07-29 11:56:00,2011,7,29,11
9485,2011-07-29 12:03:00,2011,7,29,12
9486,2011-07-29 12:09:00,2011,7,29,12
9487,2011-07-29 12:13:00,2011,7,29,12
9488,2011-07-29 12:16:00,2011,7,29,12
9489,2011-07-29 12:18:00,2011,7,29,12
9490,2011-07-29 12:41:00,2011,7,29,12
9491,2011-07-29 12:50:00,2011,7,29,12
9492,2011-07-29 13:11:00,2011,7,29,13
9493,2011-07-29 13:28:00,2011,7,29,13
9494,2011-07-29 13:34:00,2011,7,29,13
9495,2011-07-29 13:37:00,2011,7,29,13
9496,2011-07-29 13:39:00,2011,7,29,13
9497,2011-07-29 13:46:00,2011,7,29,13
9498,2011-07-29 14:13:00,2011,7,29,14
9499,2011-07-29 14:14:00,2011,7,29,14
9500,2011-07-29 14:29:00,2011,7,29,14
9501,2011-07-29 14:39:00,2011,7,29,14
9502,2011-07-29 14:40:00,2011,7,29,14
9503,2011-07-29 14:55:00,2011,7,29,14
9504,2011-07-29 15:02:00,2011,7,29,15
9505,2011-07-29 15:11:00,2011,7,29,15
9506,2011-07-29 15:12:00,2011,7,29,15
9507,2011-07-29 15:25:00,2011,7,29,15
9508,2011-07-29 15:40:00,2011,7,29,15
9509,2011-07-29 15:42:00,2011,7,29,15
9510,2011-07-29 15:46:00,2011,7,29,15
9511,2011-07-29 15:51:00,2011,7,29,15
9512,2011-07-29 15:59:00,2011,7,29,15
9513,2011-07-29 16:24:00,2011,7,29,16
9514,2011-07-29 16:39:00,2011,7,29,16
9515,2011-07-29 17:19:00,2011,7,29,17
9516,2011-07-29 17:28:00,2011,7,29,17
9517,2011-07-31 10:28:00,2011,7,31,10
9518,2011-07-31 10:38:00,2011,7,31,10
9519,2011-07-31 10:40:00,2011,7,31,10
9520,2011-07-31 10:43:00,2011,7,31,10
9521,2011-07-31 10:47:00,2011,7,31,10
9522,2011-07-31 10:48:00,2011,7,31,10
9523,2011-07-31 10:59:00,2011,7,31,10
9524,2011-07-31 11:26:00,2011,7,31,11
9525,2011-07-31 11:38:00,2011,7,31,11
9526,2011-07-31 11:45:00,2011,7,31,11
9527,2011-07-31 11:46:00,2011,7,31,11
9528,2011-07-31 11:48:00,2011,7,31,11
9529,2011-07-31 12:02:00,2011,7,31,12
9530,2011-07-31 12:05:00,2011,7,31,12
9531,2011-07-31 12:08:00,2011,7,31,12
9532,2011-07-31 12:16:00,2011,7,31,12
9533,2011-07-31 12:34:00,2011,7,31,12
9534,2011-07-31 12:43:00,2011,7,31,12
9535,2011-07-31 12:44:00,2011,7,31,12
9536,2011-07-31 12:47:00,2011,7,31,12
9537,2011-07-31 12:52:00,2011,7,31,12
9538,2011-07-31 13:07:00,2011,7,31,13
9539,2011-07-31 13:13:00,2011,7,31,13
9540,2011-07-31 13:33:00,2011,7,31,13
9541,2011-07-31 13:36:00,2011,7,31,13
9542,2011-07-31 13:37:00,2011,7,31,13
9543,2011-07-31 14:17:00,2011,7,31,14
9544,2011-07-31 14:19:00,2011,7,31,14
9545,2011-07-31 14:39:00,2011,7,31,14
9546,2011-07-31 15:00:00,2011,7,31,15
9547,2011-07-31 15:04:00,2011,7,31,15
9548,2011-07-31 15:22:00,2011,7,31,15
9549,2011-07-31 15:24:00,2011,7,31,15
9550,2011-07-31 15:25:00,2011,7,31,15
9551,2011-07-31 15:26:00,2011,7,31,15
9552,2011-07-31 15:31:00,2011,7,31,15
9553,2011-07-31 15:42:00,2011,7,31,15
9554,2011-07-31 15:50:00,2011,7,31,15
9555,2011-07-31 16:04:00,2011,7,31,16
9556,2011-08-01 08:30:00,2011,8,1,8
9557,2011-08-01 09:31:00,2011,8,1,9
9558,2011-08-01 10:03:00,2011,8,1,10
9559,2011-08-01 10:08:00,2011,8,1,10
9560,2011-08-01 10:09:00,2011,8,1,10
9561,2011-08-01 10:23:00,2011,8,1,10
9562,2011-08-01 10:26:00,2011,8,1,10
9563,2011-08-01 11:08:00,2011,8,1,11
9564,2011-08-01 11:12:00,2011,8,1,11
9565,2011-08-01 11:13:00,2011,8,1,11
9566,2011-08-01 11:23:00,2011,8,1,11
9567,2011-08-01 11:44:00,2011,8,1,11
9568,2011-08-01 11:57:00,2011,8,1,11
9569,2011-08-01 12:12:00,2011,8,1,12
9570,2011-08-01 12:16:00,2011,8,1,12
9571,2011-08-01 12:28:00,2011,8,1,12
9572,2011-08-01 12:48:00,2011,8,1,12
9573,2011-08-01 12:50:00,2011,8,1,12
9574,2011-08-01 12:56:00,2011,8,1,12
9575,2011-08-01 12:57:00,2011,8,1,12
9576,2011-08-01 13:02:00,2011,8,1,13
9577,2011-08-01 13:03:00,2011,8,1,13
9578,2011-08-01 13:11:00,2011,8,1,13
9579,2011-08-01 13:29:00,2011,8,1,13
9580,2011-08-01 13:31:00,2011,8,1,13
9581,2011-08-01 13:44:00,2011,8,1,13
9582,2011-08-01 13:48:00,2011,8,1,13
9583,2011-08-01 13:54:00,2011,8,1,13
9584,2011-08-01 14:05:00,2011,8,1,14
9585,2011-08-01 14:06:00,2011,8,1,14
9586,2011-08-01 14:16:00,2011,8,1,14
9587,2011-08-01 14:29:00,2011,8,1,14
9588,2011-08-01 14:57:00,2011,8,1,14
9589,2011-08-01 15:37:00,2011,8,1,15
9590,2011-08-01 15:57:00,2011,8,1,15
9591,2011-08-01 16:16:00,2011,8,1,16
9592,2011-08-01 16:41:00,2011,8,1,16
9593,2011-08-01 17:37:00,2011,8,1,17
9594,2011-08-02 08:48:00,2011,8,2,8
9595,2011-08-02 08:49:00,2011,8,2,8
9596,2011-08-02 09:14:00,2011,8,2,9
9597,2011-08-02 09:29:00,2011,8,2,9
9598,2011-08-02 09:34:00,2011,8,2,9
9599,2011-08-02 09:35:00,2011,8,2,9
9600,2011-08-02 09:55:00,2011,8,2,9
9601,2011-08-02 10:00:00,2011,8,2,10
9602,2011-08-02 10:19:00,2011,8,2,10
9603,2011-08-02 10:24:00,2011,8,2,10
9604,2011-08-02 10:33:00,2011,8,2,10
9605,2011-08-02 10:34:00,2011,8,2,10
9606,2011-08-02 10:38:00,2011,8,2,10
9607,2011-08-02 11:33:00,2011,8,2,11
9608,2011-08-02 11:34:00,2011,8,2,11
9609,2011-08-02 12:11:00,2011,8,2,12
9610,2011-08-02 12:27:00,2011,8,2,12
9611,2011-08-02 12:31:00,2011,8,2,12
9612,2011-08-02 12:35:00,2011,8,2,12
9613,2011-08-02 12:55:00,2011,8,2,12
9614,2011-08-02 12:59:00,2011,8,2,12
9615,2011-08-02 13:09:00,2011,8,2,13
9616,2011-08-02 13:15:00,2011,8,2,13
9617,2011-08-02 13:16:00,2011,8,2,13
9618,2011-08-02 13:31:00,2011,8,2,13
9619,2011-08-02 13:46:00,2011,8,2,13
9620,2011-08-02 14:00:00,2011,8,2,14
9621,2011-08-02 14:04:00,2011,8,2,14
9622,2011-08-02 14:21:00,2011,8,2,14
9623,2011-08-02 14:23:00,2011,8,2,14
9624,2011-08-02 14:50:00,2011,8,2,14
9625,2011-08-02 15:19:00,2011,8,2,15
9626,2011-08-02 15:29:00,2011,8,2,15
9627,2011-08-02 15:40:00,2011,8,2,15
9628,2011-08-02 15:42:00,2011,8,2,15
9629,2011-08-02 15:53:00,2011,8,2,15
9630,2011-08-02 17:04:00,2011,8,2,17
9631,2011-08-02 17:19:00,2011,8,2,17
9632,2011-08-02 17:29:00,2011,8,2,17
9633,2011-08-03 08:21:00,2011,8,3,8
9634,2011-08-03 09:06:00,2011,8,3,9
9635,2011-08-03 09:07:00,2011,8,3,9
9636,2011-08-03 09:09:00,2011,8,3,9
9637,2011-08-03 09:13:00,2011,8,3,9
9638,2011-08-03 09:30:00,2011,8,3,9
9639,2011-08-03 09:40:00,2011,8,3,9
9640,2011-08-03 09:47:00,2011,8,3,9
9641,2011-08-03 09:59:00,2011,8,3,9
9642,2011-08-03 10:04:00,2011,8,3,10
9643,2011-08-03 10:11:00,2011,8,3,10
9644,2011-08-03 10:12:00,2011,8,3,10
9645,2011-08-03 10:41:00,2011,8,3,10
9646,2011-08-03 10:45:00,2011,8,3,10
9647,2011-08-03 10:49:00,2011,8,3,10
9648,2011-08-03 10:56:00,2011,8,3,10
9649,2011-08-03 11:21:00,2011,8,3,11
9650,2011-08-03 11:24:00,2011,8,3,11
9651,2011-08-03 11:35:00,2011,8,3,11
9652,2011-08-03 11:44:00,2011,8,3,11
9653,2011-08-03 11:45:00,2011,8,3,11
9654,2011-08-03 11:58:00,2011,8,3,11
9655,2011-08-03 12:03:00,2011,8,3,12
9656,2011-08-03 12:06:00,2011,8,3,12
9657,2011-08-03 12:10:00,2011,8,3,12
9658,2011-08-03 12:12:00,2011,8,3,12
9659,2011-08-03 12:20:00,2011,8,3,12
9660,2011-08-03 12:21:00,2011,8,3,12
9661,2011-08-03 12:31:00,2011,8,3,12
9662,2011-08-03 12:33:00,2011,8,3,12
9663,2011-08-03 12:50:00,2011,8,3,12
9664,2011-08-03 12:54:00,2011,8,3,12
9665,2011-08-03 12:55:00,2011,8,3,12
9666,2011-08-03 12:56:00,2011,8,3,12
9667,2011-08-03 12:58:00,2011,8,3,12
9668,2011-08-03 13:06:00,2011,8,3,13
9669,2011-08-03 13:10:00,2011,8,3,13
9670,2011-08-03 13:22:00,2011,8,3,13
9671,2011-08-03 13:39:00,2011,8,3,13
9672,2011-08-03 13:50:00,2011,8,3,13
9673,2011-08-03 14:06:00,2011,8,3,14
9674,2011-08-03 14:07:00,2011,8,3,14
9675,2011-08-03 14:14:00,2011,8,3,14
9676,2011-08-03 14:19:00,2011,8,3,14
9677,2011-08-03 14:33:00,2011,8,3,14
9678,2011-08-03 14:35:00,2011,8,3,14
9679,2011-08-03 14:54:00,2011,8,3,14
9680,2011-08-03 15:02:00,2011,8,3,15
9681,2011-08-03 15:14:00,2011,8,3,15
9682,2011-08-03 15:28:00,2011,8,3,15
9683,2011-08-03 15:34:00,2011,8,3,15
9684,2011-08-03 15:38:00,2011,8,3,15
9685,2011-08-03 15:39:00,2011,8,3,15
9686,2011-08-03 15:45:00,2011,8,3,15
9687,2011-08-03 16:35:00,2011,8,3,16
9688,2011-08-03 16:42:00,2011,8,3,16
9689,2011-08-03 17:05:00,2011,8,3,17
9690,2011-08-04 08:18:00,2011,8,4,8
9691,2011-08-04 09:55:00,2011,8,4,9
9692,2011-08-04 10:00:00,2011,8,4,10
9693,2011-08-04 10:04:00,2011,8,4,10
9694,2011-08-04 10:23:00,2011,8,4,10
9695,2011-08-04 10:24:00,2011,8,4,10
9696,2011-08-04 10:38:00,2011,8,4,10
9697,2011-08-04 10:43:00,2011,8,4,10
9698,2011-08-04 10:44:00,2011,8,4,10
9699,2011-08-04 10:45:00,2011,8,4,10
9700,2011-08-04 11:07:00,2011,8,4,11
9701,2011-08-04 11:16:00,2011,8,4,11
9702,2011-08-04 11:38:00,2011,8,4,11
9703,2011-08-04 11:44:00,2011,8,4,11
9704,2011-08-04 11:59:00,2011,8,4,11
9705,2011-08-04 12:05:00,2011,8,4,12
9706,2011-08-04 12:13:00,2011,8,4,12
9707,2011-08-04 12:14:00,2011,8,4,12
9708,2011-08-04 12:22:00,2011,8,4,12
9709,2011-08-04 12:36:00,2011,8,4,12
9710,2011-08-04 13:03:00,2011,8,4,13
9711,2011-08-04 13:10:00,2011,8,4,13
9712,2011-08-04 13:15:00,2011,8,4,13
9713,2011-08-04 13:25:00,2011,8,4,13
9714,2011-08-04 13:51:00,2011,8,4,13
9715,2011-08-04 14:01:00,2011,8,4,14
9716,2011-08-04 14:06:00,2011,8,4,14
9717,2011-08-04 14:12:00,2011,8,4,14
9718,2011-08-04 14:20:00,2011,8,4,14
9719,2011-08-04 14:30:00,2011,8,4,14
9720,2011-08-04 14:33:00,2011,8,4,14
9721,2011-08-04 14:40:00,2011,8,4,14
9722,2011-08-04 15:04:00,2011,8,4,15
9723,2011-08-04 15:07:00,2011,8,4,15
9724,2011-08-04 15:17:00,2011,8,4,15
9725,2011-08-04 15:23:00,2011,8,4,15
9726,2011-08-04 15:33:00,2011,8,4,15
9727,2011-08-04 15:51:00,2011,8,4,15
9728,2011-08-04 15:52:00,2011,8,4,15
9729,2011-08-04 15:55:00,2011,8,4,15
9730,2011-08-04 16:07:00,2011,8,4,16
9731,2011-08-04 16:17:00,2011,8,4,16
9732,2011-08-04 16:31:00,2011,8,4,16
9733,2011-08-04 16:34:00,2011,8,4,16
9734,2011-08-04 16:36:00,2011,8,4,16
9735,2011-08-04 16:41:00,2011,8,4,16
9736,2011-08-04 16:59:00,2011,8,4,16
9737,2011-08-04 17:07:00,2011,8,4,17
9738,2011-08-04 17:13:00,2011,8,4,17
9739,2011-08-04 17:19:00,2011,8,4,17
9740,2011-08-04 17:22:00,2011,8,4,17
9741,2011-08-04 17:23:00,2011,8,4,17
9742,2011-08-04 17:26:00,2011,8,4,17
9743,2011-08-04 17:37:00,2011,8,4,17
9744,2011-08-04 17:38:00,2011,8,4,17
9745,2011-08-04 17:40:00,2011,8,4,17
9746,2011-08-04 17:45:00,2011,8,4,17
9747,2011-08-04 17:51:00,2011,8,4,17
9748,2011-08-04 17:55:00,2011,8,4,17
9749,2011-08-04 17:58:00,2011,8,4,17
9750,2011-08-04 18:06:00,2011,8,4,18
9751,2011-08-04 18:07:00,2011,8,4,18
9752,2011-08-04 18:18:00,2011,8,4,18
9753,2011-08-04 18:31:00,2011,8,4,18
9754,2011-08-04 18:37:00,2011,8,4,18
9755,2011-08-04 18:44:00,2011,8,4,18
9756,2011-08-04 18:51:00,2011,8,4,18
9757,2011-08-04 19:06:00,2011,8,4,19
9758,2011-08-04 19:20:00,2011,8,4,19
9759,2011-08-04 19:22:00,2011,8,4,19
9760,2011-08-04 20:01:00,2011,8,4,20
9761,2011-08-05 08:40:00,2011,8,5,8
9762,2011-08-05 09:25:00,2011,8,5,9
9763,2011-08-05 09:44:00,2011,8,5,9
9764,2011-08-05 10:31:00,2011,8,5,10
9765,2011-08-05 10:32:00,2011,8,5,10
9766,2011-08-05 10:39:00,2011,8,5,10
9767,2011-08-05 11:00:00,2011,8,5,11
9768,2011-08-05 11:16:00,2011,8,5,11
9769,2011-08-05 11:17:00,2011,8,5,11
9770,2011-08-05 11:19:00,2011,8,5,11
9771,2011-08-05 11:21:00,2011,8,5,11
9772,2011-08-05 11:46:00,2011,8,5,11
9773,2011-08-05 11:49:00,2011,8,5,11
9774,2011-08-05 11:50:00,2011,8,5,11
9775,2011-08-05 11:52:00,2011,8,5,11
9776,2011-08-05 12:06:00,2011,8,5,12
9777,2011-08-05 12:25:00,2011,8,5,12
9778,2011-08-05 12:27:00,2011,8,5,12
9779,2011-08-05 12:30:00,2011,8,5,12
9780,2011-08-05 12:37:00,2011,8,5,12
9781,2011-08-05 12:38:00,2011,8,5,12
9782,2011-08-05 12:48:00,2011,8,5,12
9783,2011-08-05 13:26:00,2011,8,5,13
9784,2011-08-05 13:28:00,2011,8,5,13
9785,2011-08-05 13:35:00,2011,8,5,13
9786,2011-08-05 13:46:00,2011,8,5,13
9787,2011-08-05 13:49:00,2011,8,5,13
9788,2011-08-05 13:52:00,2011,8,5,13
9789,2011-08-05 14:05:00,2011,8,5,14
9790,2011-08-05 14:30:00,2011,8,5,14
9791,2011-08-05 14:31:00,2011,8,5,14
9792,2011-08-05 14:36:00,2011,8,5,14
9793,2011-08-05 14:49:00,2011,8,5,14
9794,2011-08-05 14:50:00,2011,8,5,14
9795,2011-08-05 15:02:00,2011,8,5,15
9796,2011-08-05 15:07:00,2011,8,5,15
9797,2011-08-05 15:30:00,2011,8,5,15
9798,2011-08-05 15:38:00,2011,8,5,15
9799,2011-08-05 15:39:00,2011,8,5,15
9800,2011-08-05 15:40:00,2011,8,5,15
9801,2011-08-05 15:45:00,2011,8,5,15
9802,2011-08-05 15:46:00,2011,8,5,15
9803,2011-08-05 16:10:00,2011,8,5,16
9804,2011-08-05 16:16:00,2011,8,5,16
9805,2011-08-05 16:19:00,2011,8,5,16
9806,2011-08-05 16:23:00,2011,8,5,16
9807,2011-08-05 16:37:00,2011,8,5,16
9808,2011-08-05 16:43:00,2011,8,5,16
9809,2011-08-05 17:12:00,2011,8,5,17
9810,2011-08-05 17:43:00,2011,8,5,17
9811,2011-08-07 10:24:00,2011,8,7,10
9812,2011-08-07 10:43:00,2011,8,7,10
9813,2011-08-07 10:45:00,2011,8,7,10
9814,2011-08-07 10:55:00,2011,8,7,10
9815,2011-08-07 11:40:00,2011,8,7,11
9816,2011-08-07 11:59:00,2011,8,7,11
9817,2011-08-07 12:05:00,2011,8,7,12
9818,2011-08-07 12:10:00,2011,8,7,12
9819,2011-08-07 12:21:00,2011,8,7,12
9820,2011-08-07 12:40:00,2011,8,7,12
9821,2011-08-07 12:42:00,2011,8,7,12
9822,2011-08-07 12:54:00,2011,8,7,12
9823,2011-08-07 13:08:00,2011,8,7,13
9824,2011-08-07 13:17:00,2011,8,7,13
9825,2011-08-07 13:30:00,2011,8,7,13
9826,2011-08-07 13:31:00,2011,8,7,13
9827,2011-08-07 13:43:00,2011,8,7,13
9828,2011-08-07 13:54:00,2011,8,7,13
9829,2011-08-07 14:16:00,2011,8,7,14
9830,2011-08-07 14:27:00,2011,8,7,14
9831,2011-08-07 14:33:00,2011,8,7,14
9832,2011-08-07 14:34:00,2011,8,7,14
9833,2011-08-07 15:16:00,2011,8,7,15
9834,2011-08-07 15:39:00,2011,8,7,15
9835,2011-08-07 15:40:00,2011,8,7,15
9836,2011-08-07 15:43:00,2011,8,7,15
9837,2011-08-07 15:52:00,2011,8,7,15
9838,2011-08-08 09:22:00,2011,8,8,9
9839,2011-08-08 10:00:00,2011,8,8,10
9840,2011-08-08 10:01:00,2011,8,8,10
9841,2011-08-08 10:11:00,2011,8,8,10
9842,2011-08-08 10:40:00,2011,8,8,10
9843,2011-08-08 10:51:00,2011,8,8,10
9844,2011-08-08 10:59:00,2011,8,8,10
9845,2011-08-08 11:28:00,2011,8,8,11
9846,2011-08-08 11:45:00,2011,8,8,11
9847,2011-08-08 11:55:00,2011,8,8,11
9848,2011-08-08 11:56:00,2011,8,8,11
9849,2011-08-08 11:58:00,2011,8,8,11
9850,2011-08-08 12:00:00,2011,8,8,12
9851,2011-08-08 12:15:00,2011,8,8,12
9852,2011-08-08 12:20:00,2011,8,8,12
9853,2011-08-08 12:28:00,2011,8,8,12
9854,2011-08-08 12:34:00,2011,8,8,12
9855,2011-08-08 12:36:00,2011,8,8,12
9856,2011-08-08 13:11:00,2011,8,8,13
9857,2011-08-08 13:12:00,2011,8,8,13
9858,2011-08-08 13:34:00,2011,8,8,13
9859,2011-08-08 13:42:00,2011,8,8,13
9860,2011-08-08 13:46:00,2011,8,8,13
9861,2011-08-08 13:53:00,2011,8,8,13
9862,2011-08-08 13:59:00,2011,8,8,13
9863,2011-08-08 14:15:00,2011,8,8,14
9864,2011-08-08 14:37:00,2011,8,8,14
9865,2011-08-08 14:53:00,2011,8,8,14
9866,2011-08-08 15:00:00,2011,8,8,15
9867,2011-08-08 15:17:00,2011,8,8,15
9868,2011-08-08 15:35:00,2011,8,8,15
9869,2011-08-08 16:07:00,2011,8,8,16
9870,2011-08-08 16:15:00,2011,8,8,16
9871,2011-08-08 16:18:00,2011,8,8,16
9872,2011-08-08 16:31:00,2011,8,8,16
9873,2011-08-08 16:43:00,2011,8,8,16
9874,2011-08-09 09:04:00,2011,8,9,9
9875,2011-08-09 09:26:00,2011,8,9,9
9876,2011-08-09 10:05:00,2011,8,9,10
9877,2011-08-09 10:16:00,2011,8,9,10
9878,2011-08-09 10:19:00,2011,8,9,10
9879,2011-08-09 10:20:00,2011,8,9,10
9880,2011-08-09 10:47:00,2011,8,9,10
9881,2011-08-09 10:49:00,2011,8,9,10
9882,2011-08-09 10:52:00,2011,8,9,10
9883,2011-08-09 11:56:00,2011,8,9,11
9884,2011-08-09 12:00:00,2011,8,9,12
9885,2011-08-09 12:07:00,2011,8,9,12
9886,2011-08-09 12:20:00,2011,8,9,12
9887,2011-08-09 12:21:00,2011,8,9,12
9888,2011-08-09 12:23:00,2011,8,9,12
9889,2011-08-09 12:52:00,2011,8,9,12
9890,2011-08-09 12:55:00,2011,8,9,12
9891,2011-08-09 12:58:00,2011,8,9,12
9892,2011-08-09 13:03:00,2011,8,9,13
9893,2011-08-09 13:10:00,2011,8,9,13
9894,2011-08-09 13:14:00,2011,8,9,13
9895,2011-08-09 13:22:00,2011,8,9,13
9896,2011-08-09 13:44:00,2011,8,9,13
9897,2011-08-09 13:48:00,2011,8,9,13
9898,2011-08-09 13:50:00,2011,8,9,13
9899,2011-08-09 13:51:00,2011,8,9,13
9900,2011-08-09 14:18:00,2011,8,9,14
9901,2011-08-09 14:48:00,2011,8,9,14
9902,2011-08-09 14:56:00,2011,8,9,14
9903,2011-08-09 14:57:00,2011,8,9,14
9904,2011-08-09 15:12:00,2011,8,9,15
9905,2011-08-09 15:22:00,2011,8,9,15
9906,2011-08-09 15:32:00,2011,8,9,15
9907,2011-08-09 15:59:00,2011,8,9,15
9908,2011-08-09 16:17:00,2011,8,9,16
9909,2011-08-09 16:27:00,2011,8,9,16
9910,2011-08-09 16:42:00,2011,8,9,16
9911,2011-08-09 16:44:00,2011,8,9,16
9912,2011-08-10 08:41:00,2011,8,10,8
9913,2011-08-10 09:34:00,2011,8,10,9
9914,2011-08-10 09:52:00,2011,8,10,9
9915,2011-08-10 10:08:00,2011,8,10,10
9916,2011-08-10 10:09:00,2011,8,10,10
9917,2011-08-10 10:12:00,2011,8,10,10
9918,2011-08-10 10:15:00,2011,8,10,10
9919,2011-08-10 10:45:00,2011,8,10,10
9920,2011-08-10 10:53:00,2011,8,10,10
9921,2011-08-10 10:57:00,2011,8,10,10
9922,2011-08-10 11:23:00,2011,8,10,11
9923,2011-08-10 11:24:00,2011,8,10,11
9924,2011-08-10 11:30:00,2011,8,10,11
9925,2011-08-10 11:41:00,2011,8,10,11
9926,2011-08-10 11:58:00,2011,8,10,11
9927,2011-08-10 12:11:00,2011,8,10,12
9928,2011-08-10 12:18:00,2011,8,10,12
9929,2011-08-10 12:24:00,2011,8,10,12
9930,2011-08-10 12:25:00,2011,8,10,12
9931,2011-08-10 12:35:00,2011,8,10,12
9932,2011-08-10 12:41:00,2011,8,10,12
9933,2011-08-10 12:44:00,2011,8,10,12
9934,2011-08-10 12:48:00,2011,8,10,12
9935,2011-08-10 13:15:00,2011,8,10,13
9936,2011-08-10 13:19:00,2011,8,10,13
9937,2011-08-10 13:25:00,2011,8,10,13
9938,2011-08-10 13:43:00,2011,8,10,13
9939,2011-08-10 13:51:00,2011,8,10,13
9940,2011-08-10 13:52:00,2011,8,10,13
9941,2011-08-10 14:13:00,2011,8,10,14
9942,2011-08-10 14:26:00,2011,8,10,14
9943,2011-08-10 14:34:00,2011,8,10,14
9944,2011-08-10 14:49:00,2011,8,10,14
9945,2011-08-10 14:51:00,2011,8,10,14
9946,2011-08-10 14:55:00,2011,8,10,14
9947,2011-08-10 15:29:00,2011,8,10,15
9948,2011-08-10 15:37:00,2011,8,10,15
9949,2011-08-10 16:01:00,2011,8,10,16
9950,2011-08-10 16:19:00,2011,8,10,16
9951,2011-08-10 16:39:00,2011,8,10,16
9952,2011-08-10 17:11:00,2011,8,10,17
9953,2011-08-11 08:37:00,2011,8,11,8
9954,2011-08-11 08:38:00,2011,8,11,8
9955,2011-08-11 08:39:00,2011,8,11,8
9956,2011-08-11 08:50:00,2011,8,11,8
9957,2011-08-11 09:34:00,2011,8,11,9
9958,2011-08-11 09:38:00,2011,8,11,9
9959,2011-08-11 09:45:00,2011,8,11,9
9960,2011-08-11 09:46:00,2011,8,11,9
9961,2011-08-11 09:47:00,2011,8,11,9
9962,2011-08-11 09:56:00,2011,8,11,9
9963,2011-08-11 09:57:00,2011,8,11,9
9964,2011-08-11 10:22:00,2011,8,11,10
9965,2011-08-11 10:29:00,2011,8,11,10
9966,2011-08-11 10:45:00,2011,8,11,10
9967,2011-08-11 10:53:00,2011,8,11,10
9968,2011-08-11 10:54:00,2011,8,11,10
9969,2011-08-11 10:55:00,2011,8,11,10
9970,2011-08-11 11:42:00,2011,8,11,11
9971,2011-08-11 11:44:00,2011,8,11,11
9972,2011-08-11 11:45:00,2011,8,11,11
9973,2011-08-11 11:51:00,2011,8,11,11
9974,2011-08-11 12:00:00,2011,8,11,12
9975,2011-08-11 12:01:00,2011,8,11,12
9976,2011-08-11 12:17:00,2011,8,11,12
9977,2011-08-11 12:44:00,2011,8,11,12
9978,2011-08-11 12:48:00,2011,8,11,12
9979,2011-08-11 12:53:00,2011,8,11,12
9980,2011-08-11 12:58:00,2011,8,11,12
9981,2011-08-11 13:25:00,2011,8,11,13
9982,2011-08-11 13:34:00,2011,8,11,13
9983,2011-08-11 13:39:00,2011,8,11,13
9984,2011-08-11 13:41:00,2011,8,11,13
9985,2011-08-11 14:04:00,2011,8,11,14
9986,2011-08-11 14:16:00,2011,8,11,14
9987,2011-08-11 14:34:00,2011,8,11,14
9988,2011-08-11 14:36:00,2011,8,11,14
9989,2011-08-11 14:38:00,2011,8,11,14
9990,2011-08-11 14:39:00,2011,8,11,14
9991,2011-08-11 14:48:00,2011,8,11,14
9992,2011-08-11 14:53:00,2011,8,11,14
9993,2011-08-11 14:54:00,2011,8,11,14
9994,2011-08-11 14:55:00,2011,8,11,14
9995,2011-08-11 15:02:00,2011,8,11,15
9996,2011-08-11 15:05:00,2011,8,11,15
9997,2011-08-11 15:24:00,2011,8,11,15
9998,2011-08-11 15:25:00,2011,8,11,15
9999,2011-08-11 15:34:00,2011,8,11,15
10000,2011-08-11 15:43:00,2011,8,11,15
10001,2011-08-11 15:56:00,2011,8,11,15
10002,2011-08-11 15:58:00,2011,8,11,15
10003,2011-08-11 16:11:00,2011,8,11,16
10004,2011-08-11 16:12:00,2011,8,11,16
10005,2011-08-11 16:30:00,2011,8,11,16
10006,2011-08-11 16:31:00,2011,8,11,16
10007,2011-08-11 16:32:00,2011,8,11,16
10008,2011-08-11 16:54:00,2011,8,11,16
10009,2011-08-11 17:00:00,2011,8,11,17
10010,2011-08-11 17:02:00,2011,8,11,17
10011,2011-08-11 17:14:00,2011,8,11,17
10012,2011-08-11 17:35:00,2011,8,11,17
10013,2011-08-12 09:04:00,2011,8,12,9
10014,2011-08-12 09:10:00,2011,8,12,9
10015,2011-08-12 09:11:00,2011,8,12,9
10016,2011-08-12 09:14:00,2011,8,12,9
10017,2011-08-12 09:37:00,2011,8,12,9
10018,2011-08-12 09:57:00,2011,8,12,9
10019,2011-08-12 10:08:00,2011,8,12,10
10020,2011-08-12 10:13:00,2011,8,12,10
10021,2011-08-12 11:07:00,2011,8,12,11
10022,2011-08-12 11:08:00,2011,8,12,11
10023,2011-08-12 11:09:00,2011,8,12,11
10024,2011-08-12 11:22:00,2011,8,12,11
10025,2011-08-12 11:29:00,2011,8,12,11
10026,2011-08-12 11:41:00,2011,8,12,11
10027,2011-08-12 11:48:00,2011,8,12,11
10028,2011-08-12 12:15:00,2011,8,12,12
10029,2011-08-12 12:16:00,2011,8,12,12
10030,2011-08-12 12:18:00,2011,8,12,12
10031,2011-08-12 12:36:00,2011,8,12,12
10032,2011-08-12 12:37:00,2011,8,12,12
10033,2011-08-12 12:41:00,2011,8,12,12
10034,2011-08-12 12:42:00,2011,8,12,12
10035,2011-08-12 12:44:00,2011,8,12,12
10036,2011-08-12 12:46:00,2011,8,12,12
10037,2011-08-12 13:15:00,2011,8,12,13
10038,2011-08-12 13:27:00,2011,8,12,13
10039,2011-08-12 13:40:00,2011,8,12,13
10040,2011-08-12 14:02:00,2011,8,12,14
10041,2011-08-12 14:03:00,2011,8,12,14
10042,2011-08-12 14:12:00,2011,8,12,14
10043,2011-08-12 14:19:00,2011,8,12,14
10044,2011-08-12 14:25:00,2011,8,12,14
10045,2011-08-12 14:32:00,2011,8,12,14
10046,2011-08-12 14:33:00,2011,8,12,14
10047,2011-08-12 14:47:00,2011,8,12,14
10048,2011-08-12 14:50:00,2011,8,12,14
10049,2011-08-12 15:00:00,2011,8,12,15
10050,2011-08-12 15:22:00,2011,8,12,15
10051,2011-08-12 16:07:00,2011,8,12,16
10052,2011-08-12 16:10:00,2011,8,12,16
10053,2011-08-12 16:36:00,2011,8,12,16
10054,2011-08-12 16:54:00,2011,8,12,16
10055,2011-08-14 10:38:00,2011,8,14,10
10056,2011-08-14 10:49:00,2011,8,14,10
10057,2011-08-14 10:52:00,2011,8,14,10
10058,2011-08-14 11:16:00,2011,8,14,11
10059,2011-08-14 11:31:00,2011,8,14,11
10060,2011-08-14 11:49:00,2011,8,14,11
10061,2011-08-14 12:03:00,2011,8,14,12
10062,2011-08-14 12:08:00,2011,8,14,12
10063,2011-08-14 12:12:00,2011,8,14,12
10064,2011-08-14 12:23:00,2011,8,14,12
10065,2011-08-14 12:27:00,2011,8,14,12
10066,2011-08-14 12:33:00,2011,8,14,12
10067,2011-08-14 12:41:00,2011,8,14,12
10068,2011-08-14 12:55:00,2011,8,14,12
10069,2011-08-14 12:56:00,2011,8,14,12
10070,2011-08-14 13:14:00,2011,8,14,13
10071,2011-08-14 13:21:00,2011,8,14,13
10072,2011-08-14 15:33:00,2011,8,14,15
10073,2011-08-14 15:34:00,2011,8,14,15
10074,2011-08-14 15:35:00,2011,8,14,15
10075,2011-08-14 15:39:00,2011,8,14,15
10076,2011-08-14 15:42:00,2011,8,14,15
10077,2011-08-14 15:56:00,2011,8,14,15
10078,2011-08-15 08:26:00,2011,8,15,8
10079,2011-08-15 09:18:00,2011,8,15,9
10080,2011-08-15 09:45:00,2011,8,15,9
10081,2011-08-15 09:57:00,2011,8,15,9
10082,2011-08-15 09:59:00,2011,8,15,9
10083,2011-08-15 10:02:00,2011,8,15,10
10084,2011-08-15 10:22:00,2011,8,15,10
10085,2011-08-15 10:28:00,2011,8,15,10
10086,2011-08-15 10:29:00,2011,8,15,10
10087,2011-08-15 10:53:00,2011,8,15,10
10088,2011-08-15 10:54:00,2011,8,15,10
10089,2011-08-15 10:57:00,2011,8,15,10
10090,2011-08-15 10:59:00,2011,8,15,10
10091,2011-08-15 11:30:00,2011,8,15,11
10092,2011-08-15 11:38:00,2011,8,15,11
10093,2011-08-15 11:39:00,2011,8,15,11
10094,2011-08-15 11:59:00,2011,8,15,11
10095,2011-08-15 12:04:00,2011,8,15,12
10096,2011-08-15 12:06:00,2011,8,15,12
10097,2011-08-15 12:07:00,2011,8,15,12
10098,2011-08-15 12:19:00,2011,8,15,12
10099,2011-08-15 12:22:00,2011,8,15,12
10100,2011-08-15 12:38:00,2011,8,15,12
10101,2011-08-15 12:44:00,2011,8,15,12
10102,2011-08-15 12:46:00,2011,8,15,12
10103,2011-08-15 12:47:00,2011,8,15,12
10104,2011-08-15 12:53:00,2011,8,15,12
10105,2011-08-15 12:57:00,2011,8,15,12
10106,2011-08-15 13:07:00,2011,8,15,13
10107,2011-08-15 13:09:00,2011,8,15,13
10108,2011-08-15 13:22:00,2011,8,15,13
10109,2011-08-15 13:37:00,2011,8,15,13
10110,2011-08-15 13:46:00,2011,8,15,13
10111,2011-08-15 13:48:00,2011,8,15,13
10112,2011-08-15 13:51:00,2011,8,15,13
10113,2011-08-15 14:10:00,2011,8,15,14
10114,2011-08-15 14:17:00,2011,8,15,14
10115,2011-08-15 14:32:00,2011,8,15,14
10116,2011-08-15 14:35:00,2011,8,15,14
10117,2011-08-15 14:39:00,2011,8,15,14
10118,2011-08-15 14:44:00,2011,8,15,14
10119,2011-08-15 14:50:00,2011,8,15,14
10120,2011-08-15 14:51:00,2011,8,15,14
10121,2011-08-15 15:06:00,2011,8,15,15
10122,2011-08-15 15:17:00,2011,8,15,15
10123,2011-08-15 16:13:00,2011,8,15,16
10124,2011-08-16 08:39:00,2011,8,16,8
10125,2011-08-16 08:50:00,2011,8,16,8
10126,2011-08-16 08:52:00,2011,8,16,8
10127,2011-08-16 08:58:00,2011,8,16,8
10128,2011-08-16 09:00:00,2011,8,16,9
10129,2011-08-16 09:25:00,2011,8,16,9
10130,2011-08-16 09:34:00,2011,8,16,9
10131,2011-08-16 09:39:00,2011,8,16,9
10132,2011-08-16 09:50:00,2011,8,16,9
10133,2011-08-16 10:02:00,2011,8,16,10
10134,2011-08-16 10:03:00,2011,8,16,10
10135,2011-08-16 10:36:00,2011,8,16,10
10136,2011-08-16 10:44:00,2011,8,16,10
10137,2011-08-16 10:48:00,2011,8,16,10
10138,2011-08-16 10:50:00,2011,8,16,10
10139,2011-08-16 10:52:00,2011,8,16,10
10140,2011-08-16 11:04:00,2011,8,16,11
10141,2011-08-16 11:10:00,2011,8,16,11
10142,2011-08-16 11:37:00,2011,8,16,11
10143,2011-08-16 11:38:00,2011,8,16,11
10144,2011-08-16 11:40:00,2011,8,16,11
10145,2011-08-16 11:44:00,2011,8,16,11
10146,2011-08-16 11:48:00,2011,8,16,11
10147,2011-08-16 11:50:00,2011,8,16,11
10148,2011-08-16 12:00:00,2011,8,16,12
10149,2011-08-16 12:12:00,2011,8,16,12
10150,2011-08-16 12:21:00,2011,8,16,12
10151,2011-08-16 12:29:00,2011,8,16,12
10152,2011-08-16 12:32:00,2011,8,16,12
10153,2011-08-16 12:52:00,2011,8,16,12
10154,2011-08-16 12:59:00,2011,8,16,12
10155,2011-08-16 13:12:00,2011,8,16,13
10156,2011-08-16 13:13:00,2011,8,16,13
10157,2011-08-16 13:25:00,2011,8,16,13
10158,2011-08-16 13:26:00,2011,8,16,13
10159,2011-08-16 13:50:00,2011,8,16,13
10160,2011-08-16 14:28:00,2011,8,16,14
10161,2011-08-16 14:33:00,2011,8,16,14
10162,2011-08-16 14:34:00,2011,8,16,14
10163,2011-08-16 14:41:00,2011,8,16,14
10164,2011-08-16 14:55:00,2011,8,16,14
10165,2011-08-16 15:22:00,2011,8,16,15
10166,2011-08-16 15:39:00,2011,8,16,15
10167,2011-08-16 15:54:00,2011,8,16,15
10168,2011-08-16 16:17:00,2011,8,16,16
10169,2011-08-16 17:06:00,2011,8,16,17
10170,2011-08-16 17:25:00,2011,8,16,17
10171,2011-08-16 17:27:00,2011,8,16,17
10172,2011-08-17 08:50:00,2011,8,17,8
10173,2011-08-17 09:05:00,2011,8,17,9
10174,2011-08-17 09:16:00,2011,8,17,9
10175,2011-08-17 09:45:00,2011,8,17,9
10176,2011-08-17 09:48:00,2011,8,17,9
10177,2011-08-17 10:08:00,2011,8,17,10
10178,2011-08-17 10:27:00,2011,8,17,10
10179,2011-08-17 10:46:00,2011,8,17,10
10180,2011-08-17 10:50:00,2011,8,17,10
10181,2011-08-17 10:56:00,2011,8,17,10
10182,2011-08-17 10:59:00,2011,8,17,10
10183,2011-08-17 11:04:00,2011,8,17,11
10184,2011-08-17 11:14:00,2011,8,17,11
10185,2011-08-17 11:37:00,2011,8,17,11
10186,2011-08-17 11:48:00,2011,8,17,11
10187,2011-08-17 12:04:00,2011,8,17,12
10188,2011-08-17 12:06:00,2011,8,17,12
10189,2011-08-17 12:10:00,2011,8,17,12
10190,2011-08-17 12:20:00,2011,8,17,12
10191,2011-08-17 12:24:00,2011,8,17,12
10192,2011-08-17 12:30:00,2011,8,17,12
10193,2011-08-17 12:50:00,2011,8,17,12
10194,2011-08-17 13:04:00,2011,8,17,13
10195,2011-08-17 13:06:00,2011,8,17,13
10196,2011-08-17 13:21:00,2011,8,17,13
10197,2011-08-17 13:31:00,2011,8,17,13
10198,2011-08-17 13:33:00,2011,8,17,13
10199,2011-08-17 13:40:00,2011,8,17,13
10200,2011-08-17 13:45:00,2011,8,17,13
10201,2011-08-17 14:00:00,2011,8,17,14
10202,2011-08-17 14:02:00,2011,8,17,14
10203,2011-08-17 14:03:00,2011,8,17,14
10204,2011-08-17 14:11:00,2011,8,17,14
10205,2011-08-17 14:22:00,2011,8,17,14
10206,2011-08-17 14:25:00,2011,8,17,14
10207,2011-08-17 14:44:00,2011,8,17,14
10208,2011-08-17 14:47:00,2011,8,17,14
10209,2011-08-17 14:58:00,2011,8,17,14
10210,2011-08-17 15:00:00,2011,8,17,15
10211,2011-08-17 15:02:00,2011,8,17,15
10212,2011-08-17 15:05:00,2011,8,17,15
10213,2011-08-17 15:06:00,2011,8,17,15
10214,2011-08-17 15:11:00,2011,8,17,15
10215,2011-08-17 15:53:00,2011,8,17,15
10216,2011-08-17 16:48:00,2011,8,17,16
10217,2011-08-17 17:01:00,2011,8,17,17
10218,2011-08-17 19:15:00,2011,8,17,19
10219,2011-08-17 19:40:00,2011,8,17,19
10220,2011-08-17 20:02:00,2011,8,17,20
10221,2011-08-18 06:20:00,2011,8,18,6
10222,2011-08-18 08:49:00,2011,8,18,8
10223,2011-08-18 08:51:00,2011,8,18,8
10224,2011-08-18 09:01:00,2011,8,18,9
10225,2011-08-18 09:39:00,2011,8,18,9
10226,2011-08-18 09:45:00,2011,8,18,9
10227,2011-08-18 09:48:00,2011,8,18,9
10228,2011-08-18 10:01:00,2011,8,18,10
10229,2011-08-18 10:06:00,2011,8,18,10
10230,2011-08-18 10:10:00,2011,8,18,10
10231,2011-08-18 10:21:00,2011,8,18,10
10232,2011-08-18 10:23:00,2011,8,18,10
10233,2011-08-18 10:31:00,2011,8,18,10
10234,2011-08-18 10:36:00,2011,8,18,10
10235,2011-08-18 10:48:00,2011,8,18,10
10236,2011-08-18 10:49:00,2011,8,18,10
10237,2011-08-18 10:57:00,2011,8,18,10
10238,2011-08-18 11:00:00,2011,8,18,11
10239,2011-08-18 11:03:00,2011,8,18,11
10240,2011-08-18 11:23:00,2011,8,18,11
10241,2011-08-18 11:40:00,2011,8,18,11
10242,2011-08-18 11:59:00,2011,8,18,11
10243,2011-08-18 12:06:00,2011,8,18,12
10244,2011-08-18 12:23:00,2011,8,18,12
10245,2011-08-18 12:26:00,2011,8,18,12
10246,2011-08-18 12:30:00,2011,8,18,12
10247,2011-08-18 12:41:00,2011,8,18,12
10248,2011-08-18 12:43:00,2011,8,18,12
10249,2011-08-18 12:53:00,2011,8,18,12
10250,2011-08-18 13:01:00,2011,8,18,13
10251,2011-08-18 13:16:00,2011,8,18,13
10252,2011-08-18 13:17:00,2011,8,18,13
10253,2011-08-18 13:38:00,2011,8,18,13
10254,2011-08-18 13:44:00,2011,8,18,13
10255,2011-08-18 13:46:00,2011,8,18,13
10256,2011-08-18 13:47:00,2011,8,18,13
10257,2011-08-18 14:02:00,2011,8,18,14
10258,2011-08-18 14:33:00,2011,8,18,14
10259,2011-08-18 14:48:00,2011,8,18,14
10260,2011-08-18 14:53:00,2011,8,18,14
10261,2011-08-18 15:09:00,2011,8,18,15
10262,2011-08-18 15:17:00,2011,8,18,15
10263,2011-08-18 15:28:00,2011,8,18,15
10264,2011-08-18 15:41:00,2011,8,18,15
10265,2011-08-18 15:44:00,2011,8,18,15
10266,2011-08-18 15:51:00,2011,8,18,15
10267,2011-08-18 16:18:00,2011,8,18,16
10268,2011-08-18 16:19:00,2011,8,18,16
10269,2011-08-18 16:24:00,2011,8,18,16
10270,2011-08-18 16:27:00,2011,8,18,16
10271,2011-08-18 16:32:00,2011,8,18,16
10272,2011-08-18 16:43:00,2011,8,18,16
10273,2011-08-18 17:02:00,2011,8,18,17
10274,2011-08-18 17:04:00,2011,8,18,17
10275,2011-08-18 17:09:00,2011,8,18,17
10276,2011-08-18 17:39:00,2011,8,18,17
10277,2011-08-18 17:43:00,2011,8,18,17
10278,2011-08-18 17:44:00,2011,8,18,17
10279,2011-08-18 17:50:00,2011,8,18,17
10280,2011-08-18 17:57:00,2011,8,18,17
10281,2011-08-18 18:11:00,2011,8,18,18
10282,2011-08-18 18:15:00,2011,8,18,18
10283,2011-08-18 18:21:00,2011,8,18,18
10284,2011-08-18 18:51:00,2011,8,18,18
10285,2011-08-18 19:13:00,2011,8,18,19
10286,2011-08-18 20:05:00,2011,8,18,20
10287,2011-08-19 08:13:00,2011,8,19,8
10288,2011-08-19 08:57:00,2011,8,19,8
10289,2011-08-19 09:23:00,2011,8,19,9
10290,2011-08-19 09:35:00,2011,8,19,9
10291,2011-08-19 09:38:00,2011,8,19,9
10292,2011-08-19 10:05:00,2011,8,19,10
10293,2011-08-19 10:06:00,2011,8,19,10
10294,2011-08-19 10:10:00,2011,8,19,10
10295,2011-08-19 10:18:00,2011,8,19,10
10296,2011-08-19 10:51:00,2011,8,19,10
10297,2011-08-19 10:56:00,2011,8,19,10
10298,2011-08-19 10:58:00,2011,8,19,10
10299,2011-08-19 11:08:00,2011,8,19,11
10300,2011-08-19 11:15:00,2011,8,19,11
10301,2011-08-19 11:17:00,2011,8,19,11
10302,2011-08-19 11:23:00,2011,8,19,11
10303,2011-08-19 11:46:00,2011,8,19,11
10304,2011-08-19 11:47:00,2011,8,19,11
10305,2011-08-19 11:55:00,2011,8,19,11
10306,2011-08-19 11:56:00,2011,8,19,11
10307,2011-08-19 12:06:00,2011,8,19,12
10308,2011-08-19 12:13:00,2011,8,19,12
10309,2011-08-19 12:20:00,2011,8,19,12
10310,2011-08-19 12:23:00,2011,8,19,12
10311,2011-08-19 12:33:00,2011,8,19,12
10312,2011-08-19 12:49:00,2011,8,19,12
10313,2011-08-19 12:50:00,2011,8,19,12
10314,2011-08-19 12:53:00,2011,8,19,12
10315,2011-08-19 12:56:00,2011,8,19,12
10316,2011-08-19 13:03:00,2011,8,19,13
10317,2011-08-19 13:24:00,2011,8,19,13
10318,2011-08-19 13:33:00,2011,8,19,13
10319,2011-08-19 13:35:00,2011,8,19,13
10320,2011-08-19 13:54:00,2011,8,19,13
10321,2011-08-19 14:02:00,2011,8,19,14
10322,2011-08-19 14:04:00,2011,8,19,14
10323,2011-08-19 14:39:00,2011,8,19,14
10324,2011-08-19 14:43:00,2011,8,19,14
10325,2011-08-19 14:49:00,2011,8,19,14
10326,2011-08-19 14:57:00,2011,8,19,14
10327,2011-08-19 15:04:00,2011,8,19,15
10328,2011-08-19 15:06:00,2011,8,19,15
10329,2011-08-19 15:18:00,2011,8,19,15
10330,2011-08-19 15:22:00,2011,8,19,15
10331,2011-08-19 15:24:00,2011,8,19,15
10332,2011-08-19 15:29:00,2011,8,19,15
10333,2011-08-19 15:44:00,2011,8,19,15
10334,2011-08-19 16:04:00,2011,8,19,16
10335,2011-08-19 16:34:00,2011,8,19,16
10336,2011-08-19 17:02:00,2011,8,19,17
10337,2011-08-19 17:08:00,2011,8,19,17
10338,2011-08-19 17:10:00,2011,8,19,17
10339,2011-08-21 10:35:00,2011,8,21,10
10340,2011-08-21 10:44:00,2011,8,21,10
10341,2011-08-21 10:48:00,2011,8,21,10
10342,2011-08-21 11:05:00,2011,8,21,11
10343,2011-08-21 11:06:00,2011,8,21,11
10344,2011-08-21 11:15:00,2011,8,21,11
10345,2011-08-21 11:29:00,2011,8,21,11
10346,2011-08-21 11:43:00,2011,8,21,11
10347,2011-08-21 11:50:00,2011,8,21,11
10348,2011-08-21 11:57:00,2011,8,21,11
10349,2011-08-21 12:21:00,2011,8,21,12
10350,2011-08-21 12:36:00,2011,8,21,12
10351,2011-08-21 12:37:00,2011,8,21,12
10352,2011-08-21 12:39:00,2011,8,21,12
10353,2011-08-21 12:58:00,2011,8,21,12
10354,2011-08-21 13:11:00,2011,8,21,13
10355,2011-08-21 13:18:00,2011,8,21,13
10356,2011-08-21 13:24:00,2011,8,21,13
10357,2011-08-21 13:43:00,2011,8,21,13
10358,2011-08-21 13:46:00,2011,8,21,13
10359,2011-08-21 13:48:00,2011,8,21,13
10360,2011-08-21 14:00:00,2011,8,21,14
10361,2011-08-21 14:10:00,2011,8,21,14
10362,2011-08-21 14:19:00,2011,8,21,14
10363,2011-08-21 14:32:00,2011,8,21,14
10364,2011-08-21 14:42:00,2011,8,21,14
10365,2011-08-21 15:01:00,2011,8,21,15
10366,2011-08-21 15:17:00,2011,8,21,15
10367,2011-08-21 15:35:00,2011,8,21,15
10368,2011-08-21 15:49:00,2011,8,21,15
10369,2011-08-21 15:50:00,2011,8,21,15
10370,2011-08-21 15:54:00,2011,8,21,15
10371,2011-08-21 16:02:00,2011,8,21,16
10372,2011-08-21 16:24:00,2011,8,21,16
10373,2011-08-22 09:03:00,2011,8,22,9
10374,2011-08-22 09:10:00,2011,8,22,9
10375,2011-08-22 09:21:00,2011,8,22,9
10376,2011-08-22 09:28:00,2011,8,22,9
10377,2011-08-22 09:30:00,2011,8,22,9
10378,2011-08-22 09:51:00,2011,8,22,9
10379,2011-08-22 09:53:00,2011,8,22,9
10380,2011-08-22 10:04:00,2011,8,22,10
10381,2011-08-22 10:08:00,2011,8,22,10
10382,2011-08-22 10:09:00,2011,8,22,10
10383,2011-08-22 10:15:00,2011,8,22,10
10384,2011-08-22 10:18:00,2011,8,22,10
10385,2011-08-22 10:38:00,2011,8,22,10
10386,2011-08-22 10:39:00,2011,8,22,10
10387,2011-08-22 10:42:00,2011,8,22,10
10388,2011-08-22 10:44:00,2011,8,22,10
10389,2011-08-22 10:47:00,2011,8,22,10
10390,2011-08-22 10:59:00,2011,8,22,10
10391,2011-08-22 11:00:00,2011,8,22,11
10392,2011-08-22 11:03:00,2011,8,22,11
10393,2011-08-22 11:13:00,2011,8,22,11
10394,2011-08-22 11:17:00,2011,8,22,11
10395,2011-08-22 11:44:00,2011,8,22,11
10396,2011-08-22 11:54:00,2011,8,22,11
10397,2011-08-22 11:57:00,2011,8,22,11
10398,2011-08-22 12:10:00,2011,8,22,12
10399,2011-08-22 12:16:00,2011,8,22,12
10400,2011-08-22 12:22:00,2011,8,22,12
10401,2011-08-22 12:26:00,2011,8,22,12
10402,2011-08-22 12:32:00,2011,8,22,12
10403,2011-08-22 12:40:00,2011,8,22,12
10404,2011-08-22 12:45:00,2011,8,22,12
10405,2011-08-22 12:46:00,2011,8,22,12
10406,2011-08-22 12:52:00,2011,8,22,12
10407,2011-08-22 12:55:00,2011,8,22,12
10408,2011-08-22 12:58:00,2011,8,22,12
10409,2011-08-22 12:59:00,2011,8,22,12
10410,2011-08-22 13:03:00,2011,8,22,13
10411,2011-08-22 13:20:00,2011,8,22,13
10412,2011-08-22 13:30:00,2011,8,22,13
10413,2011-08-22 13:32:00,2011,8,22,13
10414,2011-08-22 13:40:00,2011,8,22,13
10415,2011-08-22 13:42:00,2011,8,22,13
10416,2011-08-22 13:55:00,2011,8,22,13
10417,2011-08-22 14:03:00,2011,8,22,14
10418,2011-08-22 14:13:00,2011,8,22,14
10419,2011-08-22 14:20:00,2011,8,22,14
10420,2011-08-22 14:23:00,2011,8,22,14
10421,2011-08-22 14:35:00,2011,8,22,14
10422,2011-08-22 14:37:00,2011,8,22,14
10423,2011-08-22 14:38:00,2011,8,22,14
10424,2011-08-22 14:41:00,2011,8,22,14
10425,2011-08-22 15:05:00,2011,8,22,15
10426,2011-08-22 15:07:00,2011,8,22,15
10427,2011-08-22 15:22:00,2011,8,22,15
10428,2011-08-22 15:27:00,2011,8,22,15
10429,2011-08-22 15:42:00,2011,8,22,15
10430,2011-08-22 15:43:00,2011,8,22,15
10431,2011-08-22 15:55:00,2011,8,22,15
10432,2011-08-23 08:51:00,2011,8,23,8
10433,2011-08-23 08:54:00,2011,8,23,8
10434,2011-08-23 09:17:00,2011,8,23,9
10435,2011-08-23 09:38:00,2011,8,23,9
10436,2011-08-23 09:53:00,2011,8,23,9
10437,2011-08-23 09:57:00,2011,8,23,9
10438,2011-08-23 10:24:00,2011,8,23,10
10439,2011-08-23 10:29:00,2011,8,23,10
10440,2011-08-23 10:31:00,2011,8,23,10
10441,2011-08-23 10:36:00,2011,8,23,10
10442,2011-08-23 10:48:00,2011,8,23,10
10443,2011-08-23 10:56:00,2011,8,23,10
10444,2011-08-23 11:01:00,2011,8,23,11
10445,2011-08-23 11:12:00,2011,8,23,11
10446,2011-08-23 11:16:00,2011,8,23,11
10447,2011-08-23 11:30:00,2011,8,23,11
10448,2011-08-23 11:41:00,2011,8,23,11
10449,2011-08-23 11:47:00,2011,8,23,11
10450,2011-08-23 11:51:00,2011,8,23,11
10451,2011-08-23 11:53:00,2011,8,23,11
10452,2011-08-23 12:18:00,2011,8,23,12
10453,2011-08-23 12:21:00,2011,8,23,12
10454,2011-08-23 12:22:00,2011,8,23,12
10455,2011-08-23 12:26:00,2011,8,23,12
10456,2011-08-23 12:30:00,2011,8,23,12
10457,2011-08-23 12:37:00,2011,8,23,12
10458,2011-08-23 12:43:00,2011,8,23,12
10459,2011-08-23 12:47:00,2011,8,23,12
10460,2011-08-23 13:13:00,2011,8,23,13
10461,2011-08-23 13:27:00,2011,8,23,13
10462,2011-08-23 13:28:00,2011,8,23,13
10463,2011-08-23 13:30:00,2011,8,23,13
10464,2011-08-23 13:35:00,2011,8,23,13
10465,2011-08-23 13:40:00,2011,8,23,13
10466,2011-08-23 13:50:00,2011,8,23,13
10467,2011-08-23 13:51:00,2011,8,23,13
10468,2011-08-23 13:55:00,2011,8,23,13
10469,2011-08-23 13:59:00,2011,8,23,13
10470,2011-08-23 14:00:00,2011,8,23,14
10471,2011-08-23 14:19:00,2011,8,23,14
10472,2011-08-23 14:23:00,2011,8,23,14
10473,2011-08-23 14:25:00,2011,8,23,14
10474,2011-08-23 14:53:00,2011,8,23,14
10475,2011-08-23 14:55:00,2011,8,23,14
10476,2011-08-23 15:20:00,2011,8,23,15
10477,2011-08-23 15:24:00,2011,8,23,15
10478,2011-08-23 15:33:00,2011,8,23,15
10479,2011-08-23 15:34:00,2011,8,23,15
10480,2011-08-23 16:01:00,2011,8,23,16
10481,2011-08-23 16:16:00,2011,8,23,16
10482,2011-08-23 16:36:00,2011,8,23,16
10483,2011-08-23 16:49:00,2011,8,23,16
10484,2011-08-23 16:56:00,2011,8,23,16
10485,2011-08-23 17:13:00,2011,8,23,17
10486,2011-08-23 17:18:00,2011,8,23,17
10487,2011-08-23 17:31:00,2011,8,23,17
10488,2011-08-23 17:37:00,2011,8,23,17
10489,2011-08-24 08:09:00,2011,8,24,8
10490,2011-08-24 08:27:00,2011,8,24,8
10491,2011-08-24 08:49:00,2011,8,24,8
10492,2011-08-24 09:23:00,2011,8,24,9
10493,2011-08-24 09:30:00,2011,8,24,9
10494,2011-08-24 09:41:00,2011,8,24,9
10495,2011-08-24 09:46:00,2011,8,24,9
10496,2011-08-24 09:56:00,2011,8,24,9
10497,2011-08-24 10:06:00,2011,8,24,10
10498,2011-08-24 10:13:00,2011,8,24,10
10499,2011-08-24 10:19:00,2011,8,24,10
10500,2011-08-24 10:20:00,2011,8,24,10
10501,2011-08-24 10:22:00,2011,8,24,10
10502,2011-08-24 10:36:00,2011,8,24,10
10503,2011-08-24 10:37:00,2011,8,24,10
10504,2011-08-24 10:45:00,2011,8,24,10
10505,2011-08-24 10:51:00,2011,8,24,10
10506,2011-08-24 10:52:00,2011,8,24,10
10507,2011-08-24 11:31:00,2011,8,24,11
10508,2011-08-24 11:54:00,2011,8,24,11
10509,2011-08-24 12:00:00,2011,8,24,12
10510,2011-08-24 12:04:00,2011,8,24,12
10511,2011-08-24 12:11:00,2011,8,24,12
10512,2011-08-24 12:20:00,2011,8,24,12
10513,2011-08-24 12:23:00,2011,8,24,12
10514,2011-08-24 12:32:00,2011,8,24,12
10515,2011-08-24 12:36:00,2011,8,24,12
10516,2011-08-24 12:39:00,2011,8,24,12
10517,2011-08-24 12:51:00,2011,8,24,12
10518,2011-08-24 12:52:00,2011,8,24,12
10519,2011-08-24 12:54:00,2011,8,24,12
10520,2011-08-24 12:58:00,2011,8,24,12
10521,2011-08-24 13:07:00,2011,8,24,13
10522,2011-08-24 13:11:00,2011,8,24,13
10523,2011-08-24 13:12:00,2011,8,24,13
10524,2011-08-24 13:15:00,2011,8,24,13
10525,2011-08-24 13:18:00,2011,8,24,13
10526,2011-08-24 13:22:00,2011,8,24,13
10527,2011-08-24 13:23:00,2011,8,24,13
10528,2011-08-24 13:24:00,2011,8,24,13
10529,2011-08-24 13:26:00,2011,8,24,13
10530,2011-08-24 13:27:00,2011,8,24,13
10531,2011-08-24 13:30:00,2011,8,24,13
10532,2011-08-24 13:33:00,2011,8,24,13
10533,2011-08-24 13:42:00,2011,8,24,13
10534,2011-08-24 13:55:00,2011,8,24,13
10535,2011-08-24 13:57:00,2011,8,24,13
10536,2011-08-24 14:02:00,2011,8,24,14
10537,2011-08-24 14:14:00,2011,8,24,14
10538,2011-08-24 14:19:00,2011,8,24,14
10539,2011-08-24 14:23:00,2011,8,24,14
10540,2011-08-24 14:28:00,2011,8,24,14
10541,2011-08-24 14:40:00,2011,8,24,14
10542,2011-08-24 14:41:00,2011,8,24,14
10543,2011-08-24 14:46:00,2011,8,24,14
10544,2011-08-24 14:53:00,2011,8,24,14
10545,2011-08-24 14:54:00,2011,8,24,14
10546,2011-08-24 14:57:00,2011,8,24,14
10547,2011-08-24 14:59:00,2011,8,24,14
10548,2011-08-24 15:04:00,2011,8,24,15
10549,2011-08-24 15:08:00,2011,8,24,15
10550,2011-08-24 15:09:00,2011,8,24,15
10551,2011-08-24 15:12:00,2011,8,24,15
10552,2011-08-24 15:47:00,2011,8,24,15
10553,2011-08-24 15:51:00,2011,8,24,15
10554,2011-08-24 16:00:00,2011,8,24,16
10555,2011-08-24 16:02:00,2011,8,24,16
10556,2011-08-24 16:13:00,2011,8,24,16
10557,2011-08-24 16:16:00,2011,8,24,16
10558,2011-08-24 16:23:00,2011,8,24,16
10559,2011-08-24 16:24:00,2011,8,24,16
10560,2011-08-25 08:58:00,2011,8,25,8
10561,2011-08-25 09:18:00,2011,8,25,9
10562,2011-08-25 09:39:00,2011,8,25,9
10563,2011-08-25 09:53:00,2011,8,25,9
10564,2011-08-25 09:55:00,2011,8,25,9
10565,2011-08-25 09:56:00,2011,8,25,9
10566,2011-08-25 10:00:00,2011,8,25,10
10567,2011-08-25 10:16:00,2011,8,25,10
10568,2011-08-25 10:25:00,2011,8,25,10
10569,2011-08-25 10:26:00,2011,8,25,10
10570,2011-08-25 10:32:00,2011,8,25,10
10571,2011-08-25 10:39:00,2011,8,25,10
10572,2011-08-25 10:43:00,2011,8,25,10
10573,2011-08-25 10:45:00,2011,8,25,10
10574,2011-08-25 10:49:00,2011,8,25,10
10575,2011-08-25 10:55:00,2011,8,25,10
10576,2011-08-25 11:09:00,2011,8,25,11
10577,2011-08-25 11:27:00,2011,8,25,11
10578,2011-08-25 11:31:00,2011,8,25,11
10579,2011-08-25 11:36:00,2011,8,25,11
10580,2011-08-25 11:40:00,2011,8,25,11
10581,2011-08-25 11:46:00,2011,8,25,11
10582,2011-08-25 11:59:00,2011,8,25,11
10583,2011-08-25 12:06:00,2011,8,25,12
10584,2011-08-25 12:10:00,2011,8,25,12
10585,2011-08-25 12:11:00,2011,8,25,12
10586,2011-08-25 12:12:00,2011,8,25,12
10587,2011-08-25 12:13:00,2011,8,25,12
10588,2011-08-25 12:26:00,2011,8,25,12
10589,2011-08-25 12:33:00,2011,8,25,12
10590,2011-08-25 12:46:00,2011,8,25,12
10591,2011-08-25 12:50:00,2011,8,25,12
10592,2011-08-25 12:57:00,2011,8,25,12
10593,2011-08-25 12:59:00,2011,8,25,12
10594,2011-08-25 13:12:00,2011,8,25,13
10595,2011-08-25 13:24:00,2011,8,25,13
10596,2011-08-25 13:33:00,2011,8,25,13
10597,2011-08-25 13:40:00,2011,8,25,13
10598,2011-08-25 13:46:00,2011,8,25,13
10599,2011-08-25 13:54:00,2011,8,25,13
10600,2011-08-25 14:13:00,2011,8,25,14
10601,2011-08-25 14:21:00,2011,8,25,14
10602,2011-08-25 14:23:00,2011,8,25,14
10603,2011-08-25 14:34:00,2011,8,25,14
10604,2011-08-25 14:42:00,2011,8,25,14
10605,2011-08-25 14:50:00,2011,8,25,14
10606,2011-08-25 14:51:00,2011,8,25,14
10607,2011-08-25 15:04:00,2011,8,25,15
10608,2011-08-25 15:09:00,2011,8,25,15
10609,2011-08-25 15:10:00,2011,8,25,15
10610,2011-08-25 15:12:00,2011,8,25,15
10611,2011-08-25 15:18:00,2011,8,25,15
10612,2011-08-25 15:21:00,2011,8,25,15
10613,2011-08-25 15:22:00,2011,8,25,15
10614,2011-08-25 15:34:00,2011,8,25,15
10615,2011-08-25 15:35:00,2011,8,25,15
10616,2011-08-25 15:47:00,2011,8,25,15
10617,2011-08-25 15:49:00,2011,8,25,15
10618,2011-08-25 15:50:00,2011,8,25,15
10619,2011-08-25 17:21:00,2011,8,25,17
10620,2011-08-25 17:22:00,2011,8,25,17
10621,2011-08-25 18:45:00,2011,8,25,18
10622,2011-08-25 19:39:00,2011,8,25,19
10623,2011-08-25 19:45:00,2011,8,25,19
10624,2011-08-25 19:48:00,2011,8,25,19
10625,2011-08-25 19:55:00,2011,8,25,19
10626,2011-08-26 08:59:00,2011,8,26,8
10627,2011-08-26 09:37:00,2011,8,26,9
10628,2011-08-26 09:55:00,2011,8,26,9
10629,2011-08-26 09:58:00,2011,8,26,9
10630,2011-08-26 10:32:00,2011,8,26,10
10631,2011-08-26 10:50:00,2011,8,26,10
10632,2011-08-26 11:18:00,2011,8,26,11
10633,2011-08-26 11:19:00,2011,8,26,11
10634,2011-08-26 11:24:00,2011,8,26,11
10635,2011-08-26 11:35:00,2011,8,26,11
10636,2011-08-26 11:40:00,2011,8,26,11
10637,2011-08-26 11:47:00,2011,8,26,11
10638,2011-08-26 11:48:00,2011,8,26,11
10639,2011-08-26 11:53:00,2011,8,26,11
10640,2011-08-26 11:54:00,2011,8,26,11
10641,2011-08-26 11:58:00,2011,8,26,11
10642,2011-08-26 12:36:00,2011,8,26,12
10643,2011-08-26 12:41:00,2011,8,26,12
10644,2011-08-26 12:44:00,2011,8,26,12
10645,2011-08-26 12:49:00,2011,8,26,12
10646,2011-08-26 12:54:00,2011,8,26,12
10647,2011-08-26 12:55:00,2011,8,26,12
10648,2011-08-26 13:00:00,2011,8,26,13
10649,2011-08-26 13:16:00,2011,8,26,13
10650,2011-08-26 13:22:00,2011,8,26,13
10651,2011-08-26 13:25:00,2011,8,26,13
10652,2011-08-26 13:56:00,2011,8,26,13
10653,2011-08-26 14:04:00,2011,8,26,14
10654,2011-08-26 14:13:00,2011,8,26,14
10655,2011-08-26 14:17:00,2011,8,26,14
10656,2011-08-26 14:20:00,2011,8,26,14
10657,2011-08-26 14:23:00,2011,8,26,14
10658,2011-08-26 14:29:00,2011,8,26,14
10659,2011-08-26 14:40:00,2011,8,26,14
10660,2011-08-26 14:44:00,2011,8,26,14
10661,2011-08-26 14:45:00,2011,8,26,14
10662,2011-08-26 14:51:00,2011,8,26,14
10663,2011-08-26 15:25:00,2011,8,26,15
10664,2011-08-26 15:38:00,2011,8,26,15
10665,2011-08-26 15:44:00,2011,8,26,15
10666,2011-08-28 10:15:00,2011,8,28,10
10667,2011-08-28 10:21:00,2011,8,28,10
10668,2011-08-28 10:40:00,2011,8,28,10
10669,2011-08-28 10:43:00,2011,8,28,10
10670,2011-08-28 10:54:00,2011,8,28,10
10671,2011-08-28 11:01:00,2011,8,28,11
10672,2011-08-28 11:02:00,2011,8,28,11
10673,2011-08-28 11:19:00,2011,8,28,11
10674,2011-08-28 11:25:00,2011,8,28,11
10675,2011-08-28 11:55:00,2011,8,28,11
10676,2011-08-28 12:00:00,2011,8,28,12
10677,2011-08-28 12:01:00,2011,8,28,12
10678,2011-08-28 12:06:00,2011,8,28,12
10679,2011-08-28 12:11:00,2011,8,28,12
10680,2011-08-28 12:16:00,2011,8,28,12
10681,2011-08-28 12:28:00,2011,8,28,12
10682,2011-08-28 12:29:00,2011,8,28,12
10683,2011-08-28 12:31:00,2011,8,28,12
10684,2011-08-28 12:43:00,2011,8,28,12
10685,2011-08-28 12:44:00,2011,8,28,12
10686,2011-08-28 12:57:00,2011,8,28,12
10687,2011-08-28 13:08:00,2011,8,28,13
10688,2011-08-28 13:18:00,2011,8,28,13
10689,2011-08-28 13:32:00,2011,8,28,13
10690,2011-08-28 13:35:00,2011,8,28,13
10691,2011-08-28 13:42:00,2011,8,28,13
10692,2011-08-28 14:00:00,2011,8,28,14
10693,2011-08-28 14:16:00,2011,8,28,14
10694,2011-08-28 14:28:00,2011,8,28,14
10695,2011-08-28 14:39:00,2011,8,28,14
10696,2011-08-28 14:53:00,2011,8,28,14
10697,2011-08-28 15:01:00,2011,8,28,15
10698,2011-08-28 15:17:00,2011,8,28,15
10699,2011-08-28 15:25:00,2011,8,28,15
10700,2011-08-28 15:27:00,2011,8,28,15
10701,2011-08-28 15:58:00,2011,8,28,15
10702,2011-08-28 16:09:00,2011,8,28,16
10703,2011-08-30 08:15:00,2011,8,30,8
10704,2011-08-30 09:36:00,2011,8,30,9
10705,2011-08-30 10:07:00,2011,8,30,10
10706,2011-08-30 10:20:00,2011,8,30,10
10707,2011-08-30 10:49:00,2011,8,30,10
10708,2011-08-30 11:32:00,2011,8,30,11
10709,2011-08-30 11:37:00,2011,8,30,11
10710,2011-08-30 11:54:00,2011,8,30,11
10711,2011-08-30 12:00:00,2011,8,30,12
10712,2011-08-30 12:11:00,2011,8,30,12
10713,2011-08-30 12:16:00,2011,8,30,12
10714,2011-08-30 12:32:00,2011,8,30,12
10715,2011-08-30 12:45:00,2011,8,30,12
10716,2011-08-30 13:47:00,2011,8,30,13
10717,2011-08-30 14:09:00,2011,8,30,14
10718,2011-08-30 15:16:00,2011,8,30,15
10719,2011-08-30 15:37:00,2011,8,30,15
10720,2011-08-30 15:42:00,2011,8,30,15
10721,2011-08-30 16:43:00,2011,8,30,16
10722,2011-08-30 16:53:00,2011,8,30,16
10723,2011-08-30 17:23:00,2011,8,30,17
10724,2011-08-31 08:55:00,2011,8,31,8
10725,2011-08-31 09:10:00,2011,8,31,9
10726,2011-08-31 09:11:00,2011,8,31,9
10727,2011-08-31 09:44:00,2011,8,31,9
10728,2011-08-31 09:55:00,2011,8,31,9
10729,2011-08-31 10:06:00,2011,8,31,10
10730,2011-08-31 10:21:00,2011,8,31,10
10731,2011-08-31 10:24:00,2011,8,31,10
10732,2011-08-31 10:30:00,2011,8,31,10
10733,2011-08-31 10:40:00,2011,8,31,10
10734,2011-08-31 10:42:00,2011,8,31,10
10735,2011-08-31 10:46:00,2011,8,31,10
10736,2011-08-31 10:47:00,2011,8,31,10
10737,2011-08-31 10:55:00,2011,8,31,10
10738,2011-08-31 11:06:00,2011,8,31,11
10739,2011-08-31 11:22:00,2011,8,31,11
10740,2011-08-31 11:25:00,2011,8,31,11
10741,2011-08-31 11:40:00,2011,8,31,11
10742,2011-08-31 11:50:00,2011,8,31,11
10743,2011-08-31 12:11:00,2011,8,31,12
10744,2011-08-31 12:18:00,2011,8,31,12
10745,2011-08-31 12:31:00,2011,8,31,12
10746,2011-08-31 12:33:00,2011,8,31,12
10747,2011-08-31 13:23:00,2011,8,31,13
10748,2011-08-31 13:31:00,2011,8,31,13
10749,2011-08-31 13:37:00,2011,8,31,13
10750,2011-08-31 13:55:00,2011,8,31,13
10751,2011-08-31 13:56:00,2011,8,31,13
10752,2011-08-31 14:22:00,2011,8,31,14
10753,2011-08-31 14:28:00,2011,8,31,14
10754,2011-08-31 14:35:00,2011,8,31,14
10755,2011-08-31 14:52:00,2011,8,31,14
10756,2011-08-31 15:07:00,2011,8,31,15
10757,2011-08-31 15:08:00,2011,8,31,15
10758,2011-08-31 15:13:00,2011,8,31,15
10759,2011-08-31 15:30:00,2011,8,31,15
10760,2011-08-31 15:35:00,2011,8,31,15
10761,2011-08-31 15:49:00,2011,8,31,15
10762,2011-08-31 16:09:00,2011,8,31,16
10763,2011-08-31 16:28:00,2011,8,31,16
10764,2011-08-31 17:12:00,2011,8,31,17
10765,2011-08-31 17:16:00,2011,8,31,17
10766,2011-09-01 08:25:00,2011,9,1,8
10767,2011-09-01 09:15:00,2011,9,1,9
10768,2011-09-01 09:19:00,2011,9,1,9
10769,2011-09-01 09:39:00,2011,9,1,9
10770,2011-09-01 09:57:00,2011,9,1,9
10771,2011-09-01 10:03:00,2011,9,1,10
10772,2011-09-01 10:11:00,2011,9,1,10
10773,2011-09-01 10:28:00,2011,9,1,10
10774,2011-09-01 10:36:00,2011,9,1,10
10775,2011-09-01 10:38:00,2011,9,1,10
10776,2011-09-01 11:15:00,2011,9,1,11
10777,2011-09-01 11:22:00,2011,9,1,11
10778,2011-09-01 11:30:00,2011,9,1,11
10779,2011-09-01 11:33:00,2011,9,1,11
10780,2011-09-01 11:38:00,2011,9,1,11
10781,2011-09-01 11:41:00,2011,9,1,11
10782,2011-09-01 11:43:00,2011,9,1,11
10783,2011-09-01 11:48:00,2011,9,1,11
10784,2011-09-01 11:56:00,2011,9,1,11
10785,2011-09-01 12:09:00,2011,9,1,12
10786,2011-09-01 12:16:00,2011,9,1,12
10787,2011-09-01 12:17:00,2011,9,1,12
10788,2011-09-01 12:28:00,2011,9,1,12
10789,2011-09-01 12:34:00,2011,9,1,12
10790,2011-09-01 12:41:00,2011,9,1,12
10791,2011-09-01 12:46:00,2011,9,1,12
10792,2011-09-01 12:50:00,2011,9,1,12
10793,2011-09-01 13:40:00,2011,9,1,13
10794,2011-09-01 13:46:00,2011,9,1,13
10795,2011-09-01 13:47:00,2011,9,1,13
10796,2011-09-01 13:50:00,2011,9,1,13
10797,2011-09-01 13:51:00,2011,9,1,13
10798,2011-09-01 13:53:00,2011,9,1,13
10799,2011-09-01 14:13:00,2011,9,1,14
10800,2011-09-01 14:26:00,2011,9,1,14
10801,2011-09-01 14:29:00,2011,9,1,14
10802,2011-09-01 14:42:00,2011,9,1,14
10803,2011-09-01 14:47:00,2011,9,1,14
10804,2011-09-01 14:57:00,2011,9,1,14
10805,2011-09-01 14:58:00,2011,9,1,14
10806,2011-09-01 15:04:00,2011,9,1,15
10807,2011-09-01 15:08:00,2011,9,1,15
10808,2011-09-01 15:21:00,2011,9,1,15
10809,2011-09-01 15:52:00,2011,9,1,15
10810,2011-09-01 15:56:00,2011,9,1,15
10811,2011-09-01 15:59:00,2011,9,1,15
10812,2011-09-01 16:16:00,2011,9,1,16
10813,2011-09-01 16:18:00,2011,9,1,16
10814,2011-09-01 16:30:00,2011,9,1,16
10815,2011-09-01 16:41:00,2011,9,1,16
10816,2011-09-01 16:44:00,2011,9,1,16
10817,2011-09-01 16:45:00,2011,9,1,16
10818,2011-09-01 16:46:00,2011,9,1,16
10819,2011-09-01 16:50:00,2011,9,1,16
10820,2011-09-01 16:59:00,2011,9,1,16
10821,2011-09-01 17:09:00,2011,9,1,17
10822,2011-09-01 17:14:00,2011,9,1,17
10823,2011-09-01 17:19:00,2011,9,1,17
10824,2011-09-01 17:20:00,2011,9,1,17
10825,2011-09-01 17:38:00,2011,9,1,17
10826,2011-09-01 17:40:00,2011,9,1,17
10827,2011-09-01 17:45:00,2011,9,1,17
10828,2011-09-01 18:07:00,2011,9,1,18
10829,2011-09-01 18:20:00,2011,9,1,18
10830,2011-09-01 18:49:00,2011,9,1,18
10831,2011-09-01 18:54:00,2011,9,1,18
10832,2011-09-01 19:08:00,2011,9,1,19
10833,2011-09-01 19:11:00,2011,9,1,19
10834,2011-09-01 19:34:00,2011,9,1,19
10835,2011-09-02 08:50:00,2011,9,2,8
10836,2011-09-02 09:09:00,2011,9,2,9
10837,2011-09-02 09:24:00,2011,9,2,9
10838,2011-09-02 09:43:00,2011,9,2,9
10839,2011-09-02 09:45:00,2011,9,2,9
10840,2011-09-02 09:48:00,2011,9,2,9
10841,2011-09-02 09:51:00,2011,9,2,9
10842,2011-09-02 10:05:00,2011,9,2,10
10843,2011-09-02 10:06:00,2011,9,2,10
10844,2011-09-02 10:13:00,2011,9,2,10
10845,2011-09-02 10:20:00,2011,9,2,10
10846,2011-09-02 10:21:00,2011,9,2,10
10847,2011-09-02 10:24:00,2011,9,2,10
10848,2011-09-02 10:27:00,2011,9,2,10
10849,2011-09-02 10:31:00,2011,9,2,10
10850,2011-09-02 10:34:00,2011,9,2,10
10851,2011-09-02 10:38:00,2011,9,2,10
10852,2011-09-02 10:42:00,2011,9,2,10
10853,2011-09-02 10:49:00,2011,9,2,10
10854,2011-09-02 10:53:00,2011,9,2,10
10855,2011-09-02 11:34:00,2011,9,2,11
10856,2011-09-02 11:42:00,2011,9,2,11
10857,2011-09-02 11:43:00,2011,9,2,11
10858,2011-09-02 11:53:00,2011,9,2,11
10859,2011-09-02 11:54:00,2011,9,2,11
10860,2011-09-02 11:59:00,2011,9,2,11
10861,2011-09-02 12:01:00,2011,9,2,12
10862,2011-09-02 12:25:00,2011,9,2,12
10863,2011-09-02 12:33:00,2011,9,2,12
10864,2011-09-02 12:37:00,2011,9,2,12
10865,2011-09-02 12:51:00,2011,9,2,12
10866,2011-09-02 12:52:00,2011,9,2,12
10867,2011-09-02 13:00:00,2011,9,2,13
10868,2011-09-02 13:01:00,2011,9,2,13
10869,2011-09-02 13:10:00,2011,9,2,13
10870,2011-09-02 13:14:00,2011,9,2,13
10871,2011-09-02 13:15:00,2011,9,2,13
10872,2011-09-02 13:18:00,2011,9,2,13
10873,2011-09-02 13:22:00,2011,9,2,13
10874,2011-09-02 13:41:00,2011,9,2,13
10875,2011-09-02 13:48:00,2011,9,2,13
10876,2011-09-02 13:50:00,2011,9,2,13
10877,2011-09-02 13:54:00,2011,9,2,13
10878,2011-09-02 13:55:00,2011,9,2,13
10879,2011-09-02 13:59:00,2011,9,2,13
10880,2011-09-02 14:09:00,2011,9,2,14
10881,2011-09-02 14:23:00,2011,9,2,14
10882,2011-09-02 14:39:00,2011,9,2,14
10883,2011-09-02 14:42:00,2011,9,2,14
10884,2011-09-02 14:56:00,2011,9,2,14
10885,2011-09-02 15:05:00,2011,9,2,15
10886,2011-09-02 15:12:00,2011,9,2,15
10887,2011-09-02 15:20:00,2011,9,2,15
10888,2011-09-02 15:23:00,2011,9,2,15
10889,2011-09-02 15:45:00,2011,9,2,15
10890,2011-09-02 15:48:00,2011,9,2,15
10891,2011-09-02 15:50:00,2011,9,2,15
10892,2011-09-02 15:56:00,2011,9,2,15
10893,2011-09-02 16:43:00,2011,9,2,16
10894,2011-09-02 16:50:00,2011,9,2,16
10895,2011-09-02 16:53:00,2011,9,2,16
10896,2011-09-02 17:38:00,2011,9,2,17
10897,2011-09-04 10:35:00,2011,9,4,10
10898,2011-09-04 10:51:00,2011,9,4,10
10899,2011-09-04 10:59:00,2011,9,4,10
10900,2011-09-04 11:00:00,2011,9,4,11
10901,2011-09-04 11:12:00,2011,9,4,11
10902,2011-09-04 11:15:00,2011,9,4,11
10903,2011-09-04 11:17:00,2011,9,4,11
10904,2011-09-04 11:22:00,2011,9,4,11
10905,2011-09-04 11:36:00,2011,9,4,11
10906,2011-09-04 11:49:00,2011,9,4,11
10907,2011-09-04 11:54:00,2011,9,4,11
10908,2011-09-04 12:00:00,2011,9,4,12
10909,2011-09-04 12:04:00,2011,9,4,12
10910,2011-09-04 12:07:00,2011,9,4,12
10911,2011-09-04 12:09:00,2011,9,4,12
10912,2011-09-04 12:10:00,2011,9,4,12
10913,2011-09-04 12:23:00,2011,9,4,12
10914,2011-09-04 12:24:00,2011,9,4,12
10915,2011-09-04 12:41:00,2011,9,4,12
10916,2011-09-04 12:49:00,2011,9,4,12
10917,2011-09-04 12:54:00,2011,9,4,12
10918,2011-09-04 13:07:00,2011,9,4,13
10919,2011-09-04 13:15:00,2011,9,4,13
10920,2011-09-04 13:16:00,2011,9,4,13
10921,2011-09-04 13:20:00,2011,9,4,13
10922,2011-09-04 13:35:00,2011,9,4,13
10923,2011-09-04 13:38:00,2011,9,4,13
10924,2011-09-04 13:45:00,2011,9,4,13
10925,2011-09-04 13:48:00,2011,9,4,13
10926,2011-09-04 13:56:00,2011,9,4,13
10927,2011-09-04 14:06:00,2011,9,4,14
10928,2011-09-04 14:08:00,2011,9,4,14
10929,2011-09-04 14:09:00,2011,9,4,14
10930,2011-09-04 14:22:00,2011,9,4,14
10931,2011-09-04 14:36:00,2011,9,4,14
10932,2011-09-04 14:50:00,2011,9,4,14
10933,2011-09-04 15:19:00,2011,9,4,15
10934,2011-09-04 15:20:00,2011,9,4,15
10935,2011-09-04 15:21:00,2011,9,4,15
10936,2011-09-04 15:22:00,2011,9,4,15
10937,2011-09-04 15:37:00,2011,9,4,15
10938,2011-09-04 15:52:00,2011,9,4,15
10939,2011-09-04 16:05:00,2011,9,4,16
10940,2011-09-04 16:08:00,2011,9,4,16
10941,2011-09-04 16:12:00,2011,9,4,16
10942,2011-09-05 09:07:00,2011,9,5,9
10943,2011-09-05 09:16:00,2011,9,5,9
10944,2011-09-05 09:20:00,2011,9,5,9
10945,2011-09-05 09:24:00,2011,9,5,9
10946,2011-09-05 09:34:00,2011,9,5,9
10947,2011-09-05 09:38:00,2011,9,5,9
10948,2011-09-05 09:45:00,2011,9,5,9
10949,2011-09-05 09:46:00,2011,9,5,9
10950,2011-09-05 09:48:00,2011,9,5,9
10951,2011-09-05 09:49:00,2011,9,5,9
10952,2011-09-05 10:00:00,2011,9,5,10
10953,2011-09-05 10:06:00,2011,9,5,10
10954,2011-09-05 10:12:00,2011,9,5,10
10955,2011-09-05 10:15:00,2011,9,5,10
10956,2011-09-05 10:27:00,2011,9,5,10
10957,2011-09-05 10:34:00,2011,9,5,10
10958,2011-09-05 10:47:00,2011,9,5,10
10959,2011-09-05 10:48:00,2011,9,5,10
10960,2011-09-05 11:18:00,2011,9,5,11
10961,2011-09-05 11:19:00,2011,9,5,11
10962,2011-09-05 11:27:00,2011,9,5,11
10963,2011-09-05 11:31:00,2011,9,5,11
10964,2011-09-05 11:38:00,2011,9,5,11
10965,2011-09-05 11:41:00,2011,9,5,11
10966,2011-09-05 11:43:00,2011,9,5,11
10967,2011-09-05 11:51:00,2011,9,5,11
10968,2011-09-05 11:52:00,2011,9,5,11
10969,2011-09-05 12:00:00,2011,9,5,12
10970,2011-09-05 12:06:00,2011,9,5,12
10971,2011-09-05 12:18:00,2011,9,5,12
10972,2011-09-05 12:20:00,2011,9,5,12
10973,2011-09-05 12:21:00,2011,9,5,12
10974,2011-09-05 12:24:00,2011,9,5,12
10975,2011-09-05 12:35:00,2011,9,5,12
10976,2011-09-05 12:36:00,2011,9,5,12
10977,2011-09-05 12:41:00,2011,9,5,12
10978,2011-09-05 13:10:00,2011,9,5,13
10979,2011-09-05 13:22:00,2011,9,5,13
10980,2011-09-05 13:38:00,2011,9,5,13
10981,2011-09-05 13:50:00,2011,9,5,13
10982,2011-09-05 13:52:00,2011,9,5,13
10983,2011-09-05 13:53:00,2011,9,5,13
10984,2011-09-05 13:54:00,2011,9,5,13
10985,2011-09-05 14:07:00,2011,9,5,14
10986,2011-09-05 14:11:00,2011,9,5,14
10987,2011-09-05 14:13:00,2011,9,5,14
10988,2011-09-05 14:27:00,2011,9,5,14
10989,2011-09-05 14:30:00,2011,9,5,14
10990,2011-09-05 14:56:00,2011,9,5,14
10991,2011-09-05 14:57:00,2011,9,5,14
10992,2011-09-05 15:17:00,2011,9,5,15
10993,2011-09-05 15:19:00,2011,9,5,15
10994,2011-09-05 15:20:00,2011,9,5,15
10995,2011-09-05 15:26:00,2011,9,5,15
10996,2011-09-05 15:40:00,2011,9,5,15
10997,2011-09-05 15:49:00,2011,9,5,15
10998,2011-09-05 15:56:00,2011,9,5,15
10999,2011-09-05 16:22:00,2011,9,5,16
11000,2011-09-05 16:27:00,2011,9,5,16
11001,2011-09-05 17:36:00,2011,9,5,17
11002,2011-09-05 17:44:00,2011,9,5,17
11003,2011-09-06 08:34:00,2011,9,6,8
11004,2011-09-06 09:15:00,2011,9,6,9
11005,2011-09-06 09:18:00,2011,9,6,9
11006,2011-09-06 09:23:00,2011,9,6,9
11007,2011-09-06 09:34:00,2011,9,6,9
11008,2011-09-06 09:45:00,2011,9,6,9
11009,2011-09-06 09:49:00,2011,9,6,9
11010,2011-09-06 09:51:00,2011,9,6,9
11011,2011-09-06 09:53:00,2011,9,6,9
11012,2011-09-06 10:04:00,2011,9,6,10
11013,2011-09-06 10:12:00,2011,9,6,10
11014,2011-09-06 10:27:00,2011,9,6,10
11015,2011-09-06 10:42:00,2011,9,6,10
11016,2011-09-06 10:46:00,2011,9,6,10
11017,2011-09-06 10:53:00,2011,9,6,10
11018,2011-09-06 11:29:00,2011,9,6,11
11019,2011-09-06 11:53:00,2011,9,6,11
11020,2011-09-06 11:55:00,2011,9,6,11
11021,2011-09-06 11:58:00,2011,9,6,11
11022,2011-09-06 12:00:00,2011,9,6,12
11023,2011-09-06 12:01:00,2011,9,6,12
11024,2011-09-06 12:02:00,2011,9,6,12
11025,2011-09-06 12:10:00,2011,9,6,12
11026,2011-09-06 12:11:00,2011,9,6,12
11027,2011-09-06 12:15:00,2011,9,6,12
11028,2011-09-06 12:25:00,2011,9,6,12
11029,2011-09-06 12:27:00,2011,9,6,12
11030,2011-09-06 12:30:00,2011,9,6,12
11031,2011-09-06 12:31:00,2011,9,6,12
11032,2011-09-06 12:32:00,2011,9,6,12
11033,2011-09-06 12:38:00,2011,9,6,12
11034,2011-09-06 12:44:00,2011,9,6,12
11035,2011-09-06 12:48:00,2011,9,6,12
11036,2011-09-06 12:56:00,2011,9,6,12
11037,2011-09-06 13:11:00,2011,9,6,13
11038,2011-09-06 13:20:00,2011,9,6,13
11039,2011-09-06 13:29:00,2011,9,6,13
11040,2011-09-06 13:46:00,2011,9,6,13
11041,2011-09-06 13:47:00,2011,9,6,13
11042,2011-09-06 14:09:00,2011,9,6,14
11043,2011-09-06 14:19:00,2011,9,6,14
11044,2011-09-06 14:23:00,2011,9,6,14
11045,2011-09-06 14:29:00,2011,9,6,14
11046,2011-09-06 14:32:00,2011,9,6,14
11047,2011-09-06 14:38:00,2011,9,6,14
11048,2011-09-06 14:53:00,2011,9,6,14
11049,2011-09-06 15:04:00,2011,9,6,15
11050,2011-09-06 15:14:00,2011,9,6,15
11051,2011-09-06 15:30:00,2011,9,6,15
11052,2011-09-06 15:34:00,2011,9,6,15
11053,2011-09-06 15:48:00,2011,9,6,15
11054,2011-09-06 15:53:00,2011,9,6,15
11055,2011-09-06 16:02:00,2011,9,6,16
11056,2011-09-06 16:57:00,2011,9,6,16
11057,2011-09-07 08:18:00,2011,9,7,8
11058,2011-09-07 09:15:00,2011,9,7,9
11059,2011-09-07 09:33:00,2011,9,7,9
11060,2011-09-07 09:37:00,2011,9,7,9
11061,2011-09-07 09:40:00,2011,9,7,9
11062,2011-09-07 09:45:00,2011,9,7,9
11063,2011-09-07 09:57:00,2011,9,7,9
11064,2011-09-07 10:07:00,2011,9,7,10
11065,2011-09-07 10:23:00,2011,9,7,10
11066,2011-09-07 10:28:00,2011,9,7,10
11067,2011-09-07 10:36:00,2011,9,7,10
11068,2011-09-07 10:38:00,2011,9,7,10
11069,2011-09-07 10:51:00,2011,9,7,10
11070,2011-09-07 10:55:00,2011,9,7,10
11071,2011-09-07 10:56:00,2011,9,7,10
11072,2011-09-07 11:32:00,2011,9,7,11
11073,2011-09-07 11:41:00,2011,9,7,11
11074,2011-09-07 11:43:00,2011,9,7,11
11075,2011-09-07 11:46:00,2011,9,7,11
11076,2011-09-07 12:10:00,2011,9,7,12
11077,2011-09-07 12:19:00,2011,9,7,12
11078,2011-09-07 12:21:00,2011,9,7,12
11079,2011-09-07 12:41:00,2011,9,7,12
11080,2011-09-07 12:50:00,2011,9,7,12
11081,2011-09-07 12:55:00,2011,9,7,12
11082,2011-09-07 13:06:00,2011,9,7,13
11083,2011-09-07 13:19:00,2011,9,7,13
11084,2011-09-07 13:22:00,2011,9,7,13
11085,2011-09-07 13:30:00,2011,9,7,13
11086,2011-09-07 14:09:00,2011,9,7,14
11087,2011-09-07 14:13:00,2011,9,7,14
11088,2011-09-07 14:30:00,2011,9,7,14
11089,2011-09-07 14:40:00,2011,9,7,14
11090,2011-09-07 14:41:00,2011,9,7,14
11091,2011-09-07 14:47:00,2011,9,7,14
11092,2011-09-07 14:56:00,2011,9,7,14
11093,2011-09-07 15:00:00,2011,9,7,15
11094,2011-09-07 15:07:00,2011,9,7,15
11095,2011-09-07 15:10:00,2011,9,7,15
11096,2011-09-07 15:13:00,2011,9,7,15
11097,2011-09-07 15:34:00,2011,9,7,15
11098,2011-09-07 15:43:00,2011,9,7,15
11099,2011-09-07 15:52:00,2011,9,7,15
11100,2011-09-07 16:00:00,2011,9,7,16
11101,2011-09-07 16:27:00,2011,9,7,16
11102,2011-09-08 08:56:00,2011,9,8,8
11103,2011-09-08 09:13:00,2011,9,8,9
11104,2011-09-08 09:51:00,2011,9,8,9
11105,2011-09-08 10:00:00,2011,9,8,10
11106,2011-09-08 10:01:00,2011,9,8,10
11107,2011-09-08 10:02:00,2011,9,8,10
11108,2011-09-08 10:11:00,2011,9,8,10
11109,2011-09-08 10:32:00,2011,9,8,10
11110,2011-09-08 10:35:00,2011,9,8,10
11111,2011-09-08 10:43:00,2011,9,8,10
11112,2011-09-08 10:45:00,2011,9,8,10
11113,2011-09-08 10:49:00,2011,9,8,10
11114,2011-09-08 10:52:00,2011,9,8,10
11115,2011-09-08 11:27:00,2011,9,8,11
11116,2011-09-08 11:28:00,2011,9,8,11
11117,2011-09-08 11:44:00,2011,9,8,11
11118,2011-09-08 11:46:00,2011,9,8,11
11119,2011-09-08 11:48:00,2011,9,8,11
11120,2011-09-08 11:53:00,2011,9,8,11
11121,2011-09-08 11:56:00,2011,9,8,11
11122,2011-09-08 12:01:00,2011,9,8,12
11123,2011-09-08 12:04:00,2011,9,8,12
11124,2011-09-08 12:05:00,2011,9,8,12
11125,2011-09-08 12:16:00,2011,9,8,12
11126,2011-09-08 12:19:00,2011,9,8,12
11127,2011-09-08 12:20:00,2011,9,8,12
11128,2011-09-08 12:27:00,2011,9,8,12
11129,2011-09-08 12:42:00,2011,9,8,12
11130,2011-09-08 12:44:00,2011,9,8,12
11131,2011-09-08 12:47:00,2011,9,8,12
11132,2011-09-08 12:48:00,2011,9,8,12
11133,2011-09-08 12:51:00,2011,9,8,12
11134,2011-09-08 12:55:00,2011,9,8,12
11135,2011-09-08 12:56:00,2011,9,8,12
11136,2011-09-08 12:57:00,2011,9,8,12
11137,2011-09-08 12:58:00,2011,9,8,12
11138,2011-09-08 13:07:00,2011,9,8,13
11139,2011-09-08 13:17:00,2011,9,8,13
11140,2011-09-08 13:26:00,2011,9,8,13
11141,2011-09-08 13:38:00,2011,9,8,13
11142,2011-09-08 13:48:00,2011,9,8,13
11143,2011-09-08 13:53:00,2011,9,8,13
11144,2011-09-08 13:54:00,2011,9,8,13
11145,2011-09-08 13:55:00,2011,9,8,13
11146,2011-09-08 13:57:00,2011,9,8,13
11147,2011-09-08 14:02:00,2011,9,8,14
11148,2011-09-08 14:19:00,2011,9,8,14
11149,2011-09-08 14:21:00,2011,9,8,14
11150,2011-09-08 14:28:00,2011,9,8,14
11151,2011-09-08 14:35:00,2011,9,8,14
11152,2011-09-08 14:42:00,2011,9,8,14
11153,2011-09-08 14:53:00,2011,9,8,14
11154,2011-09-08 14:57:00,2011,9,8,14
11155,2011-09-08 15:04:00,2011,9,8,15
11156,2011-09-08 15:05:00,2011,9,8,15
11157,2011-09-08 15:08:00,2011,9,8,15
11158,2011-09-08 15:16:00,2011,9,8,15
11159,2011-09-08 15:22:00,2011,9,8,15
11160,2011-09-08 15:36:00,2011,9,8,15
11161,2011-09-08 15:39:00,2011,9,8,15
11162,2011-09-08 15:41:00,2011,9,8,15
11163,2011-09-08 19:58:00,2011,9,8,19
11164,2011-09-09 08:48:00,2011,9,9,8
11165,2011-09-09 09:03:00,2011,9,9,9
11166,2011-09-09 09:13:00,2011,9,9,9
11167,2011-09-09 09:38:00,2011,9,9,9
11168,2011-09-09 09:52:00,2011,9,9,9
11169,2011-09-09 10:05:00,2011,9,9,10
11170,2011-09-09 10:09:00,2011,9,9,10
11171,2011-09-09 10:10:00,2011,9,9,10
11172,2011-09-09 10:12:00,2011,9,9,10
11173,2011-09-09 10:16:00,2011,9,9,10
11174,2011-09-09 10:24:00,2011,9,9,10
11175,2011-09-09 10:31:00,2011,9,9,10
11176,2011-09-09 10:37:00,2011,9,9,10
11177,2011-09-09 10:42:00,2011,9,9,10
11178,2011-09-09 10:47:00,2011,9,9,10
11179,2011-09-09 10:51:00,2011,9,9,10
11180,2011-09-09 10:54:00,2011,9,9,10
11181,2011-09-09 11:15:00,2011,9,9,11
11182,2011-09-09 11:46:00,2011,9,9,11
11183,2011-09-09 11:48:00,2011,9,9,11
11184,2011-09-09 12:09:00,2011,9,9,12
11185,2011-09-09 12:11:00,2011,9,9,12
11186,2011-09-09 12:22:00,2011,9,9,12
11187,2011-09-09 12:24:00,2011,9,9,12
11188,2011-09-09 12:36:00,2011,9,9,12
11189,2011-09-09 12:41:00,2011,9,9,12
11190,2011-09-09 13:01:00,2011,9,9,13
11191,2011-09-09 13:02:00,2011,9,9,13
11192,2011-09-09 13:14:00,2011,9,9,13
11193,2011-09-09 13:19:00,2011,9,9,13
11194,2011-09-09 13:20:00,2011,9,9,13
11195,2011-09-09 13:26:00,2011,9,9,13
11196,2011-09-09 13:34:00,2011,9,9,13
11197,2011-09-09 13:37:00,2011,9,9,13
11198,2011-09-09 13:42:00,2011,9,9,13
11199,2011-09-09 13:44:00,2011,9,9,13
11200,2011-09-09 13:47:00,2011,9,9,13
11201,2011-09-09 13:58:00,2011,9,9,13
11202,2011-09-09 14:12:00,2011,9,9,14
11203,2011-09-09 14:14:00,2011,9,9,14
11204,2011-09-09 14:18:00,2011,9,9,14
11205,2011-09-09 14:22:00,2011,9,9,14
11206,2011-09-09 14:47:00,2011,9,9,14
11207,2011-09-09 14:58:00,2011,9,9,14
11208,2011-09-09 15:00:00,2011,9,9,15
11209,2011-09-09 15:02:00,2011,9,9,15
11210,2011-09-09 15:03:00,2011,9,9,15
11211,2011-09-09 15:09:00,2011,9,9,15
11212,2011-09-09 15:10:00,2011,9,9,15
11213,2011-09-09 15:11:00,2011,9,9,15
11214,2011-09-09 15:17:00,2011,9,9,15
11215,2011-09-09 15:25:00,2011,9,9,15
11216,2011-09-09 15:51:00,2011,9,9,15
11217,2011-09-09 15:53:00,2011,9,9,15
11218,2011-09-11 10:35:00,2011,9,11,10
11219,2011-09-11 10:39:00,2011,9,11,10
11220,2011-09-11 10:42:00,2011,9,11,10
11221,2011-09-11 10:52:00,2011,9,11,10
11222,2011-09-11 10:53:00,2011,9,11,10
11223,2011-09-11 10:57:00,2011,9,11,10
11224,2011-09-11 10:58:00,2011,9,11,10
11225,2011-09-11 11:04:00,2011,9,11,11
11226,2011-09-11 11:08:00,2011,9,11,11
11227,2011-09-11 11:17:00,2011,9,11,11
11228,2011-09-11 11:19:00,2011,9,11,11
11229,2011-09-11 11:24:00,2011,9,11,11
11230,2011-09-11 11:26:00,2011,9,11,11
11231,2011-09-11 11:29:00,2011,9,11,11
11232,2011-09-11 11:30:00,2011,9,11,11
11233,2011-09-11 11:56:00,2011,9,11,11
11234,2011-09-11 11:57:00,2011,9,11,11
11235,2011-09-11 11:58:00,2011,9,11,11
11236,2011-09-11 11:59:00,2011,9,11,11
11237,2011-09-11 12:00:00,2011,9,11,12
11238,2011-09-11 12:03:00,2011,9,11,12
11239,2011-09-11 12:06:00,2011,9,11,12
11240,2011-09-11 12:09:00,2011,9,11,12
11241,2011-09-11 12:10:00,2011,9,11,12
11242,2011-09-11 12:13:00,2011,9,11,12
11243,2011-09-11 12:15:00,2011,9,11,12
11244,2011-09-11 12:16:00,2011,9,11,12
11245,2011-09-11 12:23:00,2011,9,11,12
11246,2011-09-11 12:27:00,2011,9,11,12
11247,2011-09-11 12:34:00,2011,9,11,12
11248,2011-09-11 12:45:00,2011,9,11,12
11249,2011-09-11 12:46:00,2011,9,11,12
11250,2011-09-11 12:56:00,2011,9,11,12
11251,2011-09-11 13:07:00,2011,9,11,13
11252,2011-09-11 13:16:00,2011,9,11,13
11253,2011-09-11 13:22:00,2011,9,11,13
11254,2011-09-11 13:32:00,2011,9,11,13
11255,2011-09-11 13:38:00,2011,9,11,13
11256,2011-09-11 13:39:00,2011,9,11,13
11257,2011-09-11 13:40:00,2011,9,11,13
11258,2011-09-11 13:44:00,2011,9,11,13
11259,2011-09-11 13:51:00,2011,9,11,13
11260,2011-09-11 13:56:00,2011,9,11,13
11261,2011-09-11 13:58:00,2011,9,11,13
11262,2011-09-11 14:00:00,2011,9,11,14
11263,2011-09-11 14:01:00,2011,9,11,14
11264,2011-09-11 14:05:00,2011,9,11,14
11265,2011-09-11 14:09:00,2011,9,11,14
11266,2011-09-11 14:15:00,2011,9,11,14
11267,2011-09-11 14:29:00,2011,9,11,14
11268,2011-09-11 14:34:00,2011,9,11,14
11269,2011-09-11 14:49:00,2011,9,11,14
11270,2011-09-11 14:51:00,2011,9,11,14
11271,2011-09-11 14:58:00,2011,9,11,14
11272,2011-09-11 15:11:00,2011,9,11,15
11273,2011-09-11 15:18:00,2011,9,11,15
11274,2011-09-11 15:20:00,2011,9,11,15
11275,2011-09-11 15:24:00,2011,9,11,15
11276,2011-09-11 15:31:00,2011,9,11,15
11277,2011-09-11 15:35:00,2011,9,11,15
11278,2011-09-11 15:41:00,2011,9,11,15
11279,2011-09-11 15:44:00,2011,9,11,15
11280,2011-09-11 15:47:00,2011,9,11,15
11281,2011-09-11 15:50:00,2011,9,11,15
11282,2011-09-11 15:52:00,2011,9,11,15
11283,2011-09-11 15:59:00,2011,9,11,15
11284,2011-09-11 16:05:00,2011,9,11,16
11285,2011-09-11 16:06:00,2011,9,11,16
11286,2011-09-11 16:09:00,2011,9,11,16
11287,2011-09-12 08:24:00,2011,9,12,8
11288,2011-09-12 09:03:00,2011,9,12,9
11289,2011-09-12 09:26:00,2011,9,12,9
11290,2011-09-12 09:36:00,2011,9,12,9
11291,2011-09-12 09:37:00,2011,9,12,9
11292,2011-09-12 09:38:00,2011,9,12,9
11293,2011-09-12 09:39:00,2011,9,12,9
11294,2011-09-12 09:41:00,2011,9,12,9
11295,2011-09-12 09:43:00,2011,9,12,9
11296,2011-09-12 09:57:00,2011,9,12,9
11297,2011-09-12 10:01:00,2011,9,12,10
11298,2011-09-12 10:19:00,2011,9,12,10
11299,2011-09-12 10:47:00,2011,9,12,10
11300,2011-09-12 11:25:00,2011,9,12,11
11301,2011-09-12 11:41:00,2011,9,12,11
11302,2011-09-12 11:44:00,2011,9,12,11
11303,2011-09-12 11:58:00,2011,9,12,11
11304,2011-09-12 12:11:00,2011,9,12,12
11305,2011-09-12 12:19:00,2011,9,12,12
11306,2011-09-12 12:20:00,2011,9,12,12
11307,2011-09-12 12:24:00,2011,9,12,12
11308,2011-09-12 12:27:00,2011,9,12,12
11309,2011-09-12 12:32:00,2011,9,12,12
11310,2011-09-12 12:45:00,2011,9,12,12
11311,2011-09-12 12:48:00,2011,9,12,12
11312,2011-09-12 12:51:00,2011,9,12,12
11313,2011-09-12 12:54:00,2011,9,12,12
11314,2011-09-12 13:10:00,2011,9,12,13
11315,2011-09-12 13:11:00,2011,9,12,13
11316,2011-09-12 13:16:00,2011,9,12,13
11317,2011-09-12 13:34:00,2011,9,12,13
11318,2011-09-12 13:38:00,2011,9,12,13
11319,2011-09-12 13:41:00,2011,9,12,13
11320,2011-09-12 13:43:00,2011,9,12,13
11321,2011-09-12 13:50:00,2011,9,12,13
11322,2011-09-12 13:55:00,2011,9,12,13
11323,2011-09-12 13:56:00,2011,9,12,13
11324,2011-09-12 14:15:00,2011,9,12,14
11325,2011-09-12 14:22:00,2011,9,12,14
11326,2011-09-12 14:23:00,2011,9,12,14
11327,2011-09-12 14:24:00,2011,9,12,14
11328,2011-09-12 14:37:00,2011,9,12,14
11329,2011-09-12 14:39:00,2011,9,12,14
11330,2011-09-12 14:40:00,2011,9,12,14
11331,2011-09-12 14:54:00,2011,9,12,14
11332,2011-09-12 15:01:00,2011,9,12,15
11333,2011-09-12 15:04:00,2011,9,12,15
11334,2011-09-12 15:14:00,2011,9,12,15
11335,2011-09-12 15:19:00,2011,9,12,15
11336,2011-09-12 15:23:00,2011,9,12,15
11337,2011-09-12 15:29:00,2011,9,12,15
11338,2011-09-12 15:31:00,2011,9,12,15
11339,2011-09-12 15:32:00,2011,9,12,15
11340,2011-09-12 15:43:00,2011,9,12,15
11341,2011-09-12 16:06:00,2011,9,12,16
11342,2011-09-12 16:12:00,2011,9,12,16
11343,2011-09-12 16:14:00,2011,9,12,16
11344,2011-09-12 16:23:00,2011,9,12,16
11345,2011-09-12 16:45:00,2011,9,12,16
11346,2011-09-12 17:58:00,2011,9,12,17
11347,2011-09-13 09:03:00,2011,9,13,9
11348,2011-09-13 09:07:00,2011,9,13,9
11349,2011-09-13 09:17:00,2011,9,13,9
11350,2011-09-13 09:33:00,2011,9,13,9
11351,2011-09-13 09:43:00,2011,9,13,9
11352,2011-09-13 09:47:00,2011,9,13,9
11353,2011-09-13 09:48:00,2011,9,13,9
11354,2011-09-13 09:49:00,2011,9,13,9
11355,2011-09-13 09:59:00,2011,9,13,9
11356,2011-09-13 10:03:00,2011,9,13,10
11357,2011-09-13 10:16:00,2011,9,13,10
11358,2011-09-13 10:17:00,2011,9,13,10
11359,2011-09-13 10:25:00,2011,9,13,10
11360,2011-09-13 10:34:00,2011,9,13,10
11361,2011-09-13 11:12:00,2011,9,13,11
11362,2011-09-13 11:14:00,2011,9,13,11
11363,2011-09-13 11:24:00,2011,9,13,11
11364,2011-09-13 11:26:00,2011,9,13,11
11365,2011-09-13 11:34:00,2011,9,13,11
11366,2011-09-13 11:39:00,2011,9,13,11
11367,2011-09-13 11:41:00,2011,9,13,11
11368,2011-09-13 11:47:00,2011,9,13,11
11369,2011-09-13 11:51:00,2011,9,13,11
11370,2011-09-13 11:52:00,2011,9,13,11
11371,2011-09-13 12:09:00,2011,9,13,12
11372,2011-09-13 12:13:00,2011,9,13,12
11373,2011-09-13 12:18:00,2011,9,13,12
11374,2011-09-13 12:22:00,2011,9,13,12
11375,2011-09-13 12:26:00,2011,9,13,12
11376,2011-09-13 12:32:00,2011,9,13,12
11377,2011-09-13 12:37:00,2011,9,13,12
11378,2011-09-13 12:49:00,2011,9,13,12
11379,2011-09-13 12:52:00,2011,9,13,12
11380,2011-09-13 13:15:00,2011,9,13,13
11381,2011-09-13 13:21:00,2011,9,13,13
11382,2011-09-13 13:46:00,2011,9,13,13
11383,2011-09-13 13:47:00,2011,9,13,13
11384,2011-09-13 13:49:00,2011,9,13,13
11385,2011-09-13 13:55:00,2011,9,13,13
11386,2011-09-13 14:06:00,2011,9,13,14
11387,2011-09-13 14:23:00,2011,9,13,14
11388,2011-09-13 14:30:00,2011,9,13,14
11389,2011-09-13 14:42:00,2011,9,13,14
11390,2011-09-13 14:50:00,2011,9,13,14
11391,2011-09-13 14:51:00,2011,9,13,14
11392,2011-09-13 14:53:00,2011,9,13,14
11393,2011-09-13 15:03:00,2011,9,13,15
11394,2011-09-13 15:18:00,2011,9,13,15
11395,2011-09-13 15:23:00,2011,9,13,15
11396,2011-09-13 15:35:00,2011,9,13,15
11397,2011-09-13 15:37:00,2011,9,13,15
11398,2011-09-13 15:41:00,2011,9,13,15
11399,2011-09-13 15:57:00,2011,9,13,15
11400,2011-09-13 16:26:00,2011,9,13,16
11401,2011-09-13 16:27:00,2011,9,13,16
11402,2011-09-13 16:33:00,2011,9,13,16
11403,2011-09-13 16:40:00,2011,9,13,16
11404,2011-09-13 16:56:00,2011,9,13,16
11405,2011-09-13 17:16:00,2011,9,13,17
11406,2011-09-14 08:35:00,2011,9,14,8
11407,2011-09-14 09:11:00,2011,9,14,9
11408,2011-09-14 09:13:00,2011,9,14,9
11409,2011-09-14 09:16:00,2011,9,14,9
11410,2011-09-14 09:21:00,2011,9,14,9
11411,2011-09-14 09:22:00,2011,9,14,9
11412,2011-09-14 09:27:00,2011,9,14,9
11413,2011-09-14 09:31:00,2011,9,14,9
11414,2011-09-14 09:36:00,2011,9,14,9
11415,2011-09-14 09:38:00,2011,9,14,9
11416,2011-09-14 10:28:00,2011,9,14,10
11417,2011-09-14 10:32:00,2011,9,14,10
11418,2011-09-14 10:33:00,2011,9,14,10
11419,2011-09-14 10:34:00,2011,9,14,10
11420,2011-09-14 10:35:00,2011,9,14,10
11421,2011-09-14 10:40:00,2011,9,14,10
11422,2011-09-14 10:42:00,2011,9,14,10
11423,2011-09-14 11:21:00,2011,9,14,11
11424,2011-09-14 11:25:00,2011,9,14,11
11425,2011-09-14 11:26:00,2011,9,14,11
11426,2011-09-14 11:34:00,2011,9,14,11
11427,2011-09-14 11:35:00,2011,9,14,11
11428,2011-09-14 11:36:00,2011,9,14,11
11429,2011-09-14 11:39:00,2011,9,14,11
11430,2011-09-14 11:41:00,2011,9,14,11
11431,2011-09-14 11:42:00,2011,9,14,11
11432,2011-09-14 11:50:00,2011,9,14,11
11433,2011-09-14 11:53:00,2011,9,14,11
11434,2011-09-14 11:54:00,2011,9,14,11
11435,2011-09-14 11:55:00,2011,9,14,11
11436,2011-09-14 11:58:00,2011,9,14,11
11437,2011-09-14 12:05:00,2011,9,14,12
11438,2011-09-14 12:14:00,2011,9,14,12
11439,2011-09-14 12:25:00,2011,9,14,12
11440,2011-09-14 12:29:00,2011,9,14,12
11441,2011-09-14 12:42:00,2011,9,14,12
11442,2011-09-14 12:50:00,2011,9,14,12
11443,2011-09-14 12:51:00,2011,9,14,12
11444,2011-09-14 13:02:00,2011,9,14,13
11445,2011-09-14 13:04:00,2011,9,14,13
11446,2011-09-14 13:12:00,2011,9,14,13
11447,2011-09-14 13:15:00,2011,9,14,13
11448,2011-09-14 13:23:00,2011,9,14,13
11449,2011-09-14 13:31:00,2011,9,14,13
11450,2011-09-14 13:37:00,2011,9,14,13
11451,2011-09-14 13:42:00,2011,9,14,13
11452,2011-09-14 13:54:00,2011,9,14,13
11453,2011-09-14 14:09:00,2011,9,14,14
11454,2011-09-14 14:19:00,2011,9,14,14
11455,2011-09-14 14:26:00,2011,9,14,14
11456,2011-09-14 14:28:00,2011,9,14,14
11457,2011-09-14 14:30:00,2011,9,14,14
11458,2011-09-14 14:34:00,2011,9,14,14
11459,2011-09-14 15:11:00,2011,9,14,15
11460,2011-09-14 15:18:00,2011,9,14,15
11461,2011-09-14 15:33:00,2011,9,14,15
11462,2011-09-14 15:41:00,2011,9,14,15
11463,2011-09-14 15:49:00,2011,9,14,15
11464,2011-09-14 15:54:00,2011,9,14,15
11465,2011-09-14 16:29:00,2011,9,14,16
11466,2011-09-14 16:36:00,2011,9,14,16
11467,2011-09-15 08:27:00,2011,9,15,8
11468,2011-09-15 08:55:00,2011,9,15,8
11469,2011-09-15 09:34:00,2011,9,15,9
11470,2011-09-15 09:41:00,2011,9,15,9
11471,2011-09-15 09:43:00,2011,9,15,9
11472,2011-09-15 09:44:00,2011,9,15,9
11473,2011-09-15 09:53:00,2011,9,15,9
11474,2011-09-15 10:02:00,2011,9,15,10
11475,2011-09-15 10:11:00,2011,9,15,10
11476,2011-09-15 10:18:00,2011,9,15,10
11477,2011-09-15 10:29:00,2011,9,15,10
11478,2011-09-15 10:31:00,2011,9,15,10
11479,2011-09-15 10:35:00,2011,9,15,10
11480,2011-09-15 10:53:00,2011,9,15,10
11481,2011-09-15 11:20:00,2011,9,15,11
11482,2011-09-15 11:25:00,2011,9,15,11
11483,2011-09-15 11:33:00,2011,9,15,11
11484,2011-09-15 11:46:00,2011,9,15,11
11485,2011-09-15 11:47:00,2011,9,15,11
11486,2011-09-15 11:54:00,2011,9,15,11
11487,2011-09-15 11:57:00,2011,9,15,11
11488,2011-09-15 12:02:00,2011,9,15,12
11489,2011-09-15 12:03:00,2011,9,15,12
11490,2011-09-15 12:04:00,2011,9,15,12
11491,2011-09-15 12:16:00,2011,9,15,12
11492,2011-09-15 12:40:00,2011,9,15,12
11493,2011-09-15 12:43:00,2011,9,15,12
11494,2011-09-15 12:46:00,2011,9,15,12
11495,2011-09-15 12:47:00,2011,9,15,12
11496,2011-09-15 12:51:00,2011,9,15,12
11497,2011-09-15 12:53:00,2011,9,15,12
11498,2011-09-15 12:55:00,2011,9,15,12
11499,2011-09-15 12:56:00,2011,9,15,12
11500,2011-09-15 13:13:00,2011,9,15,13
11501,2011-09-15 13:20:00,2011,9,15,13
11502,2011-09-15 13:21:00,2011,9,15,13
11503,2011-09-15 13:27:00,2011,9,15,13
11504,2011-09-15 13:28:00,2011,9,15,13
11505,2011-09-15 13:31:00,2011,9,15,13
11506,2011-09-15 13:43:00,2011,9,15,13
11507,2011-09-15 13:51:00,2011,9,15,13
11508,2011-09-15 13:54:00,2011,9,15,13
11509,2011-09-15 13:57:00,2011,9,15,13
11510,2011-09-15 14:05:00,2011,9,15,14
11511,2011-09-15 14:07:00,2011,9,15,14
11512,2011-09-15 14:08:00,2011,9,15,14
11513,2011-09-15 14:22:00,2011,9,15,14
11514,2011-09-15 14:25:00,2011,9,15,14
11515,2011-09-15 14:37:00,2011,9,15,14
11516,2011-09-15 14:50:00,2011,9,15,14
11517,2011-09-15 14:56:00,2011,9,15,14
11518,2011-09-15 14:58:00,2011,9,15,14
11519,2011-09-15 15:05:00,2011,9,15,15
11520,2011-09-15 15:20:00,2011,9,15,15
11521,2011-09-15 15:21:00,2011,9,15,15
11522,2011-09-15 15:26:00,2011,9,15,15
11523,2011-09-15 15:27:00,2011,9,15,15
11524,2011-09-15 15:29:00,2011,9,15,15
11525,2011-09-15 15:30:00,2011,9,15,15
11526,2011-09-15 15:34:00,2011,9,15,15
11527,2011-09-15 15:35:00,2011,9,15,15
11528,2011-09-15 15:44:00,2011,9,15,15
11529,2011-09-15 15:48:00,2011,9,15,15
11530,2011-09-15 16:34:00,2011,9,15,16
11531,2011-09-15 16:36:00,2011,9,15,16
11532,2011-09-15 16:39:00,2011,9,15,16
11533,2011-09-15 17:00:00,2011,9,15,17
11534,2011-09-15 17:07:00,2011,9,15,17
11535,2011-09-15 17:09:00,2011,9,15,17
11536,2011-09-15 18:05:00,2011,9,15,18
11537,2011-09-15 18:49:00,2011,9,15,18
11538,2011-09-15 19:36:00,2011,9,15,19
11539,2011-09-16 09:03:00,2011,9,16,9
11540,2011-09-16 09:13:00,2011,9,16,9
11541,2011-09-16 09:21:00,2011,9,16,9
11542,2011-09-16 09:24:00,2011,9,16,9
11543,2011-09-16 09:27:00,2011,9,16,9
11544,2011-09-16 09:54:00,2011,9,16,9
11545,2011-09-16 09:56:00,2011,9,16,9
11546,2011-09-16 10:02:00,2011,9,16,10
11547,2011-09-16 10:39:00,2011,9,16,10
11548,2011-09-16 10:56:00,2011,9,16,10
11549,2011-09-16 11:27:00,2011,9,16,11
11550,2011-09-16 11:48:00,2011,9,16,11
11551,2011-09-16 12:17:00,2011,9,16,12
11552,2011-09-16 12:22:00,2011,9,16,12
11553,2011-09-16 12:27:00,2011,9,16,12
11554,2011-09-16 12:34:00,2011,9,16,12
11555,2011-09-16 12:38:00,2011,9,16,12
11556,2011-09-16 12:48:00,2011,9,16,12
11557,2011-09-16 12:50:00,2011,9,16,12
11558,2011-09-16 12:54:00,2011,9,16,12
11559,2011-09-16 13:03:00,2011,9,16,13
11560,2011-09-16 13:13:00,2011,9,16,13
11561,2011-09-16 13:23:00,2011,9,16,13
11562,2011-09-16 13:31:00,2011,9,16,13
11563,2011-09-16 13:32:00,2011,9,16,13
11564,2011-09-16 13:33:00,2011,9,16,13
11565,2011-09-16 13:37:00,2011,9,16,13
11566,2011-09-16 13:45:00,2011,9,16,13
11567,2011-09-16 13:53:00,2011,9,16,13
11568,2011-09-16 14:04:00,2011,9,16,14
11569,2011-09-16 14:20:00,2011,9,16,14
11570,2011-09-16 14:39:00,2011,9,16,14
11571,2011-09-16 14:45:00,2011,9,16,14
11572,2011-09-16 14:47:00,2011,9,16,14
11573,2011-09-16 14:53:00,2011,9,16,14
11574,2011-09-16 14:55:00,2011,9,16,14
11575,2011-09-16 15:07:00,2011,9,16,15
11576,2011-09-16 15:09:00,2011,9,16,15
11577,2011-09-16 15:23:00,2011,9,16,15
11578,2011-09-16 16:25:00,2011,9,16,16
11579,2011-09-16 16:29:00,2011,9,16,16
11580,2011-09-16 17:05:00,2011,9,16,17
11581,2011-09-16 17:33:00,2011,9,16,17
11582,2011-09-16 17:39:00,2011,9,16,17
11583,2011-09-18 10:19:00,2011,9,18,10
11584,2011-09-18 10:35:00,2011,9,18,10
11585,2011-09-18 10:46:00,2011,9,18,10
11586,2011-09-18 11:13:00,2011,9,18,11
11587,2011-09-18 11:31:00,2011,9,18,11
11588,2011-09-18 11:51:00,2011,9,18,11
11589,2011-09-18 11:58:00,2011,9,18,11
11590,2011-09-18 12:15:00,2011,9,18,12
11591,2011-09-18 12:21:00,2011,9,18,12
11592,2011-09-18 12:24:00,2011,9,18,12
11593,2011-09-18 12:40:00,2011,9,18,12
11594,2011-09-18 12:42:00,2011,9,18,12
11595,2011-09-18 13:29:00,2011,9,18,13
11596,2011-09-18 13:31:00,2011,9,18,13
11597,2011-09-18 13:38:00,2011,9,18,13
11598,2011-09-18 13:40:00,2011,9,18,13
11599,2011-09-18 14:08:00,2011,9,18,14
11600,2011-09-18 14:27:00,2011,9,18,14
11601,2011-09-18 14:56:00,2011,9,18,14
11602,2011-09-18 15:15:00,2011,9,18,15
11603,2011-09-18 15:21:00,2011,9,18,15
11604,2011-09-18 15:32:00,2011,9,18,15
11605,2011-09-18 15:33:00,2011,9,18,15
11606,2011-09-18 15:41:00,2011,9,18,15
11607,2011-09-18 15:55:00,2011,9,18,15
11608,2011-09-18 16:04:00,2011,9,18,16
11609,2011-09-19 09:04:00,2011,9,19,9
11610,2011-09-19 09:10:00,2011,9,19,9
11611,2011-09-19 09:14:00,2011,9,19,9
11612,2011-09-19 09:15:00,2011,9,19,9
11613,2011-09-19 09:20:00,2011,9,19,9
11614,2011-09-19 09:27:00,2011,9,19,9
11615,2011-09-19 09:28:00,2011,9,19,9
11616,2011-09-19 09:30:00,2011,9,19,9
11617,2011-09-19 10:09:00,2011,9,19,10
11618,2011-09-19 10:10:00,2011,9,19,10
11619,2011-09-19 10:13:00,2011,9,19,10
11620,2011-09-19 10:15:00,2011,9,19,10
11621,2011-09-19 10:36:00,2011,9,19,10
11622,2011-09-19 10:42:00,2011,9,19,10
11623,2011-09-19 10:43:00,2011,9,19,10
11624,2011-09-19 10:44:00,2011,9,19,10
11625,2011-09-19 10:51:00,2011,9,19,10
11626,2011-09-19 11:02:00,2011,9,19,11
11627,2011-09-19 11:04:00,2011,9,19,11
11628,2011-09-19 11:33:00,2011,9,19,11
11629,2011-09-19 11:37:00,2011,9,19,11
11630,2011-09-19 11:46:00,2011,9,19,11
11631,2011-09-19 11:49:00,2011,9,19,11
11632,2011-09-19 11:54:00,2011,9,19,11
11633,2011-09-19 11:55:00,2011,9,19,11
11634,2011-09-19 11:59:00,2011,9,19,11
11635,2011-09-19 12:01:00,2011,9,19,12
11636,2011-09-19 12:06:00,2011,9,19,12
11637,2011-09-19 12:16:00,2011,9,19,12
11638,2011-09-19 12:19:00,2011,9,19,12
11639,2011-09-19 12:27:00,2011,9,19,12
11640,2011-09-19 12:29:00,2011,9,19,12
11641,2011-09-19 12:36:00,2011,9,19,12
11642,2011-09-19 13:02:00,2011,9,19,13
11643,2011-09-19 13:20:00,2011,9,19,13
11644,2011-09-19 13:27:00,2011,9,19,13
11645,2011-09-19 13:28:00,2011,9,19,13
11646,2011-09-19 13:32:00,2011,9,19,13
11647,2011-09-19 13:35:00,2011,9,19,13
11648,2011-09-19 13:39:00,2011,9,19,13
11649,2011-09-19 13:45:00,2011,9,19,13
11650,2011-09-19 13:47:00,2011,9,19,13
11651,2011-09-19 13:48:00,2011,9,19,13
11652,2011-09-19 14:23:00,2011,9,19,14
11653,2011-09-19 14:27:00,2011,9,19,14
11654,2011-09-19 14:28:00,2011,9,19,14
11655,2011-09-19 14:38:00,2011,9,19,14
11656,2011-09-19 14:43:00,2011,9,19,14
11657,2011-09-19 14:55:00,2011,9,19,14
11658,2011-09-19 14:56:00,2011,9,19,14
11659,2011-09-19 15:00:00,2011,9,19,15
11660,2011-09-19 15:01:00,2011,9,19,15
11661,2011-09-19 15:02:00,2011,9,19,15
11662,2011-09-19 15:04:00,2011,9,19,15
11663,2011-09-19 15:21:00,2011,9,19,15
11664,2011-09-19 15:49:00,2011,9,19,15
11665,2011-09-19 15:53:00,2011,9,19,15
11666,2011-09-19 16:15:00,2011,9,19,16
11667,2011-09-19 16:21:00,2011,9,19,16
11668,2011-09-19 16:49:00,2011,9,19,16
11669,2011-09-20 08:23:00,2011,9,20,8
11670,2011-09-20 09:06:00,2011,9,20,9
11671,2011-09-20 09:13:00,2011,9,20,9
11672,2011-09-20 09:24:00,2011,9,20,9
11673,2011-09-20 09:31:00,2011,9,20,9
11674,2011-09-20 09:40:00,2011,9,20,9
11675,2011-09-20 09:45:00,2011,9,20,9
11676,2011-09-20 09:54:00,2011,9,20,9
11677,2011-09-20 09:55:00,2011,9,20,9
11678,2011-09-20 10:01:00,2011,9,20,10
11679,2011-09-20 10:02:00,2011,9,20,10
11680,2011-09-20 10:06:00,2011,9,20,10
11681,2011-09-20 10:12:00,2011,9,20,10
11682,2011-09-20 10:18:00,2011,9,20,10
11683,2011-09-20 10:21:00,2011,9,20,10
11684,2011-09-20 10:23:00,2011,9,20,10
11685,2011-09-20 10:27:00,2011,9,20,10
11686,2011-09-20 10:38:00,2011,9,20,10
11687,2011-09-20 10:47:00,2011,9,20,10
11688,2011-09-20 11:05:00,2011,9,20,11
11689,2011-09-20 11:16:00,2011,9,20,11
11690,2011-09-20 11:32:00,2011,9,20,11
11691,2011-09-20 11:33:00,2011,9,20,11
11692,2011-09-20 11:35:00,2011,9,20,11
11693,2011-09-20 11:39:00,2011,9,20,11
11694,2011-09-20 12:05:00,2011,9,20,12
11695,2011-09-20 12:12:00,2011,9,20,12
11696,2011-09-20 12:14:00,2011,9,20,12
11697,2011-09-20 12:16:00,2011,9,20,12
11698,2011-09-20 12:18:00,2011,9,20,12
11699,2011-09-20 12:21:00,2011,9,20,12
11700,2011-09-20 12:30:00,2011,9,20,12
11701,2011-09-20 12:35:00,2011,9,20,12
11702,2011-09-20 12:39:00,2011,9,20,12
11703,2011-09-20 12:47:00,2011,9,20,12
11704,2011-09-20 12:50:00,2011,9,20,12
11705,2011-09-20 12:53:00,2011,9,20,12
11706,2011-09-20 13:11:00,2011,9,20,13
11707,2011-09-20 13:19:00,2011,9,20,13
11708,2011-09-20 13:20:00,2011,9,20,13
11709,2011-09-20 13:21:00,2011,9,20,13
11710,2011-09-20 13:38:00,2011,9,20,13
11711,2011-09-20 13:41:00,2011,9,20,13
11712,2011-09-20 13:42:00,2011,9,20,13
11713,2011-09-20 13:45:00,2011,9,20,13
11714,2011-09-20 13:52:00,2011,9,20,13
11715,2011-09-20 13:53:00,2011,9,20,13
11716,2011-09-20 14:00:00,2011,9,20,14
11717,2011-09-20 14:08:00,2011,9,20,14
11718,2011-09-20 14:33:00,2011,9,20,14
11719,2011-09-20 14:34:00,2011,9,20,14
11720,2011-09-20 14:37:00,2011,9,20,14
11721,2011-09-20 14:50:00,2011,9,20,14
11722,2011-09-20 14:51:00,2011,9,20,14
11723,2011-09-20 14:52:00,2011,9,20,14
11724,2011-09-20 14:57:00,2011,9,20,14
11725,2011-09-20 15:03:00,2011,9,20,15
11726,2011-09-20 15:05:00,2011,9,20,15
11727,2011-09-20 15:10:00,2011,9,20,15
11728,2011-09-20 15:29:00,2011,9,20,15
11729,2011-09-20 15:31:00,2011,9,20,15
11730,2011-09-20 15:49:00,2011,9,20,15
11731,2011-09-20 16:41:00,2011,9,20,16
11732,2011-09-21 08:27:00,2011,9,21,8
11733,2011-09-21 08:55:00,2011,9,21,8
11734,2011-09-21 08:56:00,2011,9,21,8
11735,2011-09-21 09:06:00,2011,9,21,9
11736,2011-09-21 09:18:00,2011,9,21,9
11737,2011-09-21 09:22:00,2011,9,21,9
11738,2011-09-21 09:33:00,2011,9,21,9
11739,2011-09-21 09:37:00,2011,9,21,9
11740,2011-09-21 09:45:00,2011,9,21,9
11741,2011-09-21 09:54:00,2011,9,21,9
11742,2011-09-21 10:16:00,2011,9,21,10
11743,2011-09-21 10:27:00,2011,9,21,10
11744,2011-09-21 10:39:00,2011,9,21,10
11745,2011-09-21 10:40:00,2011,9,21,10
11746,2011-09-21 10:47:00,2011,9,21,10
11747,2011-09-21 10:48:00,2011,9,21,10
11748,2011-09-21 11:10:00,2011,9,21,11
11749,2011-09-21 11:30:00,2011,9,21,11
11750,2011-09-21 11:40:00,2011,9,21,11
11751,2011-09-21 11:48:00,2011,9,21,11
11752,2011-09-21 11:49:00,2011,9,21,11
11753,2011-09-21 11:55:00,2011,9,21,11
11754,2011-09-21 12:14:00,2011,9,21,12
11755,2011-09-21 12:23:00,2011,9,21,12
11756,2011-09-21 12:25:00,2011,9,21,12
11757,2011-09-21 12:26:00,2011,9,21,12
11758,2011-09-21 12:28:00,2011,9,21,12
11759,2011-09-21 12:46:00,2011,9,21,12
11760,2011-09-21 12:50:00,2011,9,21,12
11761,2011-09-21 12:55:00,2011,9,21,12
11762,2011-09-21 12:56:00,2011,9,21,12
11763,2011-09-21 13:01:00,2011,9,21,13
11764,2011-09-21 13:24:00,2011,9,21,13
11765,2011-09-21 13:33:00,2011,9,21,13
11766,2011-09-21 13:34:00,2011,9,21,13
11767,2011-09-21 13:35:00,2011,9,21,13
11768,2011-09-21 13:41:00,2011,9,21,13
11769,2011-09-21 13:48:00,2011,9,21,13
11770,2011-09-21 13:57:00,2011,9,21,13
11771,2011-09-21 13:58:00,2011,9,21,13
11772,2011-09-21 14:07:00,2011,9,21,14
11773,2011-09-21 14:08:00,2011,9,21,14
11774,2011-09-21 14:15:00,2011,9,21,14
11775,2011-09-21 14:17:00,2011,9,21,14
11776,2011-09-21 14:35:00,2011,9,21,14
11777,2011-09-21 14:38:00,2011,9,21,14
11778,2011-09-21 14:40:00,2011,9,21,14
11779,2011-09-21 14:43:00,2011,9,21,14
11780,2011-09-21 14:50:00,2011,9,21,14
11781,2011-09-21 14:55:00,2011,9,21,14
11782,2011-09-21 15:02:00,2011,9,21,15
11783,2011-09-21 15:06:00,2011,9,21,15
11784,2011-09-21 15:12:00,2011,9,21,15
11785,2011-09-21 15:15:00,2011,9,21,15
11786,2011-09-21 15:23:00,2011,9,21,15
11787,2011-09-21 15:32:00,2011,9,21,15
11788,2011-09-21 15:39:00,2011,9,21,15
11789,2011-09-21 15:54:00,2011,9,21,15
11790,2011-09-21 15:57:00,2011,9,21,15
11791,2011-09-21 16:15:00,2011,9,21,16
11792,2011-09-21 16:31:00,2011,9,21,16
11793,2011-09-21 16:43:00,2011,9,21,16
11794,2011-09-21 17:05:00,2011,9,21,17
11795,2011-09-22 08:41:00,2011,9,22,8
11796,2011-09-22 09:15:00,2011,9,22,9
11797,2011-09-22 09:16:00,2011,9,22,9
11798,2011-09-22 09:33:00,2011,9,22,9
11799,2011-09-22 09:36:00,2011,9,22,9
11800,2011-09-22 09:38:00,2011,9,22,9
11801,2011-09-22 09:52:00,2011,9,22,9
11802,2011-09-22 09:53:00,2011,9,22,9
11803,2011-09-22 10:03:00,2011,9,22,10
11804,2011-09-22 10:04:00,2011,9,22,10
11805,2011-09-22 10:26:00,2011,9,22,10
11806,2011-09-22 10:37:00,2011,9,22,10
11807,2011-09-22 10:38:00,2011,9,22,10
11808,2011-09-22 10:47:00,2011,9,22,10
11809,2011-09-22 10:48:00,2011,9,22,10
11810,2011-09-22 10:52:00,2011,9,22,10
11811,2011-09-22 11:17:00,2011,9,22,11
11812,2011-09-22 11:28:00,2011,9,22,11
11813,2011-09-22 11:40:00,2011,9,22,11
11814,2011-09-22 11:41:00,2011,9,22,11
11815,2011-09-22 11:44:00,2011,9,22,11
11816,2011-09-22 11:46:00,2011,9,22,11
11817,2011-09-22 11:49:00,2011,9,22,11
11818,2011-09-22 12:00:00,2011,9,22,12
11819,2011-09-22 12:01:00,2011,9,22,12
11820,2011-09-22 12:02:00,2011,9,22,12
11821,2011-09-22 12:06:00,2011,9,22,12
11822,2011-09-22 12:11:00,2011,9,22,12
11823,2011-09-22 12:13:00,2011,9,22,12
11824,2011-09-22 12:15:00,2011,9,22,12
11825,2011-09-22 12:22:00,2011,9,22,12
11826,2011-09-22 12:23:00,2011,9,22,12
11827,2011-09-22 12:24:00,2011,9,22,12
11828,2011-09-22 12:29:00,2011,9,22,12
11829,2011-09-22 12:34:00,2011,9,22,12
11830,2011-09-22 12:41:00,2011,9,22,12
11831,2011-09-22 12:42:00,2011,9,22,12
11832,2011-09-22 12:45:00,2011,9,22,12
11833,2011-09-22 12:54:00,2011,9,22,12
11834,2011-09-22 12:55:00,2011,9,22,12
11835,2011-09-22 13:00:00,2011,9,22,13
11836,2011-09-22 13:05:00,2011,9,22,13
11837,2011-09-22 13:13:00,2011,9,22,13
11838,2011-09-22 13:15:00,2011,9,22,13
11839,2011-09-22 13:18:00,2011,9,22,13
11840,2011-09-22 13:20:00,2011,9,22,13
11841,2011-09-22 13:21:00,2011,9,22,13
11842,2011-09-22 13:31:00,2011,9,22,13
11843,2011-09-22 13:37:00,2011,9,22,13
11844,2011-09-22 13:38:00,2011,9,22,13
11845,2011-09-22 13:44:00,2011,9,22,13
11846,2011-09-22 13:50:00,2011,9,22,13
11847,2011-09-22 13:51:00,2011,9,22,13
11848,2011-09-22 13:53:00,2011,9,22,13
11849,2011-09-22 14:10:00,2011,9,22,14
11850,2011-09-22 14:11:00,2011,9,22,14
11851,2011-09-22 14:13:00,2011,9,22,14
11852,2011-09-22 14:18:00,2011,9,22,14
11853,2011-09-22 14:25:00,2011,9,22,14
11854,2011-09-22 14:26:00,2011,9,22,14
11855,2011-09-22 14:29:00,2011,9,22,14
11856,2011-09-22 14:42:00,2011,9,22,14
11857,2011-09-22 14:53:00,2011,9,22,14
11858,2011-09-22 14:56:00,2011,9,22,14
11859,2011-09-22 14:59:00,2011,9,22,14
11860,2011-09-22 15:03:00,2011,9,22,15
11861,2011-09-22 15:18:00,2011,9,22,15
11862,2011-09-22 15:28:00,2011,9,22,15
11863,2011-09-22 15:34:00,2011,9,22,15
11864,2011-09-22 15:39:00,2011,9,22,15
11865,2011-09-22 15:40:00,2011,9,22,15
11866,2011-09-22 15:51:00,2011,9,22,15
11867,2011-09-22 15:54:00,2011,9,22,15
11868,2011-09-22 15:57:00,2011,9,22,15
11869,2011-09-22 16:07:00,2011,9,22,16
11870,2011-09-22 16:20:00,2011,9,22,16
11871,2011-09-22 16:26:00,2011,9,22,16
11872,2011-09-22 16:27:00,2011,9,22,16
11873,2011-09-22 16:34:00,2011,9,22,16
11874,2011-09-22 16:37:00,2011,9,22,16
11875,2011-09-22 16:46:00,2011,9,22,16
11876,2011-09-22 16:48:00,2011,9,22,16
11877,2011-09-22 16:53:00,2011,9,22,16
11878,2011-09-22 16:58:00,2011,9,22,16
11879,2011-09-22 17:00:00,2011,9,22,17
11880,2011-09-22 17:07:00,2011,9,22,17
11881,2011-09-22 17:08:00,2011,9,22,17
11882,2011-09-22 17:14:00,2011,9,22,17
11883,2011-09-22 17:15:00,2011,9,22,17
11884,2011-09-22 17:19:00,2011,9,22,17
11885,2011-09-22 17:24:00,2011,9,22,17
11886,2011-09-22 17:25:00,2011,9,22,17
11887,2011-09-22 17:31:00,2011,9,22,17
11888,2011-09-22 17:56:00,2011,9,22,17
11889,2011-09-22 18:07:00,2011,9,22,18
11890,2011-09-22 18:10:00,2011,9,22,18
11891,2011-09-22 18:14:00,2011,9,22,18
11892,2011-09-22 18:15:00,2011,9,22,18
11893,2011-09-22 18:24:00,2011,9,22,18
11894,2011-09-22 19:03:00,2011,9,22,19
11895,2011-09-22 19:33:00,2011,9,22,19
11896,2011-09-22 19:54:00,2011,9,22,19
11897,2011-09-23 08:25:00,2011,9,23,8
11898,2011-09-23 08:30:00,2011,9,23,8
11899,2011-09-23 09:00:00,2011,9,23,9
11900,2011-09-23 09:13:00,2011,9,23,9
11901,2011-09-23 09:14:00,2011,9,23,9
11902,2011-09-23 09:19:00,2011,9,23,9
11903,2011-09-23 09:26:00,2011,9,23,9
11904,2011-09-23 09:39:00,2011,9,23,9
11905,2011-09-23 09:44:00,2011,9,23,9
11906,2011-09-23 09:52:00,2011,9,23,9
11907,2011-09-23 10:02:00,2011,9,23,10
11908,2011-09-23 10:04:00,2011,9,23,10
11909,2011-09-23 10:14:00,2011,9,23,10
11910,2011-09-23 10:17:00,2011,9,23,10
11911,2011-09-23 10:25:00,2011,9,23,10
11912,2011-09-23 10:26:00,2011,9,23,10
11913,2011-09-23 10:31:00,2011,9,23,10
11914,2011-09-23 10:44:00,2011,9,23,10
11915,2011-09-23 11:22:00,2011,9,23,11
11916,2011-09-23 11:25:00,2011,9,23,11
11917,2011-09-23 11:35:00,2011,9,23,11
11918,2011-09-23 11:39:00,2011,9,23,11
11919,2011-09-23 12:09:00,2011,9,23,12
11920,2011-09-23 12:10:00,2011,9,23,12
11921,2011-09-23 12:16:00,2011,9,23,12
11922,2011-09-23 12:27:00,2011,9,23,12
11923,2011-09-23 12:36:00,2011,9,23,12
11924,2011-09-23 12:38:00,2011,9,23,12
11925,2011-09-23 12:40:00,2011,9,23,12
11926,2011-09-23 12:50:00,2011,9,23,12
11927,2011-09-23 12:55:00,2011,9,23,12
11928,2011-09-23 12:58:00,2011,9,23,12
11929,2011-09-23 13:11:00,2011,9,23,13
11930,2011-09-23 13:12:00,2011,9,23,13
11931,2011-09-23 13:18:00,2011,9,23,13
11932,2011-09-23 13:24:00,2011,9,23,13
11933,2011-09-23 13:42:00,2011,9,23,13
11934,2011-09-23 13:44:00,2011,9,23,13
11935,2011-09-23 13:48:00,2011,9,23,13
11936,2011-09-23 14:05:00,2011,9,23,14
11937,2011-09-23 14:17:00,2011,9,23,14
11938,2011-09-23 14:21:00,2011,9,23,14
11939,2011-09-23 14:38:00,2011,9,23,14
11940,2011-09-23 14:39:00,2011,9,23,14
11941,2011-09-23 14:43:00,2011,9,23,14
11942,2011-09-23 14:49:00,2011,9,23,14
11943,2011-09-23 15:17:00,2011,9,23,15
11944,2011-09-23 15:18:00,2011,9,23,15
11945,2011-09-23 15:20:00,2011,9,23,15
11946,2011-09-23 15:21:00,2011,9,23,15
11947,2011-09-23 15:45:00,2011,9,23,15
11948,2011-09-23 15:50:00,2011,9,23,15
11949,2011-09-23 16:05:00,2011,9,23,16
11950,2011-09-23 16:22:00,2011,9,23,16
11951,2011-09-25 10:30:00,2011,9,25,10
11952,2011-09-25 10:34:00,2011,9,25,10
11953,2011-09-25 10:46:00,2011,9,25,10
11954,2011-09-25 10:48:00,2011,9,25,10
11955,2011-09-25 11:21:00,2011,9,25,11
11956,2011-09-25 11:22:00,2011,9,25,11
11957,2011-09-25 11:28:00,2011,9,25,11
11958,2011-09-25 11:29:00,2011,9,25,11
11959,2011-09-25 11:30:00,2011,9,25,11
11960,2011-09-25 11:33:00,2011,9,25,11
11961,2011-09-25 11:34:00,2011,9,25,11
11962,2011-09-25 11:36:00,2011,9,25,11
11963,2011-09-25 11:38:00,2011,9,25,11
11964,2011-09-25 11:39:00,2011,9,25,11
11965,2011-09-25 11:40:00,2011,9,25,11
11966,2011-09-25 12:02:00,2011,9,25,12
11967,2011-09-25 12:06:00,2011,9,25,12
11968,2011-09-25 12:15:00,2011,9,25,12
11969,2011-09-25 12:16:00,2011,9,25,12
11970,2011-09-25 12:22:00,2011,9,25,12
11971,2011-09-25 12:25:00,2011,9,25,12
11972,2011-09-25 12:31:00,2011,9,25,12
11973,2011-09-25 12:32:00,2011,9,25,12
11974,2011-09-25 12:34:00,2011,9,25,12
11975,2011-09-25 12:39:00,2011,9,25,12
11976,2011-09-25 12:42:00,2011,9,25,12
11977,2011-09-25 12:45:00,2011,9,25,12
11978,2011-09-25 12:46:00,2011,9,25,12
11979,2011-09-25 12:54:00,2011,9,25,12
11980,2011-09-25 13:08:00,2011,9,25,13
11981,2011-09-25 13:10:00,2011,9,25,13
11982,2011-09-25 13:13:00,2011,9,25,13
11983,2011-09-25 13:16:00,2011,9,25,13
11984,2011-09-25 13:23:00,2011,9,25,13
11985,2011-09-25 13:24:00,2011,9,25,13
11986,2011-09-25 13:25:00,2011,9,25,13
11987,2011-09-25 13:30:00,2011,9,25,13
11988,2011-09-25 13:32:00,2011,9,25,13
11989,2011-09-25 13:39:00,2011,9,25,13
11990,2011-09-25 13:42:00,2011,9,25,13
11991,2011-09-25 13:47:00,2011,9,25,13
11992,2011-09-25 14:08:00,2011,9,25,14
11993,2011-09-25 14:32:00,2011,9,25,14
11994,2011-09-25 14:33:00,2011,9,25,14
11995,2011-09-25 14:36:00,2011,9,25,14
11996,2011-09-25 14:37:00,2011,9,25,14
11997,2011-09-25 14:38:00,2011,9,25,14
11998,2011-09-25 14:41:00,2011,9,25,14
11999,2011-09-25 14:44:00,2011,9,25,14
12000,2011-09-25 14:52:00,2011,9,25,14
12001,2011-09-25 14:53:00,2011,9,25,14
12002,2011-09-25 14:58:00,2011,9,25,14
12003,2011-09-25 15:01:00,2011,9,25,15
12004,2011-09-25 15:15:00,2011,9,25,15
12005,2011-09-25 15:25:00,2011,9,25,15
12006,2011-09-25 15:30:00,2011,9,25,15
12007,2011-09-25 15:32:00,2011,9,25,15
12008,2011-09-25 15:34:00,2011,9,25,15
12009,2011-09-25 15:35:00,2011,9,25,15
12010,2011-09-25 15:43:00,2011,9,25,15
12011,2011-09-25 15:56:00,2011,9,25,15
12012,2011-09-25 15:59:00,2011,9,25,15
12013,2011-09-25 16:05:00,2011,9,25,16
12014,2011-09-25 16:06:00,2011,9,25,16
12015,2011-09-26 07:35:00,2011,9,26,7
12016,2011-09-26 08:38:00,2011,9,26,8
12017,2011-09-26 09:28:00,2011,9,26,9
12018,2011-09-26 09:52:00,2011,9,26,9
12019,2011-09-26 09:59:00,2011,9,26,9
12020,2011-09-26 10:03:00,2011,9,26,10
12021,2011-09-26 10:05:00,2011,9,26,10
12022,2011-09-26 10:06:00,2011,9,26,10
12023,2011-09-26 10:16:00,2011,9,26,10
12024,2011-09-26 10:22:00,2011,9,26,10
12025,2011-09-26 10:35:00,2011,9,26,10
12026,2011-09-26 10:39:00,2011,9,26,10
12027,2011-09-26 10:57:00,2011,9,26,10
12028,2011-09-26 11:02:00,2011,9,26,11
12029,2011-09-26 11:04:00,2011,9,26,11
12030,2011-09-26 11:05:00,2011,9,26,11
12031,2011-09-26 11:19:00,2011,9,26,11
12032,2011-09-26 11:38:00,2011,9,26,11
12033,2011-09-26 11:39:00,2011,9,26,11
12034,2011-09-26 11:49:00,2011,9,26,11
12035,2011-09-26 12:00:00,2011,9,26,12
12036,2011-09-26 12:02:00,2011,9,26,12
12037,2011-09-26 12:10:00,2011,9,26,12
12038,2011-09-26 12:11:00,2011,9,26,12
12039,2011-09-26 12:12:00,2011,9,26,12
12040,2011-09-26 12:23:00,2011,9,26,12
12041,2011-09-26 12:45:00,2011,9,26,12
12042,2011-09-26 12:48:00,2011,9,26,12
12043,2011-09-26 12:53:00,2011,9,26,12
12044,2011-09-26 12:54:00,2011,9,26,12
12045,2011-09-26 12:56:00,2011,9,26,12
12046,2011-09-26 12:58:00,2011,9,26,12
12047,2011-09-26 13:17:00,2011,9,26,13
12048,2011-09-26 13:21:00,2011,9,26,13
12049,2011-09-26 13:25:00,2011,9,26,13
12050,2011-09-26 13:35:00,2011,9,26,13
12051,2011-09-26 13:36:00,2011,9,26,13
12052,2011-09-26 13:41:00,2011,9,26,13
12053,2011-09-26 13:45:00,2011,9,26,13
12054,2011-09-26 13:48:00,2011,9,26,13
12055,2011-09-26 13:57:00,2011,9,26,13
12056,2011-09-26 14:00:00,2011,9,26,14
12057,2011-09-26 14:02:00,2011,9,26,14
12058,2011-09-26 14:06:00,2011,9,26,14
12059,2011-09-26 14:12:00,2011,9,26,14
12060,2011-09-26 14:13:00,2011,9,26,14
12061,2011-09-26 14:25:00,2011,9,26,14
12062,2011-09-26 14:30:00,2011,9,26,14
12063,2011-09-26 14:48:00,2011,9,26,14
12064,2011-09-26 14:54:00,2011,9,26,14
12065,2011-09-26 15:10:00,2011,9,26,15
12066,2011-09-26 15:13:00,2011,9,26,15
12067,2011-09-26 15:23:00,2011,9,26,15
12068,2011-09-26 15:28:00,2011,9,26,15
12069,2011-09-26 15:35:00,2011,9,26,15
12070,2011-09-26 15:43:00,2011,9,26,15
12071,2011-09-26 15:47:00,2011,9,26,15
12072,2011-09-26 15:51:00,2011,9,26,15
12073,2011-09-26 16:13:00,2011,9,26,16
12074,2011-09-26 16:15:00,2011,9,26,16
12075,2011-09-26 16:59:00,2011,9,26,16
12076,2011-09-26 17:01:00,2011,9,26,17
12077,2011-09-26 17:20:00,2011,9,26,17
12078,2011-09-27 08:57:00,2011,9,27,8
12079,2011-09-27 09:05:00,2011,9,27,9
12080,2011-09-27 09:18:00,2011,9,27,9
12081,2011-09-27 09:24:00,2011,9,27,9
12082,2011-09-27 09:33:00,2011,9,27,9
12083,2011-09-27 09:39:00,2011,9,27,9
12084,2011-09-27 10:04:00,2011,9,27,10
12085,2011-09-27 10:06:00,2011,9,27,10
12086,2011-09-27 10:08:00,2011,9,27,10
12087,2011-09-27 10:09:00,2011,9,27,10
12088,2011-09-27 10:12:00,2011,9,27,10
12089,2011-09-27 10:20:00,2011,9,27,10
12090,2011-09-27 10:24:00,2011,9,27,10
12091,2011-09-27 10:26:00,2011,9,27,10
12092,2011-09-27 10:27:00,2011,9,27,10
12093,2011-09-27 10:34:00,2011,9,27,10
12094,2011-09-27 10:41:00,2011,9,27,10
12095,2011-09-27 11:01:00,2011,9,27,11
12096,2011-09-27 11:05:00,2011,9,27,11
12097,2011-09-27 11:06:00,2011,9,27,11
12098,2011-09-27 11:10:00,2011,9,27,11
12099,2011-09-27 11:24:00,2011,9,27,11
12100,2011-09-27 11:27:00,2011,9,27,11
12101,2011-09-27 11:34:00,2011,9,27,11
12102,2011-09-27 11:35:00,2011,9,27,11
12103,2011-09-27 11:38:00,2011,9,27,11
12104,2011-09-27 11:49:00,2011,9,27,11
12105,2011-09-27 11:50:00,2011,9,27,11
12106,2011-09-27 11:52:00,2011,9,27,11
12107,2011-09-27 11:53:00,2011,9,27,11
12108,2011-09-27 11:58:00,2011,9,27,11
12109,2011-09-27 12:03:00,2011,9,27,12
12110,2011-09-27 12:08:00,2011,9,27,12
12111,2011-09-27 12:17:00,2011,9,27,12
12112,2011-09-27 12:26:00,2011,9,27,12
12113,2011-09-27 12:28:00,2011,9,27,12
12114,2011-09-27 12:36:00,2011,9,27,12
12115,2011-09-27 12:44:00,2011,9,27,12
12116,2011-09-27 12:52:00,2011,9,27,12
12117,2011-09-27 12:53:00,2011,9,27,12
12118,2011-09-27 12:57:00,2011,9,27,12
12119,2011-09-27 13:04:00,2011,9,27,13
12120,2011-09-27 13:21:00,2011,9,27,13
12121,2011-09-27 13:32:00,2011,9,27,13
12122,2011-09-27 13:38:00,2011,9,27,13
12123,2011-09-27 13:42:00,2011,9,27,13
12124,2011-09-27 13:49:00,2011,9,27,13
12125,2011-09-27 13:56:00,2011,9,27,13
12126,2011-09-27 14:00:00,2011,9,27,14
12127,2011-09-27 14:01:00,2011,9,27,14
12128,2011-09-27 14:04:00,2011,9,27,14
12129,2011-09-27 14:07:00,2011,9,27,14
12130,2011-09-27 14:08:00,2011,9,27,14
12131,2011-09-27 14:31:00,2011,9,27,14
12132,2011-09-27 14:37:00,2011,9,27,14
12133,2011-09-27 14:52:00,2011,9,27,14
12134,2011-09-27 14:58:00,2011,9,27,14
12135,2011-09-27 15:16:00,2011,9,27,15
12136,2011-09-27 15:17:00,2011,9,27,15
12137,2011-09-27 15:31:00,2011,9,27,15
12138,2011-09-27 15:34:00,2011,9,27,15
12139,2011-09-27 15:35:00,2011,9,27,15
12140,2011-09-27 16:28:00,2011,9,27,16
12141,2011-09-27 17:03:00,2011,9,27,17
12142,2011-09-27 17:47:00,2011,9,27,17
12143,2011-09-28 08:48:00,2011,9,28,8
12144,2011-09-28 09:02:00,2011,9,28,9
12145,2011-09-28 09:15:00,2011,9,28,9
12146,2011-09-28 09:40:00,2011,9,28,9
12147,2011-09-28 09:41:00,2011,9,28,9
12148,2011-09-28 09:43:00,2011,9,28,9
12149,2011-09-28 10:09:00,2011,9,28,10
12150,2011-09-28 10:14:00,2011,9,28,10
12151,2011-09-28 10:15:00,2011,9,28,10
12152,2011-09-28 10:18:00,2011,9,28,10
12153,2011-09-28 10:27:00,2011,9,28,10
12154,2011-09-28 10:29:00,2011,9,28,10
12155,2011-09-28 10:39:00,2011,9,28,10
12156,2011-09-28 10:42:00,2011,9,28,10
12157,2011-09-28 10:54:00,2011,9,28,10
12158,2011-09-28 10:56:00,2011,9,28,10
12159,2011-09-28 11:11:00,2011,9,28,11
12160,2011-09-28 11:26:00,2011,9,28,11
12161,2011-09-28 11:38:00,2011,9,28,11
12162,2011-09-28 11:48:00,2011,9,28,11
12163,2011-09-28 11:49:00,2011,9,28,11
12164,2011-09-28 11:56:00,2011,9,28,11
12165,2011-09-28 12:04:00,2011,9,28,12
12166,2011-09-28 12:15:00,2011,9,28,12
12167,2011-09-28 12:16:00,2011,9,28,12
12168,2011-09-28 12:20:00,2011,9,28,12
12169,2011-09-28 12:21:00,2011,9,28,12
12170,2011-09-28 12:22:00,2011,9,28,12
12171,2011-09-28 12:25:00,2011,9,28,12
12172,2011-09-28 12:28:00,2011,9,28,12
12173,2011-09-28 12:33:00,2011,9,28,12
12174,2011-09-28 12:34:00,2011,9,28,12
12175,2011-09-28 12:36:00,2011,9,28,12
12176,2011-09-28 12:46:00,2011,9,28,12
12177,2011-09-28 12:52:00,2011,9,28,12
12178,2011-09-28 12:54:00,2011,9,28,12
12179,2011-09-28 13:00:00,2011,9,28,13
12180,2011-09-28 13:04:00,2011,9,28,13
12181,2011-09-28 13:07:00,2011,9,28,13
12182,2011-09-28 13:13:00,2011,9,28,13
12183,2011-09-28 13:17:00,2011,9,28,13
12184,2011-09-28 13:23:00,2011,9,28,13
12185,2011-09-28 13:30:00,2011,9,28,13
12186,2011-09-28 13:32:00,2011,9,28,13
12187,2011-09-28 13:43:00,2011,9,28,13
12188,2011-09-28 14:10:00,2011,9,28,14
12189,2011-09-28 14:21:00,2011,9,28,14
12190,2011-09-28 14:26:00,2011,9,28,14
12191,2011-09-28 14:38:00,2011,9,28,14
12192,2011-09-28 14:43:00,2011,9,28,14
12193,2011-09-28 14:48:00,2011,9,28,14
12194,2011-09-28 14:55:00,2011,9,28,14
12195,2011-09-28 14:56:00,2011,9,28,14
12196,2011-09-28 14:57:00,2011,9,28,14
12197,2011-09-28 14:58:00,2011,9,28,14
12198,2011-09-28 15:02:00,2011,9,28,15
12199,2011-09-28 15:07:00,2011,9,28,15
12200,2011-09-28 15:18:00,2011,9,28,15
12201,2011-09-28 15:21:00,2011,9,28,15
12202,2011-09-28 15:24:00,2011,9,28,15
12203,2011-09-28 15:31:00,2011,9,28,15
12204,2011-09-28 15:32:00,2011,9,28,15
12205,2011-09-28 15:33:00,2011,9,28,15
12206,2011-09-28 15:41:00,2011,9,28,15
12207,2011-09-28 15:42:00,2011,9,28,15
12208,2011-09-28 15:48:00,2011,9,28,15
12209,2011-09-28 15:50:00,2011,9,28,15
12210,2011-09-28 16:04:00,2011,9,28,16
12211,2011-09-28 16:07:00,2011,9,28,16
12212,2011-09-28 16:17:00,2011,9,28,16
12213,2011-09-28 16:35:00,2011,9,28,16
12214,2011-09-28 16:38:00,2011,9,28,16
12215,2011-09-28 16:42:00,2011,9,28,16
12216,2011-09-28 16:45:00,2011,9,28,16
12217,2011-09-29 08:27:00,2011,9,29,8
12218,2011-09-29 08:28:00,2011,9,29,8
12219,2011-09-29 08:53:00,2011,9,29,8
12220,2011-09-29 09:03:00,2011,9,29,9
12221,2011-09-29 09:15:00,2011,9,29,9
12222,2011-09-29 09:16:00,2011,9,29,9
12223,2011-09-29 09:19:00,2011,9,29,9
12224,2011-09-29 09:23:00,2011,9,29,9
12225,2011-09-29 09:37:00,2011,9,29,9
12226,2011-09-29 09:44:00,2011,9,29,9
12227,2011-09-29 09:51:00,2011,9,29,9
12228,2011-09-29 09:53:00,2011,9,29,9
12229,2011-09-29 09:55:00,2011,9,29,9
12230,2011-09-29 10:10:00,2011,9,29,10
12231,2011-09-29 10:19:00,2011,9,29,10
12232,2011-09-29 10:22:00,2011,9,29,10
12233,2011-09-29 10:23:00,2011,9,29,10
12234,2011-09-29 10:45:00,2011,9,29,10
12235,2011-09-29 10:46:00,2011,9,29,10
12236,2011-09-29 10:49:00,2011,9,29,10
12237,2011-09-29 10:50:00,2011,9,29,10
12238,2011-09-29 10:52:00,2011,9,29,10
12239,2011-09-29 10:55:00,2011,9,29,10
12240,2011-09-29 11:29:00,2011,9,29,11
12241,2011-09-29 11:31:00,2011,9,29,11
12242,2011-09-29 11:33:00,2011,9,29,11
12243,2011-09-29 11:35:00,2011,9,29,11
12244,2011-09-29 11:39:00,2011,9,29,11
12245,2011-09-29 12:00:00,2011,9,29,12
12246,2011-09-29 12:01:00,2011,9,29,12
12247,2011-09-29 12:11:00,2011,9,29,12
12248,2011-09-29 12:12:00,2011,9,29,12
12249,2011-09-29 12:15:00,2011,9,29,12
12250,2011-09-29 12:16:00,2011,9,29,12
12251,2011-09-29 12:23:00,2011,9,29,12
12252,2011-09-29 12:24:00,2011,9,29,12
12253,2011-09-29 12:31:00,2011,9,29,12
12254,2011-09-29 12:34:00,2011,9,29,12
12255,2011-09-29 12:39:00,2011,9,29,12
12256,2011-09-29 12:43:00,2011,9,29,12
12257,2011-09-29 13:03:00,2011,9,29,13
12258,2011-09-29 13:04:00,2011,9,29,13
12259,2011-09-29 13:11:00,2011,9,29,13
12260,2011-09-29 13:13:00,2011,9,29,13
12261,2011-09-29 13:17:00,2011,9,29,13
12262,2011-09-29 13:21:00,2011,9,29,13
12263,2011-09-29 13:22:00,2011,9,29,13
12264,2011-09-29 13:23:00,2011,9,29,13
12265,2011-09-29 13:29:00,2011,9,29,13
12266,2011-09-29 13:30:00,2011,9,29,13
12267,2011-09-29 13:31:00,2011,9,29,13
12268,2011-09-29 13:35:00,2011,9,29,13
12269,2011-09-29 13:38:00,2011,9,29,13
12270,2011-09-29 13:39:00,2011,9,29,13
12271,2011-09-29 13:45:00,2011,9,29,13
12272,2011-09-29 13:56:00,2011,9,29,13
12273,2011-09-29 14:08:00,2011,9,29,14
12274,2011-09-29 14:11:00,2011,9,29,14
12275,2011-09-29 14:12:00,2011,9,29,14
12276,2011-09-29 14:38:00,2011,9,29,14
12277,2011-09-29 14:40:00,2011,9,29,14
12278,2011-09-29 14:46:00,2011,9,29,14
12279,2011-09-29 14:50:00,2011,9,29,14
12280,2011-09-29 14:52:00,2011,9,29,14
12281,2011-09-29 15:04:00,2011,9,29,15
12282,2011-09-29 15:25:00,2011,9,29,15
12283,2011-09-29 15:26:00,2011,9,29,15
12284,2011-09-29 15:29:00,2011,9,29,15
12285,2011-09-29 15:31:00,2011,9,29,15
12286,2011-09-29 15:32:00,2011,9,29,15
12287,2011-09-29 15:40:00,2011,9,29,15
12288,2011-09-29 15:52:00,2011,9,29,15
12289,2011-09-29 15:57:00,2011,9,29,15
12290,2011-09-29 15:58:00,2011,9,29,15
12291,2011-09-29 16:38:00,2011,9,29,16
12292,2011-09-29 16:41:00,2011,9,29,16
12293,2011-09-29 16:42:00,2011,9,29,16
12294,2011-09-29 16:44:00,2011,9,29,16
12295,2011-09-29 16:48:00,2011,9,29,16
12296,2011-09-29 16:51:00,2011,9,29,16
12297,2011-09-29 16:52:00,2011,9,29,16
12298,2011-09-29 16:53:00,2011,9,29,16
12299,2011-09-29 17:16:00,2011,9,29,17
12300,2011-09-29 17:27:00,2011,9,29,17
12301,2011-09-29 17:33:00,2011,9,29,17
12302,2011-09-29 17:34:00,2011,9,29,17
12303,2011-09-29 17:36:00,2011,9,29,17
12304,2011-09-29 17:52:00,2011,9,29,17
12305,2011-09-29 17:53:00,2011,9,29,17
12306,2011-09-29 18:13:00,2011,9,29,18
12307,2011-09-29 18:18:00,2011,9,29,18
12308,2011-09-29 18:30:00,2011,9,29,18
12309,2011-09-29 18:51:00,2011,9,29,18
12310,2011-09-29 18:53:00,2011,9,29,18
12311,2011-09-29 19:30:00,2011,9,29,19
12312,2011-09-30 07:36:00,2011,9,30,7
12313,2011-09-30 08:14:00,2011,9,30,8
12314,2011-09-30 08:18:00,2011,9,30,8
12315,2011-09-30 08:19:00,2011,9,30,8
12316,2011-09-30 09:05:00,2011,9,30,9
12317,2011-09-30 09:20:00,2011,9,30,9
12318,2011-09-30 09:22:00,2011,9,30,9
12319,2011-09-30 09:25:00,2011,9,30,9
12320,2011-09-30 09:38:00,2011,9,30,9
12321,2011-09-30 09:39:00,2011,9,30,9
12322,2011-09-30 09:40:00,2011,9,30,9
12323,2011-09-30 09:45:00,2011,9,30,9
12324,2011-09-30 10:04:00,2011,9,30,10
12325,2011-09-30 10:08:00,2011,9,30,10
12326,2011-09-30 10:18:00,2011,9,30,10
12327,2011-09-30 10:19:00,2011,9,30,10
12328,2011-09-30 10:20:00,2011,9,30,10
12329,2011-09-30 10:25:00,2011,9,30,10
12330,2011-09-30 10:27:00,2011,9,30,10
12331,2011-09-30 10:40:00,2011,9,30,10
12332,2011-09-30 10:44:00,2011,9,30,10
12333,2011-09-30 10:45:00,2011,9,30,10
12334,2011-09-30 10:48:00,2011,9,30,10
12335,2011-09-30 10:52:00,2011,9,30,10
12336,2011-09-30 11:18:00,2011,9,30,11
12337,2011-09-30 11:41:00,2011,9,30,11
12338,2011-09-30 11:45:00,2011,9,30,11
12339,2011-09-30 11:46:00,2011,9,30,11
12340,2011-09-30 11:54:00,2011,9,30,11
12341,2011-09-30 11:55:00,2011,9,30,11
12342,2011-09-30 11:56:00,2011,9,30,11
12343,2011-09-30 11:57:00,2011,9,30,11
12344,2011-09-30 11:58:00,2011,9,30,11
12345,2011-09-30 12:03:00,2011,9,30,12
12346,2011-09-30 12:06:00,2011,9,30,12
12347,2011-09-30 12:12:00,2011,9,30,12
12348,2011-09-30 12:19:00,2011,9,30,12
12349,2011-09-30 12:24:00,2011,9,30,12
12350,2011-09-30 12:30:00,2011,9,30,12
12351,2011-09-30 12:35:00,2011,9,30,12
12352,2011-09-30 12:36:00,2011,9,30,12
12353,2011-09-30 12:40:00,2011,9,30,12
12354,2011-09-30 12:44:00,2011,9,30,12
12355,2011-09-30 12:45:00,2011,9,30,12
12356,2011-09-30 12:58:00,2011,9,30,12
12357,2011-09-30 13:06:00,2011,9,30,13
12358,2011-09-30 13:09:00,2011,9,30,13
12359,2011-09-30 13:15:00,2011,9,30,13
12360,2011-09-30 13:21:00,2011,9,30,13
12361,2011-09-30 13:28:00,2011,9,30,13
12362,2011-09-30 13:31:00,2011,9,30,13
12363,2011-09-30 13:40:00,2011,9,30,13
12364,2011-09-30 13:46:00,2011,9,30,13
12365,2011-09-30 13:54:00,2011,9,30,13
12366,2011-09-30 14:06:00,2011,9,30,14
12367,2011-09-30 14:07:00,2011,9,30,14
12368,2011-09-30 14:41:00,2011,9,30,14
12369,2011-09-30 14:55:00,2011,9,30,14
12370,2011-09-30 14:59:00,2011,9,30,14
12371,2011-09-30 15:02:00,2011,9,30,15
12372,2011-09-30 15:03:00,2011,9,30,15
12373,2011-09-30 15:04:00,2011,9,30,15
12374,2011-09-30 15:14:00,2011,9,30,15
12375,2011-09-30 15:17:00,2011,9,30,15
12376,2011-09-30 15:33:00,2011,9,30,15
12377,2011-09-30 15:52:00,2011,9,30,15
12378,2011-10-02 10:32:00,2011,10,2,10
12379,2011-10-02 10:43:00,2011,10,2,10
12380,2011-10-02 10:55:00,2011,10,2,10
12381,2011-10-02 10:58:00,2011,10,2,10
12382,2011-10-02 11:04:00,2011,10,2,11
12383,2011-10-02 11:10:00,2011,10,2,11
12384,2011-10-02 11:30:00,2011,10,2,11
12385,2011-10-02 11:41:00,2011,10,2,11
12386,2011-10-02 12:04:00,2011,10,2,12
12387,2011-10-02 12:05:00,2011,10,2,12
12388,2011-10-02 12:11:00,2011,10,2,12
12389,2011-10-02 12:22:00,2011,10,2,12
12390,2011-10-02 12:30:00,2011,10,2,12
12391,2011-10-02 12:41:00,2011,10,2,12
12392,2011-10-02 12:45:00,2011,10,2,12
12393,2011-10-02 12:47:00,2011,10,2,12
12394,2011-10-02 13:01:00,2011,10,2,13
12395,2011-10-02 13:26:00,2011,10,2,13
12396,2011-10-02 13:44:00,2011,10,2,13
12397,2011-10-02 13:46:00,2011,10,2,13
12398,2011-10-02 13:49:00,2011,10,2,13
12399,2011-10-02 14:00:00,2011,10,2,14
12400,2011-10-02 14:25:00,2011,10,2,14
12401,2011-10-02 14:31:00,2011,10,2,14
12402,2011-10-02 14:37:00,2011,10,2,14
12403,2011-10-02 14:47:00,2011,10,2,14
12404,2011-10-02 14:56:00,2011,10,2,14
12405,2011-10-02 15:07:00,2011,10,2,15
12406,2011-10-02 15:18:00,2011,10,2,15
12407,2011-10-02 15:26:00,2011,10,2,15
12408,2011-10-02 15:33:00,2011,10,2,15
12409,2011-10-02 15:35:00,2011,10,2,15
12410,2011-10-02 15:49:00,2011,10,2,15
12411,2011-10-02 15:52:00,2011,10,2,15
12412,2011-10-03 08:30:00,2011,10,3,8
12413,2011-10-03 09:30:00,2011,10,3,9
12414,2011-10-03 09:34:00,2011,10,3,9
12415,2011-10-03 09:44:00,2011,10,3,9
12416,2011-10-03 09:45:00,2011,10,3,9
12417,2011-10-03 09:57:00,2011,10,3,9
12418,2011-10-03 10:08:00,2011,10,3,10
12419,2011-10-03 10:09:00,2011,10,3,10
12420,2011-10-03 10:15:00,2011,10,3,10
12421,2011-10-03 10:18:00,2011,10,3,10
12422,2011-10-03 10:38:00,2011,10,3,10
12423,2011-10-03 10:55:00,2011,10,3,10
12424,2011-10-03 11:00:00,2011,10,3,11
12425,2011-10-03 11:01:00,2011,10,3,11
12426,2011-10-03 11:24:00,2011,10,3,11
12427,2011-10-03 11:26:00,2011,10,3,11
12428,2011-10-03 11:34:00,2011,10,3,11
12429,2011-10-03 11:36:00,2011,10,3,11
12430,2011-10-03 11:37:00,2011,10,3,11
12431,2011-10-03 12:04:00,2011,10,3,12
12432,2011-10-03 12:17:00,2011,10,3,12
12433,2011-10-03 12:31:00,2011,10,3,12
12434,2011-10-03 12:32:00,2011,10,3,12
12435,2011-10-03 12:41:00,2011,10,3,12
12436,2011-10-03 12:47:00,2011,10,3,12
12437,2011-10-03 12:48:00,2011,10,3,12
12438,2011-10-03 13:03:00,2011,10,3,13
12439,2011-10-03 13:31:00,2011,10,3,13
12440,2011-10-03 13:39:00,2011,10,3,13
12441,2011-10-03 13:46:00,2011,10,3,13
12442,2011-10-03 13:49:00,2011,10,3,13
12443,2011-10-03 13:53:00,2011,10,3,13
12444,2011-10-03 14:05:00,2011,10,3,14
12445,2011-10-03 14:09:00,2011,10,3,14
12446,2011-10-03 14:18:00,2011,10,3,14
12447,2011-10-03 14:19:00,2011,10,3,14
12448,2011-10-03 14:20:00,2011,10,3,14
12449,2011-10-03 14:34:00,2011,10,3,14
12450,2011-10-03 14:52:00,2011,10,3,14
12451,2011-10-03 14:53:00,2011,10,3,14
12452,2011-10-03 14:55:00,2011,10,3,14
12453,2011-10-03 14:59:00,2011,10,3,14
12454,2011-10-03 15:06:00,2011,10,3,15
12455,2011-10-03 15:08:00,2011,10,3,15
12456,2011-10-03 15:10:00,2011,10,3,15
12457,2011-10-03 15:24:00,2011,10,3,15
12458,2011-10-03 15:26:00,2011,10,3,15
12459,2011-10-03 15:28:00,2011,10,3,15
12460,2011-10-03 15:29:00,2011,10,3,15
12461,2011-10-03 15:32:00,2011,10,3,15
12462,2011-10-03 15:52:00,2011,10,3,15
12463,2011-10-03 16:12:00,2011,10,3,16
12464,2011-10-03 16:44:00,2011,10,3,16
12465,2011-10-03 16:46:00,2011,10,3,16
12466,2011-10-03 16:47:00,2011,10,3,16
12467,2011-10-03 16:48:00,2011,10,3,16
12468,2011-10-03 16:50:00,2011,10,3,16
12469,2011-10-03 16:51:00,2011,10,3,16
12470,2011-10-03 17:48:00,2011,10,3,17
12471,2011-10-04 08:26:00,2011,10,4,8
12472,2011-10-04 08:27:00,2011,10,4,8
12473,2011-10-04 08:29:00,2011,10,4,8
12474,2011-10-04 08:30:00,2011,10,4,8
12475,2011-10-04 08:56:00,2011,10,4,8
12476,2011-10-04 09:00:00,2011,10,4,9
12477,2011-10-04 09:02:00,2011,10,4,9
12478,2011-10-04 09:03:00,2011,10,4,9
12479,2011-10-04 09:05:00,2011,10,4,9
12480,2011-10-04 09:09:00,2011,10,4,9
12481,2011-10-04 09:12:00,2011,10,4,9
12482,2011-10-04 09:26:00,2011,10,4,9
12483,2011-10-04 09:38:00,2011,10,4,9
12484,2011-10-04 09:49:00,2011,10,4,9
12485,2011-10-04 09:51:00,2011,10,4,9
12486,2011-10-04 10:15:00,2011,10,4,10
12487,2011-10-04 10:29:00,2011,10,4,10
12488,2011-10-04 10:30:00,2011,10,4,10
12489,2011-10-04 10:31:00,2011,10,4,10
12490,2011-10-04 10:33:00,2011,10,4,10
12491,2011-10-04 10:42:00,2011,10,4,10
12492,2011-10-04 10:49:00,2011,10,4,10
12493,2011-10-04 11:29:00,2011,10,4,11
12494,2011-10-04 11:33:00,2011,10,4,11
12495,2011-10-04 11:36:00,2011,10,4,11
12496,2011-10-04 11:44:00,2011,10,4,11
12497,2011-10-04 11:56:00,2011,10,4,11
12498,2011-10-04 12:22:00,2011,10,4,12
12499,2011-10-04 12:25:00,2011,10,4,12
12500,2011-10-04 12:38:00,2011,10,4,12
12501,2011-10-04 12:39:00,2011,10,4,12
12502,2011-10-04 12:41:00,2011,10,4,12
12503,2011-10-04 12:42:00,2011,10,4,12
12504,2011-10-04 12:43:00,2011,10,4,12
12505,2011-10-04 12:45:00,2011,10,4,12
12506,2011-10-04 12:46:00,2011,10,4,12
12507,2011-10-04 12:51:00,2011,10,4,12
12508,2011-10-04 12:55:00,2011,10,4,12
12509,2011-10-04 13:10:00,2011,10,4,13
12510,2011-10-04 13:13:00,2011,10,4,13
12511,2011-10-04 13:25:00,2011,10,4,13
12512,2011-10-04 13:30:00,2011,10,4,13
12513,2011-10-04 13:35:00,2011,10,4,13
12514,2011-10-04 13:42:00,2011,10,4,13
12515,2011-10-04 13:45:00,2011,10,4,13
12516,2011-10-04 13:55:00,2011,10,4,13
12517,2011-10-04 13:56:00,2011,10,4,13
12518,2011-10-04 13:58:00,2011,10,4,13
12519,2011-10-04 14:28:00,2011,10,4,14
12520,2011-10-04 14:31:00,2011,10,4,14
12521,2011-10-04 14:32:00,2011,10,4,14
12522,2011-10-04 14:33:00,2011,10,4,14
12523,2011-10-04 14:41:00,2011,10,4,14
12524,2011-10-04 14:42:00,2011,10,4,14
12525,2011-10-04 14:53:00,2011,10,4,14
12526,2011-10-04 14:55:00,2011,10,4,14
12527,2011-10-04 14:58:00,2011,10,4,14
12528,2011-10-04 15:02:00,2011,10,4,15
12529,2011-10-04 15:19:00,2011,10,4,15
12530,2011-10-04 15:21:00,2011,10,4,15
12531,2011-10-04 15:41:00,2011,10,4,15
12532,2011-10-04 15:44:00,2011,10,4,15
12533,2011-10-04 15:45:00,2011,10,4,15
12534,2011-10-04 15:55:00,2011,10,4,15
12535,2011-10-04 15:58:00,2011,10,4,15
12536,2011-10-04 16:39:00,2011,10,4,16
12537,2011-10-04 17:32:00,2011,10,4,17
12538,2011-10-05 08:17:00,2011,10,5,8
12539,2011-10-05 08:50:00,2011,10,5,8
12540,2011-10-05 08:52:00,2011,10,5,8
12541,2011-10-05 08:53:00,2011,10,5,8
12542,2011-10-05 09:31:00,2011,10,5,9
12543,2011-10-05 09:42:00,2011,10,5,9
12544,2011-10-05 09:43:00,2011,10,5,9
12545,2011-10-05 09:46:00,2011,10,5,9
12546,2011-10-05 09:47:00,2011,10,5,9
12547,2011-10-05 09:52:00,2011,10,5,9
12548,2011-10-05 09:55:00,2011,10,5,9
12549,2011-10-05 09:56:00,2011,10,5,9
12550,2011-10-05 09:57:00,2011,10,5,9
12551,2011-10-05 09:59:00,2011,10,5,9
12552,2011-10-05 10:06:00,2011,10,5,10
12553,2011-10-05 10:09:00,2011,10,5,10
12554,2011-10-05 10:10:00,2011,10,5,10
12555,2011-10-05 10:11:00,2011,10,5,10
12556,2011-10-05 10:30:00,2011,10,5,10
12557,2011-10-05 10:37:00,2011,10,5,10
12558,2011-10-05 10:38:00,2011,10,5,10
12559,2011-10-05 10:53:00,2011,10,5,10
12560,2011-10-05 11:06:00,2011,10,5,11
12561,2011-10-05 11:16:00,2011,10,5,11
12562,2011-10-05 11:17:00,2011,10,5,11
12563,2011-10-05 11:25:00,2011,10,5,11
12564,2011-10-05 11:37:00,2011,10,5,11
12565,2011-10-05 11:44:00,2011,10,5,11
12566,2011-10-05 11:53:00,2011,10,5,11
12567,2011-10-05 11:57:00,2011,10,5,11
12568,2011-10-05 12:02:00,2011,10,5,12
12569,2011-10-05 12:09:00,2011,10,5,12
12570,2011-10-05 12:13:00,2011,10,5,12
12571,2011-10-05 12:14:00,2011,10,5,12
12572,2011-10-05 12:15:00,2011,10,5,12
12573,2011-10-05 12:24:00,2011,10,5,12
12574,2011-10-05 12:25:00,2011,10,5,12
12575,2011-10-05 12:27:00,2011,10,5,12
12576,2011-10-05 12:31:00,2011,10,5,12
12577,2011-10-05 12:35:00,2011,10,5,12
12578,2011-10-05 12:40:00,2011,10,5,12
12579,2011-10-05 12:42:00,2011,10,5,12
12580,2011-10-05 12:44:00,2011,10,5,12
12581,2011-10-05 12:49:00,2011,10,5,12
12582,2011-10-05 12:51:00,2011,10,5,12
12583,2011-10-05 12:52:00,2011,10,5,12
12584,2011-10-05 12:56:00,2011,10,5,12
12585,2011-10-05 12:59:00,2011,10,5,12
12586,2011-10-05 13:00:00,2011,10,5,13
12587,2011-10-05 13:04:00,2011,10,5,13
12588,2011-10-05 13:05:00,2011,10,5,13
12589,2011-10-05 13:10:00,2011,10,5,13
12590,2011-10-05 13:19:00,2011,10,5,13
12591,2011-10-05 13:33:00,2011,10,5,13
12592,2011-10-05 13:34:00,2011,10,5,13
12593,2011-10-05 13:36:00,2011,10,5,13
12594,2011-10-05 13:42:00,2011,10,5,13
12595,2011-10-05 13:47:00,2011,10,5,13
12596,2011-10-05 13:54:00,2011,10,5,13
12597,2011-10-05 13:58:00,2011,10,5,13
12598,2011-10-05 14:01:00,2011,10,5,14
12599,2011-10-05 14:03:00,2011,10,5,14
12600,2011-10-05 14:14:00,2011,10,5,14
12601,2011-10-05 14:16:00,2011,10,5,14
12602,2011-10-05 14:19:00,2011,10,5,14
12603,2011-10-05 14:28:00,2011,10,5,14
12604,2011-10-05 14:39:00,2011,10,5,14
12605,2011-10-05 14:42:00,2011,10,5,14
12606,2011-10-05 14:47:00,2011,10,5,14
12607,2011-10-05 14:50:00,2011,10,5,14
12608,2011-10-05 14:53:00,2011,10,5,14
12609,2011-10-05 14:55:00,2011,10,5,14
12610,2011-10-05 14:56:00,2011,10,5,14
12611,2011-10-05 15:04:00,2011,10,5,15
12612,2011-10-05 15:09:00,2011,10,5,15
12613,2011-10-05 15:17:00,2011,10,5,15
12614,2011-10-05 15:18:00,2011,10,5,15
12615,2011-10-05 15:24:00,2011,10,5,15
12616,2011-10-05 15:35:00,2011,10,5,15
12617,2011-10-05 15:36:00,2011,10,5,15
12618,2011-10-05 15:38:00,2011,10,5,15
12619,2011-10-05 15:49:00,2011,10,5,15
12620,2011-10-05 15:52:00,2011,10,5,15
12621,2011-10-05 15:56:00,2011,10,5,15
12622,2011-10-05 16:09:00,2011,10,5,16
12623,2011-10-05 16:15:00,2011,10,5,16
12624,2011-10-05 16:31:00,2011,10,5,16
12625,2011-10-05 17:28:00,2011,10,5,17
12626,2011-10-05 17:29:00,2011,10,5,17
12627,2011-10-06 08:17:00,2011,10,6,8
12628,2011-10-06 08:25:00,2011,10,6,8
12629,2011-10-06 09:01:00,2011,10,6,9
12630,2011-10-06 09:10:00,2011,10,6,9
12631,2011-10-06 09:11:00,2011,10,6,9
12632,2011-10-06 09:28:00,2011,10,6,9
12633,2011-10-06 09:31:00,2011,10,6,9
12634,2011-10-06 09:32:00,2011,10,6,9
12635,2011-10-06 09:35:00,2011,10,6,9
12636,2011-10-06 09:36:00,2011,10,6,9
12637,2011-10-06 09:37:00,2011,10,6,9
12638,2011-10-06 09:38:00,2011,10,6,9
12639,2011-10-06 09:43:00,2011,10,6,9
12640,2011-10-06 09:45:00,2011,10,6,9
12641,2011-10-06 09:48:00,2011,10,6,9
12642,2011-10-06 09:56:00,2011,10,6,9
12643,2011-10-06 10:31:00,2011,10,6,10
12644,2011-10-06 10:34:00,2011,10,6,10
12645,2011-10-06 10:44:00,2011,10,6,10
12646,2011-10-06 10:45:00,2011,10,6,10
12647,2011-10-06 10:48:00,2011,10,6,10
12648,2011-10-06 10:52:00,2011,10,6,10
12649,2011-10-06 10:53:00,2011,10,6,10
12650,2011-10-06 11:24:00,2011,10,6,11
12651,2011-10-06 11:27:00,2011,10,6,11
12652,2011-10-06 11:28:00,2011,10,6,11
12653,2011-10-06 11:38:00,2011,10,6,11
12654,2011-10-06 11:41:00,2011,10,6,11
12655,2011-10-06 11:42:00,2011,10,6,11
12656,2011-10-06 11:47:00,2011,10,6,11
12657,2011-10-06 11:48:00,2011,10,6,11
12658,2011-10-06 11:53:00,2011,10,6,11
12659,2011-10-06 12:13:00,2011,10,6,12
12660,2011-10-06 12:15:00,2011,10,6,12
12661,2011-10-06 12:22:00,2011,10,6,12
12662,2011-10-06 12:23:00,2011,10,6,12
12663,2011-10-06 12:25:00,2011,10,6,12
12664,2011-10-06 12:26:00,2011,10,6,12
12665,2011-10-06 12:35:00,2011,10,6,12
12666,2011-10-06 12:51:00,2011,10,6,12
12667,2011-10-06 12:56:00,2011,10,6,12
12668,2011-10-06 13:00:00,2011,10,6,13
12669,2011-10-06 13:05:00,2011,10,6,13
12670,2011-10-06 13:06:00,2011,10,6,13
12671,2011-10-06 13:11:00,2011,10,6,13
12672,2011-10-06 13:20:00,2011,10,6,13
12673,2011-10-06 13:21:00,2011,10,6,13
12674,2011-10-06 13:26:00,2011,10,6,13
12675,2011-10-06 13:27:00,2011,10,6,13
12676,2011-10-06 13:28:00,2011,10,6,13
12677,2011-10-06 13:29:00,2011,10,6,13
12678,2011-10-06 13:30:00,2011,10,6,13
12679,2011-10-06 13:41:00,2011,10,6,13
12680,2011-10-06 13:42:00,2011,10,6,13
12681,2011-10-06 13:45:00,2011,10,6,13
12682,2011-10-06 13:48:00,2011,10,6,13
12683,2011-10-06 13:49:00,2011,10,6,13
12684,2011-10-06 13:59:00,2011,10,6,13
12685,2011-10-06 14:17:00,2011,10,6,14
12686,2011-10-06 14:18:00,2011,10,6,14
12687,2011-10-06 14:28:00,2011,10,6,14
12688,2011-10-06 14:31:00,2011,10,6,14
12689,2011-10-06 14:33:00,2011,10,6,14
12690,2011-10-06 14:36:00,2011,10,6,14
12691,2011-10-06 14:37:00,2011,10,6,14
12692,2011-10-06 14:43:00,2011,10,6,14
12693,2011-10-06 14:45:00,2011,10,6,14
12694,2011-10-06 14:47:00,2011,10,6,14
12695,2011-10-06 14:50:00,2011,10,6,14
12696,2011-10-06 14:54:00,2011,10,6,14
12697,2011-10-06 14:59:00,2011,10,6,14
12698,2011-10-06 15:04:00,2011,10,6,15
12699,2011-10-06 15:05:00,2011,10,6,15
12700,2011-10-06 15:28:00,2011,10,6,15
12701,2011-10-06 15:31:00,2011,10,6,15
12702,2011-10-06 15:32:00,2011,10,6,15
12703,2011-10-06 15:46:00,2011,10,6,15
12704,2011-10-06 15:48:00,2011,10,6,15
12705,2011-10-06 15:51:00,2011,10,6,15
12706,2011-10-06 15:53:00,2011,10,6,15
12707,2011-10-06 16:01:00,2011,10,6,16
12708,2011-10-06 16:15:00,2011,10,6,16
12709,2011-10-06 16:17:00,2011,10,6,16
12710,2011-10-06 16:20:00,2011,10,6,16
12711,2011-10-06 16:25:00,2011,10,6,16
12712,2011-10-06 16:27:00,2011,10,6,16
12713,2011-10-06 16:28:00,2011,10,6,16
12714,2011-10-06 16:34:00,2011,10,6,16
12715,2011-10-06 16:41:00,2011,10,6,16
12716,2011-10-06 16:47:00,2011,10,6,16
12717,2011-10-06 16:50:00,2011,10,6,16
12718,2011-10-06 16:54:00,2011,10,6,16
12719,2011-10-06 16:57:00,2011,10,6,16
12720,2011-10-06 17:02:00,2011,10,6,17
12721,2011-10-06 17:03:00,2011,10,6,17
12722,2011-10-06 17:08:00,2011,10,6,17
12723,2011-10-06 17:28:00,2011,10,6,17
12724,2011-10-06 17:43:00,2011,10,6,17
12725,2011-10-06 17:51:00,2011,10,6,17
12726,2011-10-06 17:52:00,2011,10,6,17
12727,2011-10-06 18:08:00,2011,10,6,18
12728,2011-10-06 18:23:00,2011,10,6,18
12729,2011-10-06 18:45:00,2011,10,6,18
12730,2011-10-06 18:47:00,2011,10,6,18
12731,2011-10-06 18:56:00,2011,10,6,18
12732,2011-10-06 19:27:00,2011,10,6,19
12733,2011-10-06 19:49:00,2011,10,6,19
12734,2011-10-07 08:08:00,2011,10,7,8
12735,2011-10-07 08:12:00,2011,10,7,8
12736,2011-10-07 08:49:00,2011,10,7,8
12737,2011-10-07 08:55:00,2011,10,7,8
12738,2011-10-07 09:10:00,2011,10,7,9
12739,2011-10-07 09:16:00,2011,10,7,9
12740,2011-10-07 09:19:00,2011,10,7,9
12741,2011-10-07 09:26:00,2011,10,7,9
12742,2011-10-07 09:30:00,2011,10,7,9
12743,2011-10-07 09:38:00,2011,10,7,9
12744,2011-10-07 09:42:00,2011,10,7,9
12745,2011-10-07 09:44:00,2011,10,7,9
12746,2011-10-07 09:56:00,2011,10,7,9
12747,2011-10-07 10:06:00,2011,10,7,10
12748,2011-10-07 10:09:00,2011,10,7,10
12749,2011-10-07 10:12:00,2011,10,7,10
12750,2011-10-07 10:13:00,2011,10,7,10
12751,2011-10-07 10:18:00,2011,10,7,10
12752,2011-10-07 10:20:00,2011,10,7,10
12753,2011-10-07 10:21:00,2011,10,7,10
12754,2011-10-07 10:22:00,2011,10,7,10
12755,2011-10-07 10:29:00,2011,10,7,10
12756,2011-10-07 10:37:00,2011,10,7,10
12757,2011-10-07 10:41:00,2011,10,7,10
12758,2011-10-07 10:42:00,2011,10,7,10
12759,2011-10-07 10:44:00,2011,10,7,10
12760,2011-10-07 10:50:00,2011,10,7,10
12761,2011-10-07 10:55:00,2011,10,7,10
12762,2011-10-07 11:17:00,2011,10,7,11
12763,2011-10-07 11:19:00,2011,10,7,11
12764,2011-10-07 11:22:00,2011,10,7,11
12765,2011-10-07 11:32:00,2011,10,7,11
12766,2011-10-07 11:38:00,2011,10,7,11
12767,2011-10-07 11:43:00,2011,10,7,11
12768,2011-10-07 11:47:00,2011,10,7,11
12769,2011-10-07 11:51:00,2011,10,7,11
12770,2011-10-07 11:55:00,2011,10,7,11
12771,2011-10-07 11:56:00,2011,10,7,11
12772,2011-10-07 11:57:00,2011,10,7,11
12773,2011-10-07 11:58:00,2011,10,7,11
12774,2011-10-07 12:05:00,2011,10,7,12
12775,2011-10-07 12:11:00,2011,10,7,12
12776,2011-10-07 12:12:00,2011,10,7,12
12777,2011-10-07 12:14:00,2011,10,7,12
12778,2011-10-07 12:17:00,2011,10,7,12
12779,2011-10-07 12:18:00,2011,10,7,12
12780,2011-10-07 12:25:00,2011,10,7,12
12781,2011-10-07 12:28:00,2011,10,7,12
12782,2011-10-07 12:31:00,2011,10,7,12
12783,2011-10-07 12:37:00,2011,10,7,12
12784,2011-10-07 12:38:00,2011,10,7,12
12785,2011-10-07 12:42:00,2011,10,7,12
12786,2011-10-07 12:44:00,2011,10,7,12
12787,2011-10-07 12:45:00,2011,10,7,12
12788,2011-10-07 12:49:00,2011,10,7,12
12789,2011-10-07 13:09:00,2011,10,7,13
12790,2011-10-07 13:11:00,2011,10,7,13
12791,2011-10-07 13:14:00,2011,10,7,13
12792,2011-10-07 13:16:00,2011,10,7,13
12793,2011-10-07 13:17:00,2011,10,7,13
12794,2011-10-07 13:21:00,2011,10,7,13
12795,2011-10-07 13:34:00,2011,10,7,13
12796,2011-10-07 13:40:00,2011,10,7,13
12797,2011-10-07 13:57:00,2011,10,7,13
12798,2011-10-07 14:04:00,2011,10,7,14
12799,2011-10-07 14:05:00,2011,10,7,14
12800,2011-10-07 14:17:00,2011,10,7,14
12801,2011-10-07 14:23:00,2011,10,7,14
12802,2011-10-07 14:27:00,2011,10,7,14
12803,2011-10-07 14:28:00,2011,10,7,14
12804,2011-10-07 14:43:00,2011,10,7,14
12805,2011-10-07 14:46:00,2011,10,7,14
12806,2011-10-07 15:01:00,2011,10,7,15
12807,2011-10-07 15:13:00,2011,10,7,15
12808,2011-10-07 15:15:00,2011,10,7,15
12809,2011-10-07 15:18:00,2011,10,7,15
12810,2011-10-07 15:23:00,2011,10,7,15
12811,2011-10-07 15:26:00,2011,10,7,15
12812,2011-10-07 15:38:00,2011,10,7,15
12813,2011-10-07 15:40:00,2011,10,7,15
12814,2011-10-07 15:45:00,2011,10,7,15
12815,2011-10-07 16:03:00,2011,10,7,16
12816,2011-10-07 16:06:00,2011,10,7,16
12817,2011-10-09 10:13:00,2011,10,9,10
12818,2011-10-09 10:23:00,2011,10,9,10
12819,2011-10-09 10:29:00,2011,10,9,10
12820,2011-10-09 10:48:00,2011,10,9,10
12821,2011-10-09 11:15:00,2011,10,9,11
12822,2011-10-09 11:29:00,2011,10,9,11
12823,2011-10-09 11:32:00,2011,10,9,11
12824,2011-10-09 11:50:00,2011,10,9,11
12825,2011-10-09 11:53:00,2011,10,9,11
12826,2011-10-09 12:04:00,2011,10,9,12
12827,2011-10-09 12:19:00,2011,10,9,12
12828,2011-10-09 12:20:00,2011,10,9,12
12829,2011-10-09 12:44:00,2011,10,9,12
12830,2011-10-09 12:49:00,2011,10,9,12
12831,2011-10-09 12:59:00,2011,10,9,12
12832,2011-10-09 13:11:00,2011,10,9,13
12833,2011-10-09 13:15:00,2011,10,9,13
12834,2011-10-09 13:19:00,2011,10,9,13
12835,2011-10-09 13:21:00,2011,10,9,13
12836,2011-10-09 13:28:00,2011,10,9,13
12837,2011-10-09 13:30:00,2011,10,9,13
12838,2011-10-09 13:41:00,2011,10,9,13
12839,2011-10-09 13:44:00,2011,10,9,13
12840,2011-10-09 13:58:00,2011,10,9,13
12841,2011-10-09 14:22:00,2011,10,9,14
12842,2011-10-09 14:30:00,2011,10,9,14
12843,2011-10-09 14:48:00,2011,10,9,14
12844,2011-10-09 15:01:00,2011,10,9,15
12845,2011-10-09 15:04:00,2011,10,9,15
12846,2011-10-09 15:17:00,2011,10,9,15
12847,2011-10-09 15:24:00,2011,10,9,15
12848,2011-10-09 15:40:00,2011,10,9,15
12849,2011-10-09 15:47:00,2011,10,9,15
12850,2011-10-09 16:05:00,2011,10,9,16
12851,2011-10-09 16:11:00,2011,10,9,16
12852,2011-10-09 16:22:00,2011,10,9,16
12853,2011-10-10 08:23:00,2011,10,10,8
12854,2011-10-10 08:30:00,2011,10,10,8
12855,2011-10-10 08:58:00,2011,10,10,8
12856,2011-10-10 09:01:00,2011,10,10,9
12857,2011-10-10 09:06:00,2011,10,10,9
12858,2011-10-10 09:14:00,2011,10,10,9
12859,2011-10-10 09:18:00,2011,10,10,9
12860,2011-10-10 09:41:00,2011,10,10,9
12861,2011-10-10 09:53:00,2011,10,10,9
12862,2011-10-10 09:56:00,2011,10,10,9
12863,2011-10-10 10:07:00,2011,10,10,10
12864,2011-10-10 10:10:00,2011,10,10,10
12865,2011-10-10 10:13:00,2011,10,10,10
12866,2011-10-10 10:16:00,2011,10,10,10
12867,2011-10-10 10:23:00,2011,10,10,10
12868,2011-10-10 10:29:00,2011,10,10,10
12869,2011-10-10 10:45:00,2011,10,10,10
12870,2011-10-10 10:51:00,2011,10,10,10
12871,2011-10-10 10:57:00,2011,10,10,10
12872,2011-10-10 11:12:00,2011,10,10,11
12873,2011-10-10 11:14:00,2011,10,10,11
12874,2011-10-10 11:20:00,2011,10,10,11
12875,2011-10-10 11:30:00,2011,10,10,11
12876,2011-10-10 11:32:00,2011,10,10,11
12877,2011-10-10 11:37:00,2011,10,10,11
12878,2011-10-10 11:47:00,2011,10,10,11
12879,2011-10-10 11:50:00,2011,10,10,11
12880,2011-10-10 11:59:00,2011,10,10,11
12881,2011-10-10 12:00:00,2011,10,10,12
12882,2011-10-10 12:18:00,2011,10,10,12
12883,2011-10-10 12:19:00,2011,10,10,12
12884,2011-10-10 12:23:00,2011,10,10,12
12885,2011-10-10 12:25:00,2011,10,10,12
12886,2011-10-10 12:26:00,2011,10,10,12
12887,2011-10-10 12:28:00,2011,10,10,12
12888,2011-10-10 12:29:00,2011,10,10,12
12889,2011-10-10 12:30:00,2011,10,10,12
12890,2011-10-10 12:34:00,2011,10,10,12
12891,2011-10-10 12:35:00,2011,10,10,12
12892,2011-10-10 12:37:00,2011,10,10,12
12893,2011-10-10 12:50:00,2011,10,10,12
12894,2011-10-10 12:51:00,2011,10,10,12
12895,2011-10-10 12:52:00,2011,10,10,12
12896,2011-10-10 12:59:00,2011,10,10,12
12897,2011-10-10 13:03:00,2011,10,10,13
12898,2011-10-10 13:04:00,2011,10,10,13
12899,2011-10-10 13:11:00,2011,10,10,13
12900,2011-10-10 13:12:00,2011,10,10,13
12901,2011-10-10 13:13:00,2011,10,10,13
12902,2011-10-10 13:17:00,2011,10,10,13
12903,2011-10-10 13:27:00,2011,10,10,13
12904,2011-10-10 13:30:00,2011,10,10,13
12905,2011-10-10 13:31:00,2011,10,10,13
12906,2011-10-10 13:33:00,2011,10,10,13
12907,2011-10-10 13:34:00,2011,10,10,13
12908,2011-10-10 13:37:00,2011,10,10,13
12909,2011-10-10 13:38:00,2011,10,10,13
12910,2011-10-10 13:41:00,2011,10,10,13
12911,2011-10-10 13:54:00,2011,10,10,13
12912,2011-10-10 13:55:00,2011,10,10,13
12913,2011-10-10 13:56:00,2011,10,10,13
12914,2011-10-10 14:02:00,2011,10,10,14
12915,2011-10-10 14:06:00,2011,10,10,14
12916,2011-10-10 14:25:00,2011,10,10,14
12917,2011-10-10 14:37:00,2011,10,10,14
12918,2011-10-10 14:38:00,2011,10,10,14
12919,2011-10-10 14:42:00,2011,10,10,14
12920,2011-10-10 14:49:00,2011,10,10,14
12921,2011-10-10 14:55:00,2011,10,10,14
12922,2011-10-10 14:57:00,2011,10,10,14
12923,2011-10-10 15:15:00,2011,10,10,15
12924,2011-10-10 15:27:00,2011,10,10,15
12925,2011-10-10 15:39:00,2011,10,10,15
12926,2011-10-10 15:42:00,2011,10,10,15
12927,2011-10-10 15:45:00,2011,10,10,15
12928,2011-10-10 16:03:00,2011,10,10,16
12929,2011-10-10 16:06:00,2011,10,10,16
12930,2011-10-10 16:58:00,2011,10,10,16
12931,2011-10-10 17:00:00,2011,10,10,17
12932,2011-10-10 17:09:00,2011,10,10,17
12933,2011-10-10 17:12:00,2011,10,10,17
12934,2011-10-10 17:13:00,2011,10,10,17
12935,2011-10-10 17:26:00,2011,10,10,17
12936,2011-10-11 08:23:00,2011,10,11,8
12937,2011-10-11 08:24:00,2011,10,11,8
12938,2011-10-11 08:30:00,2011,10,11,8
12939,2011-10-11 09:05:00,2011,10,11,9
12940,2011-10-11 09:10:00,2011,10,11,9
12941,2011-10-11 09:19:00,2011,10,11,9
12942,2011-10-11 09:23:00,2011,10,11,9
12943,2011-10-11 09:24:00,2011,10,11,9
12944,2011-10-11 09:26:00,2011,10,11,9
12945,2011-10-11 09:29:00,2011,10,11,9
12946,2011-10-11 09:41:00,2011,10,11,9
12947,2011-10-11 09:50:00,2011,10,11,9
12948,2011-10-11 09:53:00,2011,10,11,9
12949,2011-10-11 10:16:00,2011,10,11,10
12950,2011-10-11 10:22:00,2011,10,11,10
12951,2011-10-11 10:24:00,2011,10,11,10
12952,2011-10-11 10:31:00,2011,10,11,10
12953,2011-10-11 10:33:00,2011,10,11,10
12954,2011-10-11 10:36:00,2011,10,11,10
12955,2011-10-11 10:39:00,2011,10,11,10
12956,2011-10-11 10:41:00,2011,10,11,10
12957,2011-10-11 10:43:00,2011,10,11,10
12958,2011-10-11 10:46:00,2011,10,11,10
12959,2011-10-11 11:02:00,2011,10,11,11
12960,2011-10-11 11:03:00,2011,10,11,11
12961,2011-10-11 11:15:00,2011,10,11,11
12962,2011-10-11 11:34:00,2011,10,11,11
12963,2011-10-11 11:35:00,2011,10,11,11
12964,2011-10-11 11:38:00,2011,10,11,11
12965,2011-10-11 11:43:00,2011,10,11,11
12966,2011-10-11 11:49:00,2011,10,11,11
12967,2011-10-11 11:55:00,2011,10,11,11
12968,2011-10-11 12:05:00,2011,10,11,12
12969,2011-10-11 12:08:00,2011,10,11,12
12970,2011-10-11 12:17:00,2011,10,11,12
12971,2011-10-11 12:27:00,2011,10,11,12
12972,2011-10-11 12:34:00,2011,10,11,12
12973,2011-10-11 12:36:00,2011,10,11,12
12974,2011-10-11 12:38:00,2011,10,11,12
12975,2011-10-11 12:41:00,2011,10,11,12
12976,2011-10-11 12:49:00,2011,10,11,12
12977,2011-10-11 13:09:00,2011,10,11,13
12978,2011-10-11 13:12:00,2011,10,11,13
12979,2011-10-11 13:13:00,2011,10,11,13
12980,2011-10-11 13:34:00,2011,10,11,13
12981,2011-10-11 13:45:00,2011,10,11,13
12982,2011-10-11 13:49:00,2011,10,11,13
12983,2011-10-11 14:10:00,2011,10,11,14
12984,2011-10-11 14:17:00,2011,10,11,14
12985,2011-10-11 14:18:00,2011,10,11,14
12986,2011-10-11 14:19:00,2011,10,11,14
12987,2011-10-11 14:20:00,2011,10,11,14
12988,2011-10-11 14:21:00,2011,10,11,14
12989,2011-10-11 14:22:00,2011,10,11,14
12990,2011-10-11 14:24:00,2011,10,11,14
12991,2011-10-11 14:33:00,2011,10,11,14
12992,2011-10-11 14:34:00,2011,10,11,14
12993,2011-10-11 14:37:00,2011,10,11,14
12994,2011-10-11 14:39:00,2011,10,11,14
12995,2011-10-11 14:51:00,2011,10,11,14
12996,2011-10-11 14:52:00,2011,10,11,14
12997,2011-10-11 14:54:00,2011,10,11,14
12998,2011-10-11 14:59:00,2011,10,11,14
12999,2011-10-11 15:03:00,2011,10,11,15
13000,2011-10-11 15:10:00,2011,10,11,15
13001,2011-10-11 15:12:00,2011,10,11,15
13002,2011-10-11 15:26:00,2011,10,11,15
13003,2011-10-11 15:36:00,2011,10,11,15
13004,2011-10-11 15:45:00,2011,10,11,15
13005,2011-10-11 15:53:00,2011,10,11,15
13006,2011-10-11 16:25:00,2011,10,11,16
13007,2011-10-11 16:50:00,2011,10,11,16
13008,2011-10-12 08:10:00,2011,10,12,8
13009,2011-10-12 08:56:00,2011,10,12,8
13010,2011-10-12 09:08:00,2011,10,12,9
13011,2011-10-12 09:10:00,2011,10,12,9
13012,2011-10-12 09:13:00,2011,10,12,9
13013,2011-10-12 09:20:00,2011,10,12,9
13014,2011-10-12 09:29:00,2011,10,12,9
13015,2011-10-12 09:35:00,2011,10,12,9
13016,2011-10-12 09:38:00,2011,10,12,9
13017,2011-10-12 09:50:00,2011,10,12,9
13018,2011-10-12 09:54:00,2011,10,12,9
13019,2011-10-12 10:04:00,2011,10,12,10
13020,2011-10-12 10:08:00,2011,10,12,10
13021,2011-10-12 10:18:00,2011,10,12,10
13022,2011-10-12 10:20:00,2011,10,12,10
13023,2011-10-12 10:23:00,2011,10,12,10
13024,2011-10-12 10:26:00,2011,10,12,10
13025,2011-10-12 10:35:00,2011,10,12,10
13026,2011-10-12 10:36:00,2011,10,12,10
13027,2011-10-12 10:45:00,2011,10,12,10
13028,2011-10-12 10:50:00,2011,10,12,10
13029,2011-10-12 10:51:00,2011,10,12,10
13030,2011-10-12 11:08:00,2011,10,12,11
13031,2011-10-12 11:09:00,2011,10,12,11
13032,2011-10-12 11:22:00,2011,10,12,11
13033,2011-10-12 11:30:00,2011,10,12,11
13034,2011-10-12 11:32:00,2011,10,12,11
13035,2011-10-12 11:33:00,2011,10,12,11
13036,2011-10-12 11:40:00,2011,10,12,11
13037,2011-10-12 11:43:00,2011,10,12,11
13038,2011-10-12 11:45:00,2011,10,12,11
13039,2011-10-12 11:49:00,2011,10,12,11
13040,2011-10-12 11:55:00,2011,10,12,11
13041,2011-10-12 11:58:00,2011,10,12,11
13042,2011-10-12 12:01:00,2011,10,12,12
13043,2011-10-12 12:08:00,2011,10,12,12
13044,2011-10-12 12:10:00,2011,10,12,12
13045,2011-10-12 12:16:00,2011,10,12,12
13046,2011-10-12 12:19:00,2011,10,12,12
13047,2011-10-12 12:24:00,2011,10,12,12
13048,2011-10-12 12:30:00,2011,10,12,12
13049,2011-10-12 12:31:00,2011,10,12,12
13050,2011-10-12 12:42:00,2011,10,12,12
13051,2011-10-12 12:44:00,2011,10,12,12
13052,2011-10-12 12:47:00,2011,10,12,12
13053,2011-10-12 12:51:00,2011,10,12,12
13054,2011-10-12 12:54:00,2011,10,12,12
13055,2011-10-12 12:58:00,2011,10,12,12
13056,2011-10-12 12:59:00,2011,10,12,12
13057,2011-10-12 13:14:00,2011,10,12,13
13058,2011-10-12 13:17:00,2011,10,12,13
13059,2011-10-12 13:20:00,2011,10,12,13
13060,2011-10-12 13:28:00,2011,10,12,13
13061,2011-10-12 13:30:00,2011,10,12,13
13062,2011-10-12 13:31:00,2011,10,12,13
13063,2011-10-12 13:55:00,2011,10,12,13
13064,2011-10-12 14:08:00,2011,10,12,14
13065,2011-10-12 14:10:00,2011,10,12,14
13066,2011-10-12 14:18:00,2011,10,12,14
13067,2011-10-12 14:21:00,2011,10,12,14
13068,2011-10-12 14:22:00,2011,10,12,14
13069,2011-10-12 14:28:00,2011,10,12,14
13070,2011-10-12 14:33:00,2011,10,12,14
13071,2011-10-12 14:42:00,2011,10,12,14
13072,2011-10-12 14:43:00,2011,10,12,14
13073,2011-10-12 14:46:00,2011,10,12,14
13074,2011-10-12 14:48:00,2011,10,12,14
13075,2011-10-12 14:56:00,2011,10,12,14
13076,2011-10-12 15:01:00,2011,10,12,15
13077,2011-10-12 15:06:00,2011,10,12,15
13078,2011-10-12 15:22:00,2011,10,12,15
13079,2011-10-12 15:27:00,2011,10,12,15
13080,2011-10-12 15:35:00,2011,10,12,15
13081,2011-10-12 15:39:00,2011,10,12,15
13082,2011-10-12 15:41:00,2011,10,12,15
13083,2011-10-12 15:42:00,2011,10,12,15
13084,2011-10-12 15:49:00,2011,10,12,15
13085,2011-10-12 17:00:00,2011,10,12,17
13086,2011-10-12 17:19:00,2011,10,12,17
13087,2011-10-13 08:27:00,2011,10,13,8
13088,2011-10-13 08:28:00,2011,10,13,8
13089,2011-10-13 08:42:00,2011,10,13,8
13090,2011-10-13 09:16:00,2011,10,13,9
13091,2011-10-13 09:30:00,2011,10,13,9
13092,2011-10-13 09:45:00,2011,10,13,9
13093,2011-10-13 09:55:00,2011,10,13,9
13094,2011-10-13 10:09:00,2011,10,13,10
13095,2011-10-13 10:20:00,2011,10,13,10
13096,2011-10-13 10:23:00,2011,10,13,10
13097,2011-10-13 10:25:00,2011,10,13,10
13098,2011-10-13 10:26:00,2011,10,13,10
13099,2011-10-13 10:52:00,2011,10,13,10
13100,2011-10-13 10:54:00,2011,10,13,10
13101,2011-10-13 10:55:00,2011,10,13,10
13102,2011-10-13 10:57:00,2011,10,13,10
13103,2011-10-13 11:37:00,2011,10,13,11
13104,2011-10-13 11:50:00,2011,10,13,11
13105,2011-10-13 11:53:00,2011,10,13,11
13106,2011-10-13 11:57:00,2011,10,13,11
13107,2011-10-13 11:58:00,2011,10,13,11
13108,2011-10-13 12:06:00,2011,10,13,12
13109,2011-10-13 12:07:00,2011,10,13,12
13110,2011-10-13 12:17:00,2011,10,13,12
13111,2011-10-13 12:21:00,2011,10,13,12
13112,2011-10-13 12:26:00,2011,10,13,12
13113,2011-10-13 12:30:00,2011,10,13,12
13114,2011-10-13 12:38:00,2011,10,13,12
13115,2011-10-13 12:46:00,2011,10,13,12
13116,2011-10-13 12:47:00,2011,10,13,12
13117,2011-10-13 12:50:00,2011,10,13,12
13118,2011-10-13 12:52:00,2011,10,13,12
13119,2011-10-13 12:58:00,2011,10,13,12
13120,2011-10-13 12:59:00,2011,10,13,12
13121,2011-10-13 13:00:00,2011,10,13,13
13122,2011-10-13 13:20:00,2011,10,13,13
13123,2011-10-13 13:24:00,2011,10,13,13
13124,2011-10-13 13:35:00,2011,10,13,13
13125,2011-10-13 13:42:00,2011,10,13,13
13126,2011-10-13 13:43:00,2011,10,13,13
13127,2011-10-13 13:44:00,2011,10,13,13
13128,2011-10-13 13:53:00,2011,10,13,13
13129,2011-10-13 13:58:00,2011,10,13,13
13130,2011-10-13 14:08:00,2011,10,13,14
13131,2011-10-13 14:10:00,2011,10,13,14
13132,2011-10-13 14:13:00,2011,10,13,14
13133,2011-10-13 14:18:00,2011,10,13,14
13134,2011-10-13 14:28:00,2011,10,13,14
13135,2011-10-13 14:37:00,2011,10,13,14
13136,2011-10-13 14:47:00,2011,10,13,14
13137,2011-10-13 14:48:00,2011,10,13,14
13138,2011-10-13 14:59:00,2011,10,13,14
13139,2011-10-13 15:08:00,2011,10,13,15
13140,2011-10-13 15:15:00,2011,10,13,15
13141,2011-10-13 15:19:00,2011,10,13,15
13142,2011-10-13 15:23:00,2011,10,13,15
13143,2011-10-13 15:28:00,2011,10,13,15
13144,2011-10-13 15:38:00,2011,10,13,15
13145,2011-10-13 15:43:00,2011,10,13,15
13146,2011-10-13 15:47:00,2011,10,13,15
13147,2011-10-13 15:49:00,2011,10,13,15
13148,2011-10-13 15:50:00,2011,10,13,15
13149,2011-10-13 15:58:00,2011,10,13,15
13150,2011-10-13 16:01:00,2011,10,13,16
13151,2011-10-13 16:14:00,2011,10,13,16
13152,2011-10-13 16:17:00,2011,10,13,16
13153,2011-10-13 16:24:00,2011,10,13,16
13154,2011-10-13 16:33:00,2011,10,13,16
13155,2011-10-13 16:37:00,2011,10,13,16
13156,2011-10-13 17:51:00,2011,10,13,17
13157,2011-10-14 08:29:00,2011,10,14,8
13158,2011-10-14 09:06:00,2011,10,14,9
13159,2011-10-14 09:21:00,2011,10,14,9
13160,2011-10-14 09:28:00,2011,10,14,9
13161,2011-10-14 09:35:00,2011,10,14,9
13162,2011-10-14 09:48:00,2011,10,14,9
13163,2011-10-14 10:03:00,2011,10,14,10
13164,2011-10-14 10:21:00,2011,10,14,10
13165,2011-10-14 10:25:00,2011,10,14,10
13166,2011-10-14 10:28:00,2011,10,14,10
13167,2011-10-14 10:38:00,2011,10,14,10
13168,2011-10-14 10:42:00,2011,10,14,10
13169,2011-10-14 10:47:00,2011,10,14,10
13170,2011-10-14 10:48:00,2011,10,14,10
13171,2011-10-14 10:55:00,2011,10,14,10
13172,2011-10-14 11:08:00,2011,10,14,11
13173,2011-10-14 11:09:00,2011,10,14,11
13174,2011-10-14 11:15:00,2011,10,14,11
13175,2011-10-14 11:39:00,2011,10,14,11
13176,2011-10-14 11:42:00,2011,10,14,11
13177,2011-10-14 11:43:00,2011,10,14,11
13178,2011-10-14 11:44:00,2011,10,14,11
13179,2011-10-14 11:55:00,2011,10,14,11
13180,2011-10-14 11:56:00,2011,10,14,11
13181,2011-10-14 12:08:00,2011,10,14,12
13182,2011-10-14 12:19:00,2011,10,14,12
13183,2011-10-14 12:25:00,2011,10,14,12
13184,2011-10-14 12:28:00,2011,10,14,12
13185,2011-10-14 12:29:00,2011,10,14,12
13186,2011-10-14 12:33:00,2011,10,14,12
13187,2011-10-14 12:34:00,2011,10,14,12
13188,2011-10-14 12:41:00,2011,10,14,12
13189,2011-10-14 12:53:00,2011,10,14,12
13190,2011-10-14 12:55:00,2011,10,14,12
13191,2011-10-14 12:56:00,2011,10,14,12
13192,2011-10-14 12:57:00,2011,10,14,12
13193,2011-10-14 13:06:00,2011,10,14,13
13194,2011-10-14 13:24:00,2011,10,14,13
13195,2011-10-14 13:35:00,2011,10,14,13
13196,2011-10-14 13:36:00,2011,10,14,13
13197,2011-10-14 13:41:00,2011,10,14,13
13198,2011-10-14 13:49:00,2011,10,14,13
13199,2011-10-14 13:54:00,2011,10,14,13
13200,2011-10-14 14:00:00,2011,10,14,14
13201,2011-10-14 14:04:00,2011,10,14,14
13202,2011-10-14 14:16:00,2011,10,14,14
13203,2011-10-14 14:22:00,2011,10,14,14
13204,2011-10-14 14:28:00,2011,10,14,14
13205,2011-10-14 14:37:00,2011,10,14,14
13206,2011-10-14 14:38:00,2011,10,14,14
13207,2011-10-14 14:44:00,2011,10,14,14
13208,2011-10-14 14:54:00,2011,10,14,14
13209,2011-10-14 14:55:00,2011,10,14,14
13210,2011-10-14 14:58:00,2011,10,14,14
13211,2011-10-14 15:04:00,2011,10,14,15
13212,2011-10-14 15:26:00,2011,10,14,15
13213,2011-10-14 15:46:00,2011,10,14,15
13214,2011-10-14 15:50:00,2011,10,14,15
13215,2011-10-14 15:59:00,2011,10,14,15
13216,2011-10-14 16:04:00,2011,10,14,16
13217,2011-10-14 16:05:00,2011,10,14,16
13218,2011-10-14 16:49:00,2011,10,14,16
13219,2011-10-14 17:13:00,2011,10,14,17
13220,2011-10-14 17:23:00,2011,10,14,17
13221,2011-10-16 10:19:00,2011,10,16,10
13222,2011-10-16 10:41:00,2011,10,16,10
13223,2011-10-16 10:50:00,2011,10,16,10
13224,2011-10-16 11:06:00,2011,10,16,11
13225,2011-10-16 11:31:00,2011,10,16,11
13226,2011-10-16 11:41:00,2011,10,16,11
13227,2011-10-16 11:58:00,2011,10,16,11
13228,2011-10-16 12:06:00,2011,10,16,12
13229,2011-10-16 12:09:00,2011,10,16,12
13230,2011-10-16 12:16:00,2011,10,16,12
13231,2011-10-16 12:19:00,2011,10,16,12
13232,2011-10-16 12:21:00,2011,10,16,12
13233,2011-10-16 12:25:00,2011,10,16,12
13234,2011-10-16 12:28:00,2011,10,16,12
13235,2011-10-16 12:30:00,2011,10,16,12
13236,2011-10-16 12:40:00,2011,10,16,12
13237,2011-10-16 12:46:00,2011,10,16,12
13238,2011-10-16 12:54:00,2011,10,16,12
13239,2011-10-16 13:08:00,2011,10,16,13
13240,2011-10-16 13:23:00,2011,10,16,13
13241,2011-10-16 13:24:00,2011,10,16,13
13242,2011-10-16 13:51:00,2011,10,16,13
13243,2011-10-16 14:07:00,2011,10,16,14
13244,2011-10-16 14:35:00,2011,10,16,14
13245,2011-10-16 15:13:00,2011,10,16,15
13246,2011-10-16 15:27:00,2011,10,16,15
13247,2011-10-16 15:32:00,2011,10,16,15
13248,2011-10-16 15:44:00,2011,10,16,15
13249,2011-10-16 15:45:00,2011,10,16,15
13250,2011-10-16 15:56:00,2011,10,16,15
13251,2011-10-16 16:09:00,2011,10,16,16
13252,2011-10-16 16:12:00,2011,10,16,16
13253,2011-10-16 16:13:00,2011,10,16,16
13254,2011-10-16 16:25:00,2011,10,16,16
13255,2011-10-17 08:14:00,2011,10,17,8
13256,2011-10-17 08:30:00,2011,10,17,8
13257,2011-10-17 08:56:00,2011,10,17,8
13258,2011-10-17 08:59:00,2011,10,17,8
13259,2011-10-17 09:07:00,2011,10,17,9
13260,2011-10-17 09:36:00,2011,10,17,9
13261,2011-10-17 09:37:00,2011,10,17,9
13262,2011-10-17 09:57:00,2011,10,17,9
13263,2011-10-17 10:10:00,2011,10,17,10
13264,2011-10-17 10:17:00,2011,10,17,10
13265,2011-10-17 10:33:00,2011,10,17,10
13266,2011-10-17 10:42:00,2011,10,17,10
13267,2011-10-17 10:43:00,2011,10,17,10
13268,2011-10-17 10:47:00,2011,10,17,10
13269,2011-10-17 10:48:00,2011,10,17,10
13270,2011-10-17 10:50:00,2011,10,17,10
13271,2011-10-17 11:05:00,2011,10,17,11
13272,2011-10-17 11:07:00,2011,10,17,11
13273,2011-10-17 11:08:00,2011,10,17,11
13274,2011-10-17 11:11:00,2011,10,17,11
13275,2011-10-17 11:27:00,2011,10,17,11
13276,2011-10-17 11:49:00,2011,10,17,11
13277,2011-10-17 11:51:00,2011,10,17,11
13278,2011-10-17 11:55:00,2011,10,17,11
13279,2011-10-17 11:56:00,2011,10,17,11
13280,2011-10-17 12:04:00,2011,10,17,12
13281,2011-10-17 12:12:00,2011,10,17,12
13282,2011-10-17 12:16:00,2011,10,17,12
13283,2011-10-17 12:22:00,2011,10,17,12
13284,2011-10-17 12:25:00,2011,10,17,12
13285,2011-10-17 12:32:00,2011,10,17,12
13286,2011-10-17 12:33:00,2011,10,17,12
13287,2011-10-17 12:35:00,2011,10,17,12
13288,2011-10-17 12:41:00,2011,10,17,12
13289,2011-10-17 12:46:00,2011,10,17,12
13290,2011-10-17 12:47:00,2011,10,17,12
13291,2011-10-17 12:50:00,2011,10,17,12
13292,2011-10-17 12:51:00,2011,10,17,12
13293,2011-10-17 12:52:00,2011,10,17,12
13294,2011-10-17 13:03:00,2011,10,17,13
13295,2011-10-17 13:19:00,2011,10,17,13
13296,2011-10-17 13:22:00,2011,10,17,13
13297,2011-10-17 13:23:00,2011,10,17,13
13298,2011-10-17 13:25:00,2011,10,17,13
13299,2011-10-17 13:31:00,2011,10,17,13
13300,2011-10-17 13:39:00,2011,10,17,13
13301,2011-10-17 13:43:00,2011,10,17,13
13302,2011-10-17 13:44:00,2011,10,17,13
13303,2011-10-17 13:46:00,2011,10,17,13
13304,2011-10-17 13:47:00,2011,10,17,13
13305,2011-10-17 13:57:00,2011,10,17,13
13306,2011-10-17 14:01:00,2011,10,17,14
13307,2011-10-17 14:12:00,2011,10,17,14
13308,2011-10-17 14:14:00,2011,10,17,14
13309,2011-10-17 14:23:00,2011,10,17,14
13310,2011-10-17 14:28:00,2011,10,17,14
13311,2011-10-17 14:29:00,2011,10,17,14
13312,2011-10-17 14:41:00,2011,10,17,14
13313,2011-10-17 14:42:00,2011,10,17,14
13314,2011-10-17 14:51:00,2011,10,17,14
13315,2011-10-17 14:54:00,2011,10,17,14
13316,2011-10-17 14:59:00,2011,10,17,14
13317,2011-10-17 15:02:00,2011,10,17,15
13318,2011-10-17 15:03:00,2011,10,17,15
13319,2011-10-17 15:06:00,2011,10,17,15
13320,2011-10-17 15:18:00,2011,10,17,15
13321,2011-10-17 15:19:00,2011,10,17,15
13322,2011-10-17 15:22:00,2011,10,17,15
13323,2011-10-17 15:28:00,2011,10,17,15
13324,2011-10-17 15:37:00,2011,10,17,15
13325,2011-10-17 16:04:00,2011,10,17,16
13326,2011-10-17 16:53:00,2011,10,17,16
13327,2011-10-17 17:24:00,2011,10,17,17
13328,2011-10-18 07:43:00,2011,10,18,7
13329,2011-10-18 07:56:00,2011,10,18,7
13330,2011-10-18 08:12:00,2011,10,18,8
13331,2011-10-18 08:15:00,2011,10,18,8
13332,2011-10-18 08:28:00,2011,10,18,8
13333,2011-10-18 08:42:00,2011,10,18,8
13334,2011-10-18 09:07:00,2011,10,18,9
13335,2011-10-18 09:15:00,2011,10,18,9
13336,2011-10-18 09:24:00,2011,10,18,9
13337,2011-10-18 09:25:00,2011,10,18,9
13338,2011-10-18 09:30:00,2011,10,18,9
13339,2011-10-18 09:32:00,2011,10,18,9
13340,2011-10-18 09:54:00,2011,10,18,9
13341,2011-10-18 10:02:00,2011,10,18,10
13342,2011-10-18 10:04:00,2011,10,18,10
13343,2011-10-18 10:07:00,2011,10,18,10
13344,2011-10-18 10:16:00,2011,10,18,10
13345,2011-10-18 10:18:00,2011,10,18,10
13346,2011-10-18 10:19:00,2011,10,18,10
13347,2011-10-18 10:51:00,2011,10,18,10
13348,2011-10-18 10:52:00,2011,10,18,10
13349,2011-10-18 10:53:00,2011,10,18,10
13350,2011-10-18 10:55:00,2011,10,18,10
13351,2011-10-18 10:58:00,2011,10,18,10
13352,2011-10-18 11:13:00,2011,10,18,11
13353,2011-10-18 11:18:00,2011,10,18,11
13354,2011-10-18 11:41:00,2011,10,18,11
13355,2011-10-18 11:55:00,2011,10,18,11
13356,2011-10-18 12:01:00,2011,10,18,12
13357,2011-10-18 12:07:00,2011,10,18,12
13358,2011-10-18 12:17:00,2011,10,18,12
13359,2011-10-18 12:18:00,2011,10,18,12
13360,2011-10-18 12:43:00,2011,10,18,12
13361,2011-10-18 12:44:00,2011,10,18,12
13362,2011-10-18 12:48:00,2011,10,18,12
13363,2011-10-18 12:49:00,2011,10,18,12
13364,2011-10-18 12:54:00,2011,10,18,12
13365,2011-10-18 12:56:00,2011,10,18,12
13366,2011-10-18 12:59:00,2011,10,18,12
13367,2011-10-18 13:02:00,2011,10,18,13
13368,2011-10-18 13:04:00,2011,10,18,13
13369,2011-10-18 13:10:00,2011,10,18,13
13370,2011-10-18 13:11:00,2011,10,18,13
13371,2011-10-18 13:12:00,2011,10,18,13
13372,2011-10-18 13:15:00,2011,10,18,13
13373,2011-10-18 13:19:00,2011,10,18,13
13374,2011-10-18 13:26:00,2011,10,18,13
13375,2011-10-18 13:29:00,2011,10,18,13
13376,2011-10-18 13:32:00,2011,10,18,13
13377,2011-10-18 13:41:00,2011,10,18,13
13378,2011-10-18 13:44:00,2011,10,18,13
13379,2011-10-18 14:00:00,2011,10,18,14
13380,2011-10-18 14:07:00,2011,10,18,14
13381,2011-10-18 14:11:00,2011,10,18,14
13382,2011-10-18 14:15:00,2011,10,18,14
13383,2011-10-18 14:32:00,2011,10,18,14
13384,2011-10-18 14:34:00,2011,10,18,14
13385,2011-10-18 14:44:00,2011,10,18,14
13386,2011-10-18 14:47:00,2011,10,18,14
13387,2011-10-18 14:49:00,2011,10,18,14
13388,2011-10-18 14:50:00,2011,10,18,14
13389,2011-10-18 15:05:00,2011,10,18,15
13390,2011-10-18 15:06:00,2011,10,18,15
13391,2011-10-18 15:22:00,2011,10,18,15
13392,2011-10-18 15:26:00,2011,10,18,15
13393,2011-10-18 15:42:00,2011,10,18,15
13394,2011-10-18 15:52:00,2011,10,18,15
13395,2011-10-18 15:54:00,2011,10,18,15
13396,2011-10-18 16:46:00,2011,10,18,16
13397,2011-10-18 17:04:00,2011,10,18,17
13398,2011-10-18 17:10:00,2011,10,18,17
13399,2011-10-19 08:20:00,2011,10,19,8
13400,2011-10-19 08:32:00,2011,10,19,8
13401,2011-10-19 09:00:00,2011,10,19,9
13402,2011-10-19 09:18:00,2011,10,19,9
13403,2011-10-19 09:43:00,2011,10,19,9
13404,2011-10-19 09:48:00,2011,10,19,9
13405,2011-10-19 09:58:00,2011,10,19,9
13406,2011-10-19 09:59:00,2011,10,19,9
13407,2011-10-19 10:03:00,2011,10,19,10
13408,2011-10-19 10:04:00,2011,10,19,10
13409,2011-10-19 10:05:00,2011,10,19,10
13410,2011-10-19 10:31:00,2011,10,19,10
13411,2011-10-19 10:32:00,2011,10,19,10
13412,2011-10-19 10:33:00,2011,10,19,10
13413,2011-10-19 10:34:00,2011,10,19,10
13414,2011-10-19 10:36:00,2011,10,19,10
13415,2011-10-19 10:38:00,2011,10,19,10
13416,2011-10-19 10:43:00,2011,10,19,10
13417,2011-10-19 10:48:00,2011,10,19,10
13418,2011-10-19 10:56:00,2011,10,19,10
13419,2011-10-19 10:59:00,2011,10,19,10
13420,2011-10-19 11:13:00,2011,10,19,11
13421,2011-10-19 11:16:00,2011,10,19,11
13422,2011-10-19 11:18:00,2011,10,19,11
13423,2011-10-19 11:27:00,2011,10,19,11
13424,2011-10-19 11:38:00,2011,10,19,11
13425,2011-10-19 11:44:00,2011,10,19,11
13426,2011-10-19 11:49:00,2011,10,19,11
13427,2011-10-19 11:52:00,2011,10,19,11
13428,2011-10-19 11:53:00,2011,10,19,11
13429,2011-10-19 12:01:00,2011,10,19,12
13430,2011-10-19 12:10:00,2011,10,19,12
13431,2011-10-19 12:11:00,2011,10,19,12
13432,2011-10-19 12:12:00,2011,10,19,12
13433,2011-10-19 12:16:00,2011,10,19,12
13434,2011-10-19 12:21:00,2011,10,19,12
13435,2011-10-19 12:28:00,2011,10,19,12
13436,2011-10-19 12:30:00,2011,10,19,12
13437,2011-10-19 12:34:00,2011,10,19,12
13438,2011-10-19 12:35:00,2011,10,19,12
13439,2011-10-19 12:39:00,2011,10,19,12
13440,2011-10-19 12:50:00,2011,10,19,12
13441,2011-10-19 12:52:00,2011,10,19,12
13442,2011-10-19 12:54:00,2011,10,19,12
13443,2011-10-19 13:02:00,2011,10,19,13
13444,2011-10-19 13:20:00,2011,10,19,13
13445,2011-10-19 13:23:00,2011,10,19,13
13446,2011-10-19 13:38:00,2011,10,19,13
13447,2011-10-19 13:49:00,2011,10,19,13
13448,2011-10-19 13:58:00,2011,10,19,13
13449,2011-10-19 14:05:00,2011,10,19,14
13450,2011-10-19 14:12:00,2011,10,19,14
13451,2011-10-19 14:14:00,2011,10,19,14
13452,2011-10-19 14:20:00,2011,10,19,14
13453,2011-10-19 14:22:00,2011,10,19,14
13454,2011-10-19 14:26:00,2011,10,19,14
13455,2011-10-19 14:36:00,2011,10,19,14
13456,2011-10-19 14:40:00,2011,10,19,14
13457,2011-10-19 14:41:00,2011,10,19,14
13458,2011-10-19 14:51:00,2011,10,19,14
13459,2011-10-19 14:55:00,2011,10,19,14
13460,2011-10-19 14:56:00,2011,10,19,14
13461,2011-10-19 15:08:00,2011,10,19,15
13462,2011-10-19 15:15:00,2011,10,19,15
13463,2011-10-19 15:26:00,2011,10,19,15
13464,2011-10-19 15:29:00,2011,10,19,15
13465,2011-10-19 15:33:00,2011,10,19,15
13466,2011-10-19 15:34:00,2011,10,19,15
13467,2011-10-19 15:46:00,2011,10,19,15
13468,2011-10-19 16:05:00,2011,10,19,16
13469,2011-10-19 16:16:00,2011,10,19,16
13470,2011-10-19 16:24:00,2011,10,19,16
13471,2011-10-19 16:41:00,2011,10,19,16
13472,2011-10-20 08:19:00,2011,10,20,8
13473,2011-10-20 08:21:00,2011,10,20,8
13474,2011-10-20 08:41:00,2011,10,20,8
13475,2011-10-20 09:04:00,2011,10,20,9
13476,2011-10-20 09:28:00,2011,10,20,9
13477,2011-10-20 09:32:00,2011,10,20,9
13478,2011-10-20 09:40:00,2011,10,20,9
13479,2011-10-20 09:57:00,2011,10,20,9
13480,2011-10-20 10:04:00,2011,10,20,10
13481,2011-10-20 10:06:00,2011,10,20,10
13482,2011-10-20 10:10:00,2011,10,20,10
13483,2011-10-20 10:15:00,2011,10,20,10
13484,2011-10-20 10:34:00,2011,10,20,10
13485,2011-10-20 10:41:00,2011,10,20,10
13486,2011-10-20 10:47:00,2011,10,20,10
13487,2011-10-20 10:57:00,2011,10,20,10
13488,2011-10-20 11:03:00,2011,10,20,11
13489,2011-10-20 11:17:00,2011,10,20,11
13490,2011-10-20 11:30:00,2011,10,20,11
13491,2011-10-20 11:40:00,2011,10,20,11
13492,2011-10-20 11:47:00,2011,10,20,11
13493,2011-10-20 11:51:00,2011,10,20,11
13494,2011-10-20 11:53:00,2011,10,20,11
13495,2011-10-20 11:54:00,2011,10,20,11
13496,2011-10-20 11:58:00,2011,10,20,11
13497,2011-10-20 12:00:00,2011,10,20,12
13498,2011-10-20 12:03:00,2011,10,20,12
13499,2011-10-20 12:04:00,2011,10,20,12
13500,2011-10-20 12:07:00,2011,10,20,12
13501,2011-10-20 12:11:00,2011,10,20,12
13502,2011-10-20 12:13:00,2011,10,20,12
13503,2011-10-20 12:21:00,2011,10,20,12
13504,2011-10-20 12:23:00,2011,10,20,12
13505,2011-10-20 12:24:00,2011,10,20,12
13506,2011-10-20 12:26:00,2011,10,20,12
13507,2011-10-20 12:28:00,2011,10,20,12
13508,2011-10-20 12:31:00,2011,10,20,12
13509,2011-10-20 12:34:00,2011,10,20,12
13510,2011-10-20 12:40:00,2011,10,20,12
13511,2011-10-20 12:41:00,2011,10,20,12
13512,2011-10-20 12:43:00,2011,10,20,12
13513,2011-10-20 12:52:00,2011,10,20,12
13514,2011-10-20 12:53:00,2011,10,20,12
13515,2011-10-20 12:57:00,2011,10,20,12
13516,2011-10-20 13:06:00,2011,10,20,13
13517,2011-10-20 13:07:00,2011,10,20,13
13518,2011-10-20 13:13:00,2011,10,20,13
13519,2011-10-20 13:20:00,2011,10,20,13
13520,2011-10-20 13:24:00,2011,10,20,13
13521,2011-10-20 13:37:00,2011,10,20,13
13522,2011-10-20 13:46:00,2011,10,20,13
13523,2011-10-20 13:54:00,2011,10,20,13
13524,2011-10-20 13:55:00,2011,10,20,13
13525,2011-10-20 14:01:00,2011,10,20,14
13526,2011-10-20 14:09:00,2011,10,20,14
13527,2011-10-20 14:10:00,2011,10,20,14
13528,2011-10-20 14:11:00,2011,10,20,14
13529,2011-10-20 14:12:00,2011,10,20,14
13530,2011-10-20 14:13:00,2011,10,20,14
13531,2011-10-20 14:18:00,2011,10,20,14
13532,2011-10-20 14:23:00,2011,10,20,14
13533,2011-10-20 14:30:00,2011,10,20,14
13534,2011-10-20 14:33:00,2011,10,20,14
13535,2011-10-20 14:40:00,2011,10,20,14
13536,2011-10-20 14:41:00,2011,10,20,14
13537,2011-10-20 14:51:00,2011,10,20,14
13538,2011-10-20 14:52:00,2011,10,20,14
13539,2011-10-20 15:15:00,2011,10,20,15
13540,2011-10-20 15:20:00,2011,10,20,15
13541,2011-10-20 15:38:00,2011,10,20,15
13542,2011-10-20 15:45:00,2011,10,20,15
13543,2011-10-20 15:47:00,2011,10,20,15
13544,2011-10-20 15:57:00,2011,10,20,15
13545,2011-10-20 16:21:00,2011,10,20,16
13546,2011-10-20 17:00:00,2011,10,20,17
13547,2011-10-20 17:04:00,2011,10,20,17
13548,2011-10-20 17:13:00,2011,10,20,17
13549,2011-10-20 18:08:00,2011,10,20,18
13550,2011-10-20 19:51:00,2011,10,20,19
13551,2011-10-21 08:24:00,2011,10,21,8
13552,2011-10-21 08:40:00,2011,10,21,8
13553,2011-10-21 08:47:00,2011,10,21,8
13554,2011-10-21 08:57:00,2011,10,21,8
13555,2011-10-21 09:04:00,2011,10,21,9
13556,2011-10-21 09:20:00,2011,10,21,9
13557,2011-10-21 09:23:00,2011,10,21,9
13558,2011-10-21 09:25:00,2011,10,21,9
13559,2011-10-21 09:50:00,2011,10,21,9
13560,2011-10-21 09:56:00,2011,10,21,9
13561,2011-10-21 10:03:00,2011,10,21,10
13562,2011-10-21 10:11:00,2011,10,21,10
13563,2011-10-21 10:13:00,2011,10,21,10
13564,2011-10-21 10:19:00,2011,10,21,10
13565,2011-10-21 10:32:00,2011,10,21,10
13566,2011-10-21 10:50:00,2011,10,21,10
13567,2011-10-21 10:51:00,2011,10,21,10
13568,2011-10-21 10:55:00,2011,10,21,10
13569,2011-10-21 11:06:00,2011,10,21,11
13570,2011-10-21 11:08:00,2011,10,21,11
13571,2011-10-21 11:18:00,2011,10,21,11
13572,2011-10-21 11:30:00,2011,10,21,11
13573,2011-10-21 11:33:00,2011,10,21,11
13574,2011-10-21 11:43:00,2011,10,21,11
13575,2011-10-21 11:49:00,2011,10,21,11
13576,2011-10-21 11:54:00,2011,10,21,11
13577,2011-10-21 11:56:00,2011,10,21,11
13578,2011-10-21 12:05:00,2011,10,21,12
13579,2011-10-21 12:08:00,2011,10,21,12
13580,2011-10-21 12:12:00,2011,10,21,12
13581,2011-10-21 12:25:00,2011,10,21,12
13582,2011-10-21 12:44:00,2011,10,21,12
13583,2011-10-21 12:50:00,2011,10,21,12
13584,2011-10-21 12:52:00,2011,10,21,12
13585,2011-10-21 12:56:00,2011,10,21,12
13586,2011-10-21 13:03:00,2011,10,21,13
13587,2011-10-21 13:13:00,2011,10,21,13
13588,2011-10-21 13:17:00,2011,10,21,13
13589,2011-10-21 13:24:00,2011,10,21,13
13590,2011-10-21 13:27:00,2011,10,21,13
13591,2011-10-21 13:46:00,2011,10,21,13
13592,2011-10-21 13:50:00,2011,10,21,13
13593,2011-10-21 14:01:00,2011,10,21,14
13594,2011-10-21 14:23:00,2011,10,21,14
13595,2011-10-21 14:29:00,2011,10,21,14
13596,2011-10-21 14:41:00,2011,10,21,14
13597,2011-10-21 14:42:00,2011,10,21,14
13598,2011-10-21 14:49:00,2011,10,21,14
13599,2011-10-21 14:50:00,2011,10,21,14
13600,2011-10-21 15:18:00,2011,10,21,15
13601,2011-10-21 15:20:00,2011,10,21,15
13602,2011-10-21 15:36:00,2011,10,21,15
13603,2011-10-21 15:43:00,2011,10,21,15
13604,2011-10-21 15:54:00,2011,10,21,15
13605,2011-10-21 16:18:00,2011,10,21,16
13606,2011-10-21 16:48:00,2011,10,21,16
13607,2011-10-23 10:38:00,2011,10,23,10
13608,2011-10-23 10:46:00,2011,10,23,10
13609,2011-10-23 10:56:00,2011,10,23,10
13610,2011-10-23 11:05:00,2011,10,23,11
13611,2011-10-23 11:10:00,2011,10,23,11
13612,2011-10-23 11:39:00,2011,10,23,11
13613,2011-10-23 11:42:00,2011,10,23,11
13614,2011-10-23 12:08:00,2011,10,23,12
13615,2011-10-23 12:16:00,2011,10,23,12
13616,2011-10-23 12:18:00,2011,10,23,12
13617,2011-10-23 12:26:00,2011,10,23,12
13618,2011-10-23 12:28:00,2011,10,23,12
13619,2011-10-23 12:37:00,2011,10,23,12
13620,2011-10-23 12:46:00,2011,10,23,12
13621,2011-10-23 12:56:00,2011,10,23,12
13622,2011-10-23 13:02:00,2011,10,23,13
13623,2011-10-23 13:10:00,2011,10,23,13
13624,2011-10-23 13:49:00,2011,10,23,13
13625,2011-10-23 14:28:00,2011,10,23,14
13626,2011-10-23 14:30:00,2011,10,23,14
13627,2011-10-23 14:33:00,2011,10,23,14
13628,2011-10-23 14:40:00,2011,10,23,14
13629,2011-10-23 14:41:00,2011,10,23,14
13630,2011-10-23 14:47:00,2011,10,23,14
13631,2011-10-23 14:56:00,2011,10,23,14
13632,2011-10-23 15:07:00,2011,10,23,15
13633,2011-10-23 15:09:00,2011,10,23,15
13634,2011-10-23 15:11:00,2011,10,23,15
13635,2011-10-23 15:23:00,2011,10,23,15
13636,2011-10-23 15:27:00,2011,10,23,15
13637,2011-10-23 15:29:00,2011,10,23,15
13638,2011-10-23 15:30:00,2011,10,23,15
13639,2011-10-23 15:45:00,2011,10,23,15
13640,2011-10-23 15:47:00,2011,10,23,15
13641,2011-10-23 15:54:00,2011,10,23,15
13642,2011-10-23 15:59:00,2011,10,23,15
13643,2011-10-23 16:00:00,2011,10,23,16
13644,2011-10-23 16:13:00,2011,10,23,16
13645,2011-10-23 16:19:00,2011,10,23,16
13646,2011-10-24 08:48:00,2011,10,24,8
13647,2011-10-24 08:59:00,2011,10,24,8
13648,2011-10-24 09:34:00,2011,10,24,9
13649,2011-10-24 09:46:00,2011,10,24,9
13650,2011-10-24 09:52:00,2011,10,24,9
13651,2011-10-24 09:54:00,2011,10,24,9
13652,2011-10-24 09:55:00,2011,10,24,9
13653,2011-10-24 10:08:00,2011,10,24,10
13654,2011-10-24 10:11:00,2011,10,24,10
13655,2011-10-24 10:13:00,2011,10,24,10
13656,2011-10-24 10:17:00,2011,10,24,10
13657,2011-10-24 10:18:00,2011,10,24,10
13658,2011-10-24 10:20:00,2011,10,24,10
13659,2011-10-24 10:23:00,2011,10,24,10
13660,2011-10-24 10:27:00,2011,10,24,10
13661,2011-10-24 10:29:00,2011,10,24,10
13662,2011-10-24 10:30:00,2011,10,24,10
13663,2011-10-24 10:32:00,2011,10,24,10
13664,2011-10-24 10:36:00,2011,10,24,10
13665,2011-10-24 10:38:00,2011,10,24,10
13666,2011-10-24 10:43:00,2011,10,24,10
13667,2011-10-24 11:21:00,2011,10,24,11
13668,2011-10-24 11:33:00,2011,10,24,11
13669,2011-10-24 11:38:00,2011,10,24,11
13670,2011-10-24 11:39:00,2011,10,24,11
13671,2011-10-24 11:40:00,2011,10,24,11
13672,2011-10-24 11:41:00,2011,10,24,11
13673,2011-10-24 11:51:00,2011,10,24,11
13674,2011-10-24 11:54:00,2011,10,24,11
13675,2011-10-24 11:56:00,2011,10,24,11
13676,2011-10-24 12:02:00,2011,10,24,12
13677,2011-10-24 12:09:00,2011,10,24,12
13678,2011-10-24 12:10:00,2011,10,24,12
13679,2011-10-24 12:25:00,2011,10,24,12
13680,2011-10-24 12:36:00,2011,10,24,12
13681,2011-10-24 12:37:00,2011,10,24,12
13682,2011-10-24 12:38:00,2011,10,24,12
13683,2011-10-24 12:44:00,2011,10,24,12
13684,2011-10-24 12:51:00,2011,10,24,12
13685,2011-10-24 12:53:00,2011,10,24,12
13686,2011-10-24 12:54:00,2011,10,24,12
13687,2011-10-24 12:56:00,2011,10,24,12
13688,2011-10-24 13:06:00,2011,10,24,13
13689,2011-10-24 13:08:00,2011,10,24,13
13690,2011-10-24 13:26:00,2011,10,24,13
13691,2011-10-24 13:28:00,2011,10,24,13
13692,2011-10-24 13:34:00,2011,10,24,13
13693,2011-10-24 13:36:00,2011,10,24,13
13694,2011-10-24 13:37:00,2011,10,24,13
13695,2011-10-24 13:50:00,2011,10,24,13
13696,2011-10-24 13:52:00,2011,10,24,13
13697,2011-10-24 13:59:00,2011,10,24,13
13698,2011-10-24 14:10:00,2011,10,24,14
13699,2011-10-24 14:13:00,2011,10,24,14
13700,2011-10-24 14:25:00,2011,10,24,14
13701,2011-10-24 14:29:00,2011,10,24,14
13702,2011-10-24 14:35:00,2011,10,24,14
13703,2011-10-24 14:36:00,2011,10,24,14
13704,2011-10-24 14:47:00,2011,10,24,14
13705,2011-10-24 14:49:00,2011,10,24,14
13706,2011-10-24 14:56:00,2011,10,24,14
13707,2011-10-24 15:05:00,2011,10,24,15
13708,2011-10-24 15:19:00,2011,10,24,15
13709,2011-10-24 15:43:00,2011,10,24,15
13710,2011-10-24 16:20:00,2011,10,24,16
13711,2011-10-24 16:34:00,2011,10,24,16
13712,2011-10-24 16:48:00,2011,10,24,16
13713,2011-10-24 17:07:00,2011,10,24,17
13714,2011-10-24 17:19:00,2011,10,24,17
13715,2011-10-25 08:26:00,2011,10,25,8
13716,2011-10-25 08:44:00,2011,10,25,8
13717,2011-10-25 08:45:00,2011,10,25,8
13718,2011-10-25 08:51:00,2011,10,25,8
13719,2011-10-25 09:07:00,2011,10,25,9
13720,2011-10-25 09:31:00,2011,10,25,9
13721,2011-10-25 10:17:00,2011,10,25,10
13722,2011-10-25 10:27:00,2011,10,25,10
13723,2011-10-25 10:31:00,2011,10,25,10
13724,2011-10-25 10:32:00,2011,10,25,10
13725,2011-10-25 11:14:00,2011,10,25,11
13726,2011-10-25 11:28:00,2011,10,25,11
13727,2011-10-25 11:46:00,2011,10,25,11
13728,2011-10-25 11:52:00,2011,10,25,11
13729,2011-10-25 12:00:00,2011,10,25,12
13730,2011-10-25 12:06:00,2011,10,25,12
13731,2011-10-25 12:11:00,2011,10,25,12
13732,2011-10-25 12:12:00,2011,10,25,12
13733,2011-10-25 12:20:00,2011,10,25,12
13734,2011-10-25 12:22:00,2011,10,25,12
13735,2011-10-25 12:27:00,2011,10,25,12
13736,2011-10-25 12:29:00,2011,10,25,12
13737,2011-10-25 12:30:00,2011,10,25,12
13738,2011-10-25 12:38:00,2011,10,25,12
13739,2011-10-25 12:54:00,2011,10,25,12
13740,2011-10-25 12:56:00,2011,10,25,12
13741,2011-10-25 13:03:00,2011,10,25,13
13742,2011-10-25 13:05:00,2011,10,25,13
13743,2011-10-25 13:07:00,2011,10,25,13
13744,2011-10-25 13:10:00,2011,10,25,13
13745,2011-10-25 13:14:00,2011,10,25,13
13746,2011-10-25 13:15:00,2011,10,25,13
13747,2011-10-25 13:16:00,2011,10,25,13
13748,2011-10-25 13:17:00,2011,10,25,13
13749,2011-10-25 13:20:00,2011,10,25,13
13750,2011-10-25 13:30:00,2011,10,25,13
13751,2011-10-25 13:46:00,2011,10,25,13
13752,2011-10-25 13:47:00,2011,10,25,13
13753,2011-10-25 13:51:00,2011,10,25,13
13754,2011-10-25 13:52:00,2011,10,25,13
13755,2011-10-25 13:53:00,2011,10,25,13
13756,2011-10-25 14:09:00,2011,10,25,14
13757,2011-10-25 14:23:00,2011,10,25,14
13758,2011-10-25 14:35:00,2011,10,25,14
13759,2011-10-25 14:56:00,2011,10,25,14
13760,2011-10-25 15:03:00,2011,10,25,15
13761,2011-10-25 15:04:00,2011,10,25,15
13762,2011-10-25 15:07:00,2011,10,25,15
13763,2011-10-25 15:19:00,2011,10,25,15
13764,2011-10-25 15:21:00,2011,10,25,15
13765,2011-10-25 15:27:00,2011,10,25,15
13766,2011-10-25 15:34:00,2011,10,25,15
13767,2011-10-25 15:36:00,2011,10,25,15
13768,2011-10-25 15:39:00,2011,10,25,15
13769,2011-10-25 15:47:00,2011,10,25,15
13770,2011-10-25 15:48:00,2011,10,25,15
13771,2011-10-25 16:13:00,2011,10,25,16
13772,2011-10-25 16:14:00,2011,10,25,16
13773,2011-10-25 16:20:00,2011,10,25,16
13774,2011-10-25 16:30:00,2011,10,25,16
13775,2011-10-25 17:21:00,2011,10,25,17
13776,2011-10-25 17:22:00,2011,10,25,17
13777,2011-10-25 17:29:00,2011,10,25,17
13778,2011-10-25 17:31:00,2011,10,25,17
13779,2011-10-25 17:32:00,2011,10,25,17
13780,2011-10-26 08:30:00,2011,10,26,8
13781,2011-10-26 09:50:00,2011,10,26,9
13782,2011-10-26 09:54:00,2011,10,26,9
13783,2011-10-26 09:58:00,2011,10,26,9
13784,2011-10-26 10:02:00,2011,10,26,10
13785,2011-10-26 10:03:00,2011,10,26,10
13786,2011-10-26 10:11:00,2011,10,26,10
13787,2011-10-26 10:13:00,2011,10,26,10
13788,2011-10-26 10:15:00,2011,10,26,10
13789,2011-10-26 10:16:00,2011,10,26,10
13790,2011-10-26 10:24:00,2011,10,26,10
13791,2011-10-26 10:29:00,2011,10,26,10
13792,2011-10-26 10:30:00,2011,10,26,10
13793,2011-10-26 10:33:00,2011,10,26,10
13794,2011-10-26 10:43:00,2011,10,26,10
13795,2011-10-26 10:51:00,2011,10,26,10
13796,2011-10-26 11:08:00,2011,10,26,11
13797,2011-10-26 11:14:00,2011,10,26,11
13798,2011-10-26 11:19:00,2011,10,26,11
13799,2011-10-26 11:36:00,2011,10,26,11
13800,2011-10-26 11:40:00,2011,10,26,11
13801,2011-10-26 11:41:00,2011,10,26,11
13802,2011-10-26 11:46:00,2011,10,26,11
13803,2011-10-26 11:49:00,2011,10,26,11
13804,2011-10-26 11:51:00,2011,10,26,11
13805,2011-10-26 12:01:00,2011,10,26,12
13806,2011-10-26 12:03:00,2011,10,26,12
13807,2011-10-26 12:06:00,2011,10,26,12
13808,2011-10-26 12:11:00,2011,10,26,12
13809,2011-10-26 12:14:00,2011,10,26,12
13810,2011-10-26 12:15:00,2011,10,26,12
13811,2011-10-26 12:19:00,2011,10,26,12
13812,2011-10-26 12:22:00,2011,10,26,12
13813,2011-10-26 12:24:00,2011,10,26,12
13814,2011-10-26 12:28:00,2011,10,26,12
13815,2011-10-26 12:31:00,2011,10,26,12
13816,2011-10-26 12:36:00,2011,10,26,12
13817,2011-10-26 12:39:00,2011,10,26,12
13818,2011-10-26 12:42:00,2011,10,26,12
13819,2011-10-26 12:46:00,2011,10,26,12
13820,2011-10-26 12:48:00,2011,10,26,12
13821,2011-10-26 12:53:00,2011,10,26,12
13822,2011-10-26 13:01:00,2011,10,26,13
13823,2011-10-26 13:07:00,2011,10,26,13
13824,2011-10-26 13:19:00,2011,10,26,13
13825,2011-10-26 13:20:00,2011,10,26,13
13826,2011-10-26 13:21:00,2011,10,26,13
13827,2011-10-26 13:22:00,2011,10,26,13
13828,2011-10-26 13:24:00,2011,10,26,13
13829,2011-10-26 13:27:00,2011,10,26,13
13830,2011-10-26 13:28:00,2011,10,26,13
13831,2011-10-26 13:31:00,2011,10,26,13
13832,2011-10-26 13:34:00,2011,10,26,13
13833,2011-10-26 13:35:00,2011,10,26,13
13834,2011-10-26 13:36:00,2011,10,26,13
13835,2011-10-26 13:44:00,2011,10,26,13
13836,2011-10-26 13:45:00,2011,10,26,13
13837,2011-10-26 13:46:00,2011,10,26,13
13838,2011-10-26 13:47:00,2011,10,26,13
13839,2011-10-26 13:56:00,2011,10,26,13
13840,2011-10-26 14:20:00,2011,10,26,14
13841,2011-10-26 14:36:00,2011,10,26,14
13842,2011-10-26 14:39:00,2011,10,26,14
13843,2011-10-26 14:41:00,2011,10,26,14
13844,2011-10-26 14:50:00,2011,10,26,14
13845,2011-10-26 14:52:00,2011,10,26,14
13846,2011-10-26 14:54:00,2011,10,26,14
13847,2011-10-26 15:01:00,2011,10,26,15
13848,2011-10-26 15:17:00,2011,10,26,15
13849,2011-10-26 15:31:00,2011,10,26,15
13850,2011-10-26 15:39:00,2011,10,26,15
13851,2011-10-26 15:43:00,2011,10,26,15
13852,2011-10-26 15:44:00,2011,10,26,15
13853,2011-10-26 15:47:00,2011,10,26,15
13854,2011-10-26 15:48:00,2011,10,26,15
13855,2011-10-26 15:58:00,2011,10,26,15
13856,2011-10-26 16:03:00,2011,10,26,16
13857,2011-10-26 16:07:00,2011,10,26,16
13858,2011-10-26 16:21:00,2011,10,26,16
13859,2011-10-26 16:25:00,2011,10,26,16
13860,2011-10-26 16:43:00,2011,10,26,16
13861,2011-10-26 16:57:00,2011,10,26,16
13862,2011-10-26 17:00:00,2011,10,26,17
13863,2011-10-27 08:35:00,2011,10,27,8
13864,2011-10-27 08:56:00,2011,10,27,8
13865,2011-10-27 09:18:00,2011,10,27,9
13866,2011-10-27 09:23:00,2011,10,27,9
13867,2011-10-27 09:27:00,2011,10,27,9
13868,2011-10-27 09:36:00,2011,10,27,9
13869,2011-10-27 10:01:00,2011,10,27,10
13870,2011-10-27 10:02:00,2011,10,27,10
13871,2011-10-27 10:14:00,2011,10,27,10
13872,2011-10-27 10:15:00,2011,10,27,10
13873,2011-10-27 10:18:00,2011,10,27,10
13874,2011-10-27 10:26:00,2011,10,27,10
13875,2011-10-27 10:36:00,2011,10,27,10
13876,2011-10-27 10:40:00,2011,10,27,10
13877,2011-10-27 10:41:00,2011,10,27,10
13878,2011-10-27 10:46:00,2011,10,27,10
13879,2011-10-27 10:51:00,2011,10,27,10
13880,2011-10-27 10:54:00,2011,10,27,10
13881,2011-10-27 10:57:00,2011,10,27,10
13882,2011-10-27 11:10:00,2011,10,27,11
13883,2011-10-27 11:24:00,2011,10,27,11
13884,2011-10-27 11:42:00,2011,10,27,11
13885,2011-10-27 11:47:00,2011,10,27,11
13886,2011-10-27 11:55:00,2011,10,27,11
13887,2011-10-27 12:08:00,2011,10,27,12
13888,2011-10-27 12:09:00,2011,10,27,12
13889,2011-10-27 12:11:00,2011,10,27,12
13890,2011-10-27 12:12:00,2011,10,27,12
13891,2011-10-27 12:13:00,2011,10,27,12
13892,2011-10-27 12:16:00,2011,10,27,12
13893,2011-10-27 12:22:00,2011,10,27,12
13894,2011-10-27 12:26:00,2011,10,27,12
13895,2011-10-27 12:33:00,2011,10,27,12
13896,2011-10-27 12:37:00,2011,10,27,12
13897,2011-10-27 12:42:00,2011,10,27,12
13898,2011-10-27 12:53:00,2011,10,27,12
13899,2011-10-27 13:25:00,2011,10,27,13
13900,2011-10-27 13:26:00,2011,10,27,13
13901,2011-10-27 13:29:00,2011,10,27,13
13902,2011-10-27 13:33:00,2011,10,27,13
13903,2011-10-27 13:36:00,2011,10,27,13
13904,2011-10-27 13:41:00,2011,10,27,13
13905,2011-10-27 13:43:00,2011,10,27,13
13906,2011-10-27 13:44:00,2011,10,27,13
13907,2011-10-27 13:48:00,2011,10,27,13
13908,2011-10-27 13:53:00,2011,10,27,13
13909,2011-10-27 13:56:00,2011,10,27,13
13910,2011-10-27 13:58:00,2011,10,27,13
13911,2011-10-27 13:59:00,2011,10,27,13
13912,2011-10-27 14:03:00,2011,10,27,14
13913,2011-10-27 14:04:00,2011,10,27,14
13914,2011-10-27 14:05:00,2011,10,27,14
13915,2011-10-27 14:13:00,2011,10,27,14
13916,2011-10-27 14:20:00,2011,10,27,14
13917,2011-10-27 14:21:00,2011,10,27,14
13918,2011-10-27 14:22:00,2011,10,27,14
13919,2011-10-27 14:27:00,2011,10,27,14
13920,2011-10-27 14:38:00,2011,10,27,14
13921,2011-10-27 14:39:00,2011,10,27,14
13922,2011-10-27 14:40:00,2011,10,27,14
13923,2011-10-27 14:49:00,2011,10,27,14
13924,2011-10-27 14:52:00,2011,10,27,14
13925,2011-10-27 14:56:00,2011,10,27,14
13926,2011-10-27 14:59:00,2011,10,27,14
13927,2011-10-27 15:05:00,2011,10,27,15
13928,2011-10-27 15:09:00,2011,10,27,15
13929,2011-10-27 15:19:00,2011,10,27,15
13930,2011-10-27 15:24:00,2011,10,27,15
13931,2011-10-27 15:25:00,2011,10,27,15
13932,2011-10-27 15:33:00,2011,10,27,15
13933,2011-10-27 15:36:00,2011,10,27,15
13934,2011-10-27 15:49:00,2011,10,27,15
13935,2011-10-27 16:11:00,2011,10,27,16
13936,2011-10-27 16:21:00,2011,10,27,16
13937,2011-10-27 16:22:00,2011,10,27,16
13938,2011-10-27 16:23:00,2011,10,27,16
13939,2011-10-27 16:24:00,2011,10,27,16
13940,2011-10-27 16:31:00,2011,10,27,16
13941,2011-10-27 16:32:00,2011,10,27,16
13942,2011-10-27 16:34:00,2011,10,27,16
13943,2011-10-27 16:35:00,2011,10,27,16
13944,2011-10-27 16:41:00,2011,10,27,16
13945,2011-10-27 16:44:00,2011,10,27,16
13946,2011-10-27 16:55:00,2011,10,27,16
13947,2011-10-27 16:58:00,2011,10,27,16
13948,2011-10-27 16:59:00,2011,10,27,16
13949,2011-10-27 17:00:00,2011,10,27,17
13950,2011-10-27 17:22:00,2011,10,27,17
13951,2011-10-27 17:29:00,2011,10,27,17
13952,2011-10-27 17:34:00,2011,10,27,17
13953,2011-10-27 17:35:00,2011,10,27,17
13954,2011-10-27 17:48:00,2011,10,27,17
13955,2011-10-27 17:56:00,2011,10,27,17
13956,2011-10-27 17:57:00,2011,10,27,17
13957,2011-10-27 18:02:00,2011,10,27,18
13958,2011-10-27 18:10:00,2011,10,27,18
13959,2011-10-27 19:56:00,2011,10,27,19
13960,2011-10-27 20:07:00,2011,10,27,20
13961,2011-10-27 20:09:00,2011,10,27,20
13962,2011-10-27 20:16:00,2011,10,27,20
13963,2011-10-28 07:39:00,2011,10,28,7
13964,2011-10-28 08:34:00,2011,10,28,8
13965,2011-10-28 08:52:00,2011,10,28,8
13966,2011-10-28 08:53:00,2011,10,28,8
13967,2011-10-28 08:56:00,2011,10,28,8
13968,2011-10-28 08:58:00,2011,10,28,8
13969,2011-10-28 09:00:00,2011,10,28,9
13970,2011-10-28 09:01:00,2011,10,28,9
13971,2011-10-28 09:06:00,2011,10,28,9
13972,2011-10-28 09:12:00,2011,10,28,9
13973,2011-10-28 09:15:00,2011,10,28,9
13974,2011-10-28 09:29:00,2011,10,28,9
13975,2011-10-28 09:39:00,2011,10,28,9
13976,2011-10-28 10:00:00,2011,10,28,10
13977,2011-10-28 10:10:00,2011,10,28,10
13978,2011-10-28 10:27:00,2011,10,28,10
13979,2011-10-28 10:45:00,2011,10,28,10
13980,2011-10-28 10:56:00,2011,10,28,10
13981,2011-10-28 11:09:00,2011,10,28,11
13982,2011-10-28 11:33:00,2011,10,28,11
13983,2011-10-28 11:34:00,2011,10,28,11
13984,2011-10-28 11:40:00,2011,10,28,11
13985,2011-10-28 11:41:00,2011,10,28,11
13986,2011-10-28 11:43:00,2011,10,28,11
13987,2011-10-28 11:55:00,2011,10,28,11
13988,2011-10-28 11:56:00,2011,10,28,11
13989,2011-10-28 12:08:00,2011,10,28,12
13990,2011-10-28 12:09:00,2011,10,28,12
13991,2011-10-28 12:32:00,2011,10,28,12
13992,2011-10-28 12:33:00,2011,10,28,12
13993,2011-10-28 12:34:00,2011,10,28,12
13994,2011-10-28 12:36:00,2011,10,28,12
13995,2011-10-28 12:39:00,2011,10,28,12
13996,2011-10-28 12:40:00,2011,10,28,12
13997,2011-10-28 13:00:00,2011,10,28,13
13998,2011-10-28 13:02:00,2011,10,28,13
13999,2011-10-28 13:04:00,2011,10,28,13
14000,2011-10-28 13:12:00,2011,10,28,13
14001,2011-10-28 13:14:00,2011,10,28,13
14002,2011-10-28 13:18:00,2011,10,28,13
14003,2011-10-28 13:19:00,2011,10,28,13
14004,2011-10-28 13:22:00,2011,10,28,13
14005,2011-10-28 13:42:00,2011,10,28,13
14006,2011-10-28 13:51:00,2011,10,28,13
14007,2011-10-28 13:55:00,2011,10,28,13
14008,2011-10-28 14:27:00,2011,10,28,14
14009,2011-10-28 14:38:00,2011,10,28,14
14010,2011-10-28 14:42:00,2011,10,28,14
14011,2011-10-28 14:44:00,2011,10,28,14
14012,2011-10-28 14:51:00,2011,10,28,14
14013,2011-10-28 15:10:00,2011,10,28,15
14014,2011-10-28 15:32:00,2011,10,28,15
14015,2011-10-28 15:54:00,2011,10,28,15
14016,2011-10-28 16:10:00,2011,10,28,16
14017,2011-10-28 16:13:00,2011,10,28,16
14018,2011-10-28 16:37:00,2011,10,28,16
14019,2011-10-28 16:45:00,2011,10,28,16
14020,2011-10-28 17:26:00,2011,10,28,17
14021,2011-10-28 17:27:00,2011,10,28,17
14022,2011-10-28 18:07:00,2011,10,28,18
14023,2011-10-30 10:18:00,2011,10,30,10
14024,2011-10-30 10:29:00,2011,10,30,10
14025,2011-10-30 10:44:00,2011,10,30,10
14026,2011-10-30 10:54:00,2011,10,30,10
14027,2011-10-30 10:56:00,2011,10,30,10
14028,2011-10-30 10:58:00,2011,10,30,10
14029,2011-10-30 11:08:00,2011,10,30,11
14030,2011-10-30 11:09:00,2011,10,30,11
14031,2011-10-30 11:19:00,2011,10,30,11
14032,2011-10-30 11:22:00,2011,10,30,11
14033,2011-10-30 11:25:00,2011,10,30,11
14034,2011-10-30 11:28:00,2011,10,30,11
14035,2011-10-30 11:34:00,2011,10,30,11
14036,2011-10-30 11:35:00,2011,10,30,11
14037,2011-10-30 11:37:00,2011,10,30,11
14038,2011-10-30 11:42:00,2011,10,30,11
14039,2011-10-30 11:47:00,2011,10,30,11
14040,2011-10-30 11:49:00,2011,10,30,11
14041,2011-10-30 11:55:00,2011,10,30,11
14042,2011-10-30 11:56:00,2011,10,30,11
14043,2011-10-30 11:59:00,2011,10,30,11
14044,2011-10-30 12:07:00,2011,10,30,12
14045,2011-10-30 12:14:00,2011,10,30,12
14046,2011-10-30 12:18:00,2011,10,30,12
14047,2011-10-30 12:26:00,2011,10,30,12
14048,2011-10-30 12:27:00,2011,10,30,12
14049,2011-10-30 12:28:00,2011,10,30,12
14050,2011-10-30 12:32:00,2011,10,30,12
14051,2011-10-30 12:34:00,2011,10,30,12
14052,2011-10-30 12:35:00,2011,10,30,12
14053,2011-10-30 12:39:00,2011,10,30,12
14054,2011-10-30 12:42:00,2011,10,30,12
14055,2011-10-30 12:43:00,2011,10,30,12
14056,2011-10-30 12:45:00,2011,10,30,12
14057,2011-10-30 12:46:00,2011,10,30,12
14058,2011-10-30 12:48:00,2011,10,30,12
14059,2011-10-30 12:51:00,2011,10,30,12
14060,2011-10-30 12:53:00,2011,10,30,12
14061,2011-10-30 13:06:00,2011,10,30,13
14062,2011-10-30 13:09:00,2011,10,30,13
14063,2011-10-30 13:13:00,2011,10,30,13
14064,2011-10-30 13:17:00,2011,10,30,13
14065,2011-10-30 13:18:00,2011,10,30,13
14066,2011-10-30 13:19:00,2011,10,30,13
14067,2011-10-30 13:30:00,2011,10,30,13
14068,2011-10-30 13:34:00,2011,10,30,13
14069,2011-10-30 13:36:00,2011,10,30,13
14070,2011-10-30 13:37:00,2011,10,30,13
14071,2011-10-30 13:39:00,2011,10,30,13
14072,2011-10-30 13:42:00,2011,10,30,13
14073,2011-10-30 13:50:00,2011,10,30,13
14074,2011-10-30 13:51:00,2011,10,30,13
14075,2011-10-30 13:53:00,2011,10,30,13
14076,2011-10-30 14:03:00,2011,10,30,14
14077,2011-10-30 14:04:00,2011,10,30,14
14078,2011-10-30 14:05:00,2011,10,30,14
14079,2011-10-30 14:15:00,2011,10,30,14
14080,2011-10-30 14:18:00,2011,10,30,14
14081,2011-10-30 14:19:00,2011,10,30,14
14082,2011-10-30 14:21:00,2011,10,30,14
14083,2011-10-30 14:27:00,2011,10,30,14
14084,2011-10-30 14:33:00,2011,10,30,14
14085,2011-10-30 14:44:00,2011,10,30,14
14086,2011-10-30 14:45:00,2011,10,30,14
14087,2011-10-30 14:53:00,2011,10,30,14
14088,2011-10-30 14:57:00,2011,10,30,14
14089,2011-10-30 15:04:00,2011,10,30,15
14090,2011-10-30 15:08:00,2011,10,30,15
14091,2011-10-30 15:10:00,2011,10,30,15
14092,2011-10-30 15:11:00,2011,10,30,15
14093,2011-10-30 15:13:00,2011,10,30,15
14094,2011-10-30 15:19:00,2011,10,30,15
14095,2011-10-30 15:28:00,2011,10,30,15
14096,2011-10-30 15:35:00,2011,10,30,15
14097,2011-10-30 15:38:00,2011,10,30,15
14098,2011-10-30 15:43:00,2011,10,30,15
14099,2011-10-30 15:44:00,2011,10,30,15
14100,2011-10-30 15:50:00,2011,10,30,15
14101,2011-10-30 15:55:00,2011,10,30,15
14102,2011-10-30 15:57:00,2011,10,30,15
14103,2011-10-30 15:58:00,2011,10,30,15
14104,2011-10-30 15:59:00,2011,10,30,15
14105,2011-10-30 16:00:00,2011,10,30,16
14106,2011-10-30 16:03:00,2011,10,30,16
14107,2011-10-30 16:10:00,2011,10,30,16
14108,2011-10-30 16:11:00,2011,10,30,16
14109,2011-10-30 16:12:00,2011,10,30,16
14110,2011-10-30 16:15:00,2011,10,30,16
14111,2011-10-30 16:17:00,2011,10,30,16
14112,2011-10-31 08:29:00,2011,10,31,8
14113,2011-10-31 08:56:00,2011,10,31,8
14114,2011-10-31 09:35:00,2011,10,31,9
14115,2011-10-31 09:38:00,2011,10,31,9
14116,2011-10-31 09:48:00,2011,10,31,9
14117,2011-10-31 09:50:00,2011,10,31,9
14118,2011-10-31 09:51:00,2011,10,31,9
14119,2011-10-31 09:58:00,2011,10,31,9
14120,2011-10-31 10:05:00,2011,10,31,10
14121,2011-10-31 10:19:00,2011,10,31,10
14122,2011-10-31 10:38:00,2011,10,31,10
14123,2011-10-31 10:42:00,2011,10,31,10
14124,2011-10-31 10:45:00,2011,10,31,10
14125,2011-10-31 10:56:00,2011,10,31,10
14126,2011-10-31 11:10:00,2011,10,31,11
14127,2011-10-31 11:32:00,2011,10,31,11
14128,2011-10-31 11:33:00,2011,10,31,11
14129,2011-10-31 11:37:00,2011,10,31,11
14130,2011-10-31 11:40:00,2011,10,31,11
14131,2011-10-31 11:57:00,2011,10,31,11
14132,2011-10-31 11:59:00,2011,10,31,11
14133,2011-10-31 12:01:00,2011,10,31,12
14134,2011-10-31 12:02:00,2011,10,31,12
14135,2011-10-31 12:05:00,2011,10,31,12
14136,2011-10-31 12:11:00,2011,10,31,12
14137,2011-10-31 12:21:00,2011,10,31,12
14138,2011-10-31 12:25:00,2011,10,31,12
14139,2011-10-31 12:30:00,2011,10,31,12
14140,2011-10-31 12:43:00,2011,10,31,12
14141,2011-10-31 12:45:00,2011,10,31,12
14142,2011-10-31 13:03:00,2011,10,31,13
14143,2011-10-31 13:05:00,2011,10,31,13
14144,2011-10-31 13:11:00,2011,10,31,13
14145,2011-10-31 13:12:00,2011,10,31,13
14146,2011-10-31 13:13:00,2011,10,31,13
14147,2011-10-31 13:22:00,2011,10,31,13
14148,2011-10-31 13:35:00,2011,10,31,13
14149,2011-10-31 13:43:00,2011,10,31,13
14150,2011-10-31 13:51:00,2011,10,31,13
14151,2011-10-31 13:58:00,2011,10,31,13
14152,2011-10-31 14:03:00,2011,10,31,14
14153,2011-10-31 14:09:00,2011,10,31,14
14154,2011-10-31 14:12:00,2011,10,31,14
14155,2011-10-31 14:13:00,2011,10,31,14
14156,2011-10-31 14:19:00,2011,10,31,14
14157,2011-10-31 14:22:00,2011,10,31,14
14158,2011-10-31 14:23:00,2011,10,31,14
14159,2011-10-31 14:29:00,2011,10,31,14
14160,2011-10-31 14:36:00,2011,10,31,14
14161,2011-10-31 14:48:00,2011,10,31,14
14162,2011-10-31 15:01:00,2011,10,31,15
14163,2011-10-31 15:20:00,2011,10,31,15
14164,2011-10-31 15:21:00,2011,10,31,15
14165,2011-10-31 15:30:00,2011,10,31,15
14166,2011-10-31 15:36:00,2011,10,31,15
14167,2011-10-31 16:02:00,2011,10,31,16
14168,2011-10-31 16:24:00,2011,10,31,16
14169,2011-10-31 17:13:00,2011,10,31,17
14170,2011-11-01 08:16:00,2011,11,1,8
14171,2011-11-01 08:53:00,2011,11,1,8
14172,2011-11-01 09:01:00,2011,11,1,9
14173,2011-11-01 09:14:00,2011,11,1,9
14174,2011-11-01 09:24:00,2011,11,1,9
14175,2011-11-01 09:26:00,2011,11,1,9
14176,2011-11-01 09:46:00,2011,11,1,9
14177,2011-11-01 09:51:00,2011,11,1,9
14178,2011-11-01 09:56:00,2011,11,1,9
14179,2011-11-01 10:02:00,2011,11,1,10
14180,2011-11-01 10:04:00,2011,11,1,10
14181,2011-11-01 10:12:00,2011,11,1,10
14182,2011-11-01 10:16:00,2011,11,1,10
14183,2011-11-01 10:21:00,2011,11,1,10
14184,2011-11-01 10:27:00,2011,11,1,10
14185,2011-11-01 10:30:00,2011,11,1,10
14186,2011-11-01 10:32:00,2011,11,1,10
14187,2011-11-01 10:49:00,2011,11,1,10
14188,2011-11-01 10:56:00,2011,11,1,10
14189,2011-11-01 11:12:00,2011,11,1,11
14190,2011-11-01 11:29:00,2011,11,1,11
14191,2011-11-01 11:31:00,2011,11,1,11
14192,2011-11-01 11:33:00,2011,11,1,11
14193,2011-11-01 11:35:00,2011,11,1,11
14194,2011-11-01 11:38:00,2011,11,1,11
14195,2011-11-01 11:39:00,2011,11,1,11
14196,2011-11-01 11:51:00,2011,11,1,11
14197,2011-11-01 12:00:00,2011,11,1,12
14198,2011-11-01 12:06:00,2011,11,1,12
14199,2011-11-01 12:12:00,2011,11,1,12
14200,2011-11-01 12:18:00,2011,11,1,12
14201,2011-11-01 12:25:00,2011,11,1,12
14202,2011-11-01 12:34:00,2011,11,1,12
14203,2011-11-01 12:35:00,2011,11,1,12
14204,2011-11-01 12:39:00,2011,11,1,12
14205,2011-11-01 12:45:00,2011,11,1,12
14206,2011-11-01 12:47:00,2011,11,1,12
14207,2011-11-01 12:48:00,2011,11,1,12
14208,2011-11-01 13:04:00,2011,11,1,13
14209,2011-11-01 13:20:00,2011,11,1,13
14210,2011-11-01 13:21:00,2011,11,1,13
14211,2011-11-01 13:37:00,2011,11,1,13
14212,2011-11-01 13:39:00,2011,11,1,13
14213,2011-11-01 13:43:00,2011,11,1,13
14214,2011-11-01 13:44:00,2011,11,1,13
14215,2011-11-01 13:49:00,2011,11,1,13
14216,2011-11-01 13:56:00,2011,11,1,13
14217,2011-11-01 13:57:00,2011,11,1,13
14218,2011-11-01 13:59:00,2011,11,1,13
14219,2011-11-01 14:01:00,2011,11,1,14
14220,2011-11-01 14:03:00,2011,11,1,14
14221,2011-11-01 14:29:00,2011,11,1,14
14222,2011-11-01 14:35:00,2011,11,1,14
14223,2011-11-01 14:41:00,2011,11,1,14
14224,2011-11-01 14:45:00,2011,11,1,14
14225,2011-11-01 14:49:00,2011,11,1,14
14226,2011-11-01 14:51:00,2011,11,1,14
14227,2011-11-01 14:54:00,2011,11,1,14
14228,2011-11-01 15:06:00,2011,11,1,15
14229,2011-11-01 15:12:00,2011,11,1,15
14230,2011-11-01 15:17:00,2011,11,1,15
14231,2011-11-01 15:19:00,2011,11,1,15
14232,2011-11-01 15:26:00,2011,11,1,15
14233,2011-11-01 15:34:00,2011,11,1,15
14234,2011-11-01 15:40:00,2011,11,1,15
14235,2011-11-01 15:48:00,2011,11,1,15
14236,2011-11-01 15:49:00,2011,11,1,15
14237,2011-11-01 15:53:00,2011,11,1,15
14238,2011-11-01 15:55:00,2011,11,1,15
14239,2011-11-01 17:08:00,2011,11,1,17
14240,2011-11-01 17:20:00,2011,11,1,17
14241,2011-11-02 08:44:00,2011,11,2,8
14242,2011-11-02 09:22:00,2011,11,2,9
14243,2011-11-02 09:31:00,2011,11,2,9
14244,2011-11-02 09:45:00,2011,11,2,9
14245,2011-11-02 09:59:00,2011,11,2,9
14246,2011-11-02 10:07:00,2011,11,2,10
14247,2011-11-02 10:15:00,2011,11,2,10
14248,2011-11-02 10:16:00,2011,11,2,10
14249,2011-11-02 10:26:00,2011,11,2,10
14250,2011-11-02 10:33:00,2011,11,2,10
14251,2011-11-02 10:36:00,2011,11,2,10
14252,2011-11-02 10:40:00,2011,11,2,10
14253,2011-11-02 10:44:00,2011,11,2,10
14254,2011-11-02 10:51:00,2011,11,2,10
14255,2011-11-02 11:07:00,2011,11,2,11
14256,2011-11-02 11:20:00,2011,11,2,11
14257,2011-11-02 11:23:00,2011,11,2,11
14258,2011-11-02 11:24:00,2011,11,2,11
14259,2011-11-02 11:37:00,2011,11,2,11
14260,2011-11-02 11:43:00,2011,11,2,11
14261,2011-11-02 11:49:00,2011,11,2,11
14262,2011-11-02 11:52:00,2011,11,2,11
14263,2011-11-02 11:54:00,2011,11,2,11
14264,2011-11-02 11:59:00,2011,11,2,11
14265,2011-11-02 12:03:00,2011,11,2,12
14266,2011-11-02 12:04:00,2011,11,2,12
14267,2011-11-02 12:15:00,2011,11,2,12
14268,2011-11-02 12:18:00,2011,11,2,12
14269,2011-11-02 12:20:00,2011,11,2,12
14270,2011-11-02 12:23:00,2011,11,2,12
14271,2011-11-02 12:26:00,2011,11,2,12
14272,2011-11-02 12:34:00,2011,11,2,12
14273,2011-11-02 12:37:00,2011,11,2,12
14274,2011-11-02 12:44:00,2011,11,2,12
14275,2011-11-02 12:45:00,2011,11,2,12
14276,2011-11-02 12:46:00,2011,11,2,12
14277,2011-11-02 12:50:00,2011,11,2,12
14278,2011-11-02 12:56:00,2011,11,2,12
14279,2011-11-02 12:57:00,2011,11,2,12
14280,2011-11-02 13:01:00,2011,11,2,13
14281,2011-11-02 13:05:00,2011,11,2,13
14282,2011-11-02 13:13:00,2011,11,2,13
14283,2011-11-02 13:14:00,2011,11,2,13
14284,2011-11-02 13:18:00,2011,11,2,13
14285,2011-11-02 13:19:00,2011,11,2,13
14286,2011-11-02 13:26:00,2011,11,2,13
14287,2011-11-02 13:37:00,2011,11,2,13
14288,2011-11-02 13:40:00,2011,11,2,13
14289,2011-11-02 13:41:00,2011,11,2,13
14290,2011-11-02 13:46:00,2011,11,2,13
14291,2011-11-02 13:50:00,2011,11,2,13
14292,2011-11-02 14:04:00,2011,11,2,14
14293,2011-11-02 14:07:00,2011,11,2,14
14294,2011-11-02 14:08:00,2011,11,2,14
14295,2011-11-02 14:09:00,2011,11,2,14
14296,2011-11-02 14:10:00,2011,11,2,14
14297,2011-11-02 14:13:00,2011,11,2,14
14298,2011-11-02 14:16:00,2011,11,2,14
14299,2011-11-02 14:30:00,2011,11,2,14
14300,2011-11-02 14:31:00,2011,11,2,14
14301,2011-11-02 14:35:00,2011,11,2,14
14302,2011-11-02 14:50:00,2011,11,2,14
14303,2011-11-02 14:51:00,2011,11,2,14
14304,2011-11-02 14:52:00,2011,11,2,14
14305,2011-11-02 14:57:00,2011,11,2,14
14306,2011-11-02 14:58:00,2011,11,2,14
14307,2011-11-02 15:33:00,2011,11,2,15
14308,2011-11-02 15:56:00,2011,11,2,15
14309,2011-11-02 16:19:00,2011,11,2,16
14310,2011-11-02 16:29:00,2011,11,2,16
14311,2011-11-02 16:37:00,2011,11,2,16
14312,2011-11-02 17:09:00,2011,11,2,17
14313,2011-11-02 17:30:00,2011,11,2,17
14314,2011-11-03 08:39:00,2011,11,3,8
14315,2011-11-03 08:41:00,2011,11,3,8
14316,2011-11-03 08:56:00,2011,11,3,8
14317,2011-11-03 09:07:00,2011,11,3,9
14318,2011-11-03 09:17:00,2011,11,3,9
14319,2011-11-03 09:20:00,2011,11,3,9
14320,2011-11-03 09:28:00,2011,11,3,9
14321,2011-11-03 09:43:00,2011,11,3,9
14322,2011-11-03 09:55:00,2011,11,3,9
14323,2011-11-03 09:56:00,2011,11,3,9
14324,2011-11-03 10:03:00,2011,11,3,10
14325,2011-11-03 10:05:00,2011,11,3,10
14326,2011-11-03 10:13:00,2011,11,3,10
14327,2011-11-03 10:27:00,2011,11,3,10
14328,2011-11-03 10:30:00,2011,11,3,10
14329,2011-11-03 10:45:00,2011,11,3,10
14330,2011-11-03 10:49:00,2011,11,3,10
14331,2011-11-03 11:26:00,2011,11,3,11
14332,2011-11-03 11:27:00,2011,11,3,11
14333,2011-11-03 11:29:00,2011,11,3,11
14334,2011-11-03 11:31:00,2011,11,3,11
14335,2011-11-03 11:32:00,2011,11,3,11
14336,2011-11-03 11:34:00,2011,11,3,11
14337,2011-11-03 11:36:00,2011,11,3,11
14338,2011-11-03 11:40:00,2011,11,3,11
14339,2011-11-03 11:43:00,2011,11,3,11
14340,2011-11-03 11:47:00,2011,11,3,11
14341,2011-11-03 11:51:00,2011,11,3,11
14342,2011-11-03 11:58:00,2011,11,3,11
14343,2011-11-03 11:59:00,2011,11,3,11
14344,2011-11-03 12:15:00,2011,11,3,12
14345,2011-11-03 12:18:00,2011,11,3,12
14346,2011-11-03 12:21:00,2011,11,3,12
14347,2011-11-03 12:28:00,2011,11,3,12
14348,2011-11-03 12:37:00,2011,11,3,12
14349,2011-11-03 12:43:00,2011,11,3,12
14350,2011-11-03 12:45:00,2011,11,3,12
14351,2011-11-03 12:46:00,2011,11,3,12
14352,2011-11-03 12:47:00,2011,11,3,12
14353,2011-11-03 12:49:00,2011,11,3,12
14354,2011-11-03 12:56:00,2011,11,3,12
14355,2011-11-03 13:01:00,2011,11,3,13
14356,2011-11-03 13:09:00,2011,11,3,13
14357,2011-11-03 13:22:00,2011,11,3,13
14358,2011-11-03 13:24:00,2011,11,3,13
14359,2011-11-03 13:30:00,2011,11,3,13
14360,2011-11-03 13:44:00,2011,11,3,13
14361,2011-11-03 13:50:00,2011,11,3,13
14362,2011-11-03 13:58:00,2011,11,3,13
14363,2011-11-03 14:05:00,2011,11,3,14
14364,2011-11-03 14:17:00,2011,11,3,14
14365,2011-11-03 14:27:00,2011,11,3,14
14366,2011-11-03 14:32:00,2011,11,3,14
14367,2011-11-03 14:33:00,2011,11,3,14
14368,2011-11-03 14:37:00,2011,11,3,14
14369,2011-11-03 14:39:00,2011,11,3,14
14370,2011-11-03 14:42:00,2011,11,3,14
14371,2011-11-03 14:47:00,2011,11,3,14
14372,2011-11-03 14:52:00,2011,11,3,14
14373,2011-11-03 14:53:00,2011,11,3,14
14374,2011-11-03 15:01:00,2011,11,3,15
14375,2011-11-03 15:02:00,2011,11,3,15
14376,2011-11-03 15:09:00,2011,11,3,15
14377,2011-11-03 15:16:00,2011,11,3,15
14378,2011-11-03 15:18:00,2011,11,3,15
14379,2011-11-03 15:27:00,2011,11,3,15
14380,2011-11-03 15:32:00,2011,11,3,15
14381,2011-11-03 15:47:00,2011,11,3,15
14382,2011-11-03 15:54:00,2011,11,3,15
14383,2011-11-03 16:06:00,2011,11,3,16
14384,2011-11-03 16:12:00,2011,11,3,16
14385,2011-11-03 16:15:00,2011,11,3,16
14386,2011-11-03 16:28:00,2011,11,3,16
14387,2011-11-03 16:30:00,2011,11,3,16
14388,2011-11-03 16:37:00,2011,11,3,16
14389,2011-11-03 16:40:00,2011,11,3,16
14390,2011-11-03 16:45:00,2011,11,3,16
14391,2011-11-03 16:56:00,2011,11,3,16
14392,2011-11-03 17:39:00,2011,11,3,17
14393,2011-11-03 17:45:00,2011,11,3,17
14394,2011-11-03 17:48:00,2011,11,3,17
14395,2011-11-03 17:53:00,2011,11,3,17
14396,2011-11-03 18:45:00,2011,11,3,18
14397,2011-11-03 18:49:00,2011,11,3,18
14398,2011-11-03 19:15:00,2011,11,3,19
14399,2011-11-03 19:17:00,2011,11,3,19
14400,2011-11-03 19:28:00,2011,11,3,19
14401,2011-11-03 19:50:00,2011,11,3,19
14402,2011-11-04 07:46:00,2011,11,4,7
14403,2011-11-04 08:12:00,2011,11,4,8
14404,2011-11-04 08:29:00,2011,11,4,8
14405,2011-11-04 09:03:00,2011,11,4,9
14406,2011-11-04 09:05:00,2011,11,4,9
14407,2011-11-04 09:07:00,2011,11,4,9
14408,2011-11-04 09:10:00,2011,11,4,9
14409,2011-11-04 09:24:00,2011,11,4,9
14410,2011-11-04 09:32:00,2011,11,4,9
14411,2011-11-04 09:44:00,2011,11,4,9
14412,2011-11-04 09:49:00,2011,11,4,9
14413,2011-11-04 09:52:00,2011,11,4,9
14414,2011-11-04 10:05:00,2011,11,4,10
14415,2011-11-04 10:08:00,2011,11,4,10
14416,2011-11-04 10:09:00,2011,11,4,10
14417,2011-11-04 10:10:00,2011,11,4,10
14418,2011-11-04 10:11:00,2011,11,4,10
14419,2011-11-04 10:18:00,2011,11,4,10
14420,2011-11-04 10:23:00,2011,11,4,10
14421,2011-11-04 10:28:00,2011,11,4,10
14422,2011-11-04 10:29:00,2011,11,4,10
14423,2011-11-04 10:37:00,2011,11,4,10
14424,2011-11-04 10:38:00,2011,11,4,10
14425,2011-11-04 10:46:00,2011,11,4,10
14426,2011-11-04 10:47:00,2011,11,4,10
14427,2011-11-04 10:48:00,2011,11,4,10
14428,2011-11-04 10:57:00,2011,11,4,10
14429,2011-11-04 10:59:00,2011,11,4,10
14430,2011-11-04 11:03:00,2011,11,4,11
14431,2011-11-04 11:04:00,2011,11,4,11
14432,2011-11-04 11:06:00,2011,11,4,11
14433,2011-11-04 11:40:00,2011,11,4,11
14434,2011-11-04 11:41:00,2011,11,4,11
14435,2011-11-04 11:43:00,2011,11,4,11
14436,2011-11-04 11:53:00,2011,11,4,11
14437,2011-11-04 11:54:00,2011,11,4,11
14438,2011-11-04 11:55:00,2011,11,4,11
14439,2011-11-04 11:56:00,2011,11,4,11
14440,2011-11-04 11:59:00,2011,11,4,11
14441,2011-11-04 12:05:00,2011,11,4,12
14442,2011-11-04 12:18:00,2011,11,4,12
14443,2011-11-04 12:20:00,2011,11,4,12
14444,2011-11-04 12:21:00,2011,11,4,12
14445,2011-11-04 12:27:00,2011,11,4,12
14446,2011-11-04 12:39:00,2011,11,4,12
14447,2011-11-04 12:42:00,2011,11,4,12
14448,2011-11-04 12:45:00,2011,11,4,12
14449,2011-11-04 12:47:00,2011,11,4,12
14450,2011-11-04 12:50:00,2011,11,4,12
14451,2011-11-04 12:56:00,2011,11,4,12
14452,2011-11-04 13:04:00,2011,11,4,13
14453,2011-11-04 13:05:00,2011,11,4,13
14454,2011-11-04 13:15:00,2011,11,4,13
14455,2011-11-04 13:16:00,2011,11,4,13
14456,2011-11-04 13:24:00,2011,11,4,13
14457,2011-11-04 13:25:00,2011,11,4,13
14458,2011-11-04 13:26:00,2011,11,4,13
14459,2011-11-04 13:31:00,2011,11,4,13
14460,2011-11-04 13:34:00,2011,11,4,13
14461,2011-11-04 13:44:00,2011,11,4,13
14462,2011-11-04 13:51:00,2011,11,4,13
14463,2011-11-04 14:03:00,2011,11,4,14
14464,2011-11-04 14:06:00,2011,11,4,14
14465,2011-11-04 14:07:00,2011,11,4,14
14466,2011-11-04 14:11:00,2011,11,4,14
14467,2011-11-04 14:19:00,2011,11,4,14
14468,2011-11-04 14:24:00,2011,11,4,14
14469,2011-11-04 14:26:00,2011,11,4,14
14470,2011-11-04 14:31:00,2011,11,4,14
14471,2011-11-04 14:35:00,2011,11,4,14
14472,2011-11-04 14:37:00,2011,11,4,14
14473,2011-11-04 14:49:00,2011,11,4,14
14474,2011-11-04 14:54:00,2011,11,4,14
14475,2011-11-04 14:59:00,2011,11,4,14
14476,2011-11-04 15:08:00,2011,11,4,15
14477,2011-11-04 15:14:00,2011,11,4,15
14478,2011-11-04 15:18:00,2011,11,4,15
14479,2011-11-04 15:29:00,2011,11,4,15
14480,2011-11-04 15:35:00,2011,11,4,15
14481,2011-11-04 15:50:00,2011,11,4,15
14482,2011-11-04 15:51:00,2011,11,4,15
14483,2011-11-04 16:35:00,2011,11,4,16
14484,2011-11-04 17:03:00,2011,11,4,17
14485,2011-11-04 17:07:00,2011,11,4,17
14486,2011-11-06 09:34:00,2011,11,6,9
14487,2011-11-06 10:15:00,2011,11,6,10
14488,2011-11-06 10:29:00,2011,11,6,10
14489,2011-11-06 10:30:00,2011,11,6,10
14490,2011-11-06 10:33:00,2011,11,6,10
14491,2011-11-06 10:44:00,2011,11,6,10
14492,2011-11-06 10:47:00,2011,11,6,10
14493,2011-11-06 10:49:00,2011,11,6,10
14494,2011-11-06 11:18:00,2011,11,6,11
14495,2011-11-06 11:20:00,2011,11,6,11
14496,2011-11-06 11:21:00,2011,11,6,11
14497,2011-11-06 11:22:00,2011,11,6,11
14498,2011-11-06 11:25:00,2011,11,6,11
14499,2011-11-06 11:30:00,2011,11,6,11
14500,2011-11-06 11:32:00,2011,11,6,11
14501,2011-11-06 11:35:00,2011,11,6,11
14502,2011-11-06 11:36:00,2011,11,6,11
14503,2011-11-06 11:43:00,2011,11,6,11
14504,2011-11-06 11:44:00,2011,11,6,11
14505,2011-11-06 11:55:00,2011,11,6,11
14506,2011-11-06 11:56:00,2011,11,6,11
14507,2011-11-06 12:01:00,2011,11,6,12
14508,2011-11-06 12:04:00,2011,11,6,12
14509,2011-11-06 12:07:00,2011,11,6,12
14510,2011-11-06 12:09:00,2011,11,6,12
14511,2011-11-06 12:10:00,2011,11,6,12
14512,2011-11-06 12:12:00,2011,11,6,12
14513,2011-11-06 12:16:00,2011,11,6,12
14514,2011-11-06 12:20:00,2011,11,6,12
14515,2011-11-06 12:23:00,2011,11,6,12
14516,2011-11-06 12:25:00,2011,11,6,12
14517,2011-11-06 12:26:00,2011,11,6,12
14518,2011-11-06 12:30:00,2011,11,6,12
14519,2011-11-06 12:31:00,2011,11,6,12
14520,2011-11-06 12:32:00,2011,11,6,12
14521,2011-11-06 12:36:00,2011,11,6,12
14522,2011-11-06 12:38:00,2011,11,6,12
14523,2011-11-06 12:40:00,2011,11,6,12
14524,2011-11-06 12:41:00,2011,11,6,12
14525,2011-11-06 12:44:00,2011,11,6,12
14526,2011-11-06 12:50:00,2011,11,6,12
14527,2011-11-06 12:56:00,2011,11,6,12
14528,2011-11-06 12:59:00,2011,11,6,12
14529,2011-11-06 13:00:00,2011,11,6,13
14530,2011-11-06 13:02:00,2011,11,6,13
14531,2011-11-06 13:06:00,2011,11,6,13
14532,2011-11-06 13:08:00,2011,11,6,13
14533,2011-11-06 13:11:00,2011,11,6,13
14534,2011-11-06 13:17:00,2011,11,6,13
14535,2011-11-06 13:28:00,2011,11,6,13
14536,2011-11-06 13:32:00,2011,11,6,13
14537,2011-11-06 13:36:00,2011,11,6,13
14538,2011-11-06 13:37:00,2011,11,6,13
14539,2011-11-06 13:40:00,2011,11,6,13
14540,2011-11-06 13:42:00,2011,11,6,13
14541,2011-11-06 13:48:00,2011,11,6,13
14542,2011-11-06 13:53:00,2011,11,6,13
14543,2011-11-06 13:54:00,2011,11,6,13
14544,2011-11-06 13:59:00,2011,11,6,13
14545,2011-11-06 14:02:00,2011,11,6,14
14546,2011-11-06 14:06:00,2011,11,6,14
14547,2011-11-06 14:08:00,2011,11,6,14
14548,2011-11-06 14:14:00,2011,11,6,14
14549,2011-11-06 14:17:00,2011,11,6,14
14550,2011-11-06 14:20:00,2011,11,6,14
14551,2011-11-06 14:26:00,2011,11,6,14
14552,2011-11-06 14:29:00,2011,11,6,14
14553,2011-11-06 14:33:00,2011,11,6,14
14554,2011-11-06 14:35:00,2011,11,6,14
14555,2011-11-06 14:36:00,2011,11,6,14
14556,2011-11-06 14:38:00,2011,11,6,14
14557,2011-11-06 14:39:00,2011,11,6,14
14558,2011-11-06 14:43:00,2011,11,6,14
14559,2011-11-06 14:45:00,2011,11,6,14
14560,2011-11-06 14:47:00,2011,11,6,14
14561,2011-11-06 14:50:00,2011,11,6,14
14562,2011-11-06 14:56:00,2011,11,6,14
14563,2011-11-06 15:01:00,2011,11,6,15
14564,2011-11-06 15:02:00,2011,11,6,15
14565,2011-11-06 15:04:00,2011,11,6,15
14566,2011-11-06 15:08:00,2011,11,6,15
14567,2011-11-06 15:09:00,2011,11,6,15
14568,2011-11-06 15:11:00,2011,11,6,15
14569,2011-11-06 15:17:00,2011,11,6,15
14570,2011-11-06 15:20:00,2011,11,6,15
14571,2011-11-06 15:41:00,2011,11,6,15
14572,2011-11-06 15:43:00,2011,11,6,15
14573,2011-11-06 15:53:00,2011,11,6,15
14574,2011-11-06 16:01:00,2011,11,6,16
14575,2011-11-06 16:04:00,2011,11,6,16
14576,2011-11-06 16:07:00,2011,11,6,16
14577,2011-11-06 16:13:00,2011,11,6,16
14578,2011-11-06 16:14:00,2011,11,6,16
14579,2011-11-07 07:38:00,2011,11,7,7
14580,2011-11-07 08:26:00,2011,11,7,8
14581,2011-11-07 08:30:00,2011,11,7,8
14582,2011-11-07 08:34:00,2011,11,7,8
14583,2011-11-07 08:54:00,2011,11,7,8
14584,2011-11-07 09:12:00,2011,11,7,9
14585,2011-11-07 09:13:00,2011,11,7,9
14586,2011-11-07 09:14:00,2011,11,7,9
14587,2011-11-07 09:24:00,2011,11,7,9
14588,2011-11-07 09:28:00,2011,11,7,9
14589,2011-11-07 09:40:00,2011,11,7,9
14590,2011-11-07 10:23:00,2011,11,7,10
14591,2011-11-07 10:43:00,2011,11,7,10
14592,2011-11-07 10:58:00,2011,11,7,10
14593,2011-11-07 11:09:00,2011,11,7,11
14594,2011-11-07 11:16:00,2011,11,7,11
14595,2011-11-07 11:21:00,2011,11,7,11
14596,2011-11-07 11:26:00,2011,11,7,11
14597,2011-11-07 11:29:00,2011,11,7,11
14598,2011-11-07 11:30:00,2011,11,7,11
14599,2011-11-07 11:31:00,2011,11,7,11
14600,2011-11-07 11:32:00,2011,11,7,11
14601,2011-11-07 11:33:00,2011,11,7,11
14602,2011-11-07 11:37:00,2011,11,7,11
14603,2011-11-07 11:40:00,2011,11,7,11
14604,2011-11-07 11:41:00,2011,11,7,11
14605,2011-11-07 11:42:00,2011,11,7,11
14606,2011-11-07 11:55:00,2011,11,7,11
14607,2011-11-07 11:57:00,2011,11,7,11
14608,2011-11-07 11:59:00,2011,11,7,11
14609,2011-11-07 12:04:00,2011,11,7,12
14610,2011-11-07 12:10:00,2011,11,7,12
14611,2011-11-07 12:24:00,2011,11,7,12
14612,2011-11-07 12:27:00,2011,11,7,12
14613,2011-11-07 12:29:00,2011,11,7,12
14614,2011-11-07 12:34:00,2011,11,7,12
14615,2011-11-07 12:39:00,2011,11,7,12
14616,2011-11-07 12:41:00,2011,11,7,12
14617,2011-11-07 12:44:00,2011,11,7,12
14618,2011-11-07 12:52:00,2011,11,7,12
14619,2011-11-07 12:56:00,2011,11,7,12
14620,2011-11-07 13:01:00,2011,11,7,13
14621,2011-11-07 13:06:00,2011,11,7,13
14622,2011-11-07 13:17:00,2011,11,7,13
14623,2011-11-07 13:18:00,2011,11,7,13
14624,2011-11-07 13:22:00,2011,11,7,13
14625,2011-11-07 13:25:00,2011,11,7,13
14626,2011-11-07 13:30:00,2011,11,7,13
14627,2011-11-07 13:45:00,2011,11,7,13
14628,2011-11-07 13:56:00,2011,11,7,13
14629,2011-11-07 13:57:00,2011,11,7,13
14630,2011-11-07 14:01:00,2011,11,7,14
14631,2011-11-07 14:13:00,2011,11,7,14
14632,2011-11-07 14:21:00,2011,11,7,14
14633,2011-11-07 14:22:00,2011,11,7,14
14634,2011-11-07 14:23:00,2011,11,7,14
14635,2011-11-07 14:28:00,2011,11,7,14
14636,2011-11-07 14:40:00,2011,11,7,14
14637,2011-11-07 14:44:00,2011,11,7,14
14638,2011-11-07 14:51:00,2011,11,7,14
14639,2011-11-07 15:07:00,2011,11,7,15
14640,2011-11-07 15:10:00,2011,11,7,15
14641,2011-11-07 15:15:00,2011,11,7,15
14642,2011-11-07 15:27:00,2011,11,7,15
14643,2011-11-07 15:33:00,2011,11,7,15
14644,2011-11-07 15:37:00,2011,11,7,15
14645,2011-11-07 15:40:00,2011,11,7,15
14646,2011-11-07 15:44:00,2011,11,7,15
14647,2011-11-07 15:49:00,2011,11,7,15
14648,2011-11-07 16:00:00,2011,11,7,16
14649,2011-11-07 16:16:00,2011,11,7,16
14650,2011-11-07 16:17:00,2011,11,7,16
14651,2011-11-07 16:19:00,2011,11,7,16
14652,2011-11-07 16:30:00,2011,11,7,16
14653,2011-11-07 16:33:00,2011,11,7,16
14654,2011-11-07 16:34:00,2011,11,7,16
14655,2011-11-07 16:36:00,2011,11,7,16
14656,2011-11-07 16:40:00,2011,11,7,16
14657,2011-11-07 16:49:00,2011,11,7,16
14658,2011-11-07 16:50:00,2011,11,7,16
14659,2011-11-07 16:54:00,2011,11,7,16
14660,2011-11-07 17:06:00,2011,11,7,17
14661,2011-11-07 17:08:00,2011,11,7,17
14662,2011-11-07 17:15:00,2011,11,7,17
14663,2011-11-07 17:16:00,2011,11,7,17
14664,2011-11-07 17:21:00,2011,11,7,17
14665,2011-11-07 17:50:00,2011,11,7,17
14666,2011-11-08 07:52:00,2011,11,8,7
14667,2011-11-08 08:16:00,2011,11,8,8
14668,2011-11-08 08:18:00,2011,11,8,8
14669,2011-11-08 09:03:00,2011,11,8,9
14670,2011-11-08 09:07:00,2011,11,8,9
14671,2011-11-08 09:12:00,2011,11,8,9
14672,2011-11-08 09:44:00,2011,11,8,9
14673,2011-11-08 09:47:00,2011,11,8,9
14674,2011-11-08 09:50:00,2011,11,8,9
14675,2011-11-08 09:54:00,2011,11,8,9
14676,2011-11-08 10:00:00,2011,11,8,10
14677,2011-11-08 10:09:00,2011,11,8,10
14678,2011-11-08 10:17:00,2011,11,8,10
14679,2011-11-08 10:19:00,2011,11,8,10
14680,2011-11-08 10:26:00,2011,11,8,10
14681,2011-11-08 10:27:00,2011,11,8,10
14682,2011-11-08 10:29:00,2011,11,8,10
14683,2011-11-08 10:44:00,2011,11,8,10
14684,2011-11-08 10:50:00,2011,11,8,10
14685,2011-11-08 11:03:00,2011,11,8,11
14686,2011-11-08 11:09:00,2011,11,8,11
14687,2011-11-08 11:20:00,2011,11,8,11
14688,2011-11-08 11:25:00,2011,11,8,11
14689,2011-11-08 11:29:00,2011,11,8,11
14690,2011-11-08 11:38:00,2011,11,8,11
14691,2011-11-08 11:45:00,2011,11,8,11
14692,2011-11-08 11:51:00,2011,11,8,11
14693,2011-11-08 11:53:00,2011,11,8,11
14694,2011-11-08 11:58:00,2011,11,8,11
14695,2011-11-08 12:01:00,2011,11,8,12
14696,2011-11-08 12:06:00,2011,11,8,12
14697,2011-11-08 12:09:00,2011,11,8,12
14698,2011-11-08 12:13:00,2011,11,8,12
14699,2011-11-08 12:14:00,2011,11,8,12
14700,2011-11-08 12:18:00,2011,11,8,12
14701,2011-11-08 12:25:00,2011,11,8,12
14702,2011-11-08 12:29:00,2011,11,8,12
14703,2011-11-08 12:30:00,2011,11,8,12
14704,2011-11-08 12:32:00,2011,11,8,12
14705,2011-11-08 12:42:00,2011,11,8,12
14706,2011-11-08 12:45:00,2011,11,8,12
14707,2011-11-08 12:46:00,2011,11,8,12
14708,2011-11-08 12:51:00,2011,11,8,12
14709,2011-11-08 12:58:00,2011,11,8,12
14710,2011-11-08 13:01:00,2011,11,8,13
14711,2011-11-08 13:10:00,2011,11,8,13
14712,2011-11-08 13:11:00,2011,11,8,13
14713,2011-11-08 13:19:00,2011,11,8,13
14714,2011-11-08 13:20:00,2011,11,8,13
14715,2011-11-08 13:22:00,2011,11,8,13
14716,2011-11-08 13:25:00,2011,11,8,13
14717,2011-11-08 13:29:00,2011,11,8,13
14718,2011-11-08 13:31:00,2011,11,8,13
14719,2011-11-08 13:41:00,2011,11,8,13
14720,2011-11-08 13:52:00,2011,11,8,13
14721,2011-11-08 13:57:00,2011,11,8,13
14722,2011-11-08 14:00:00,2011,11,8,14
14723,2011-11-08 14:02:00,2011,11,8,14
14724,2011-11-08 14:04:00,2011,11,8,14
14725,2011-11-08 14:05:00,2011,11,8,14
14726,2011-11-08 14:22:00,2011,11,8,14
14727,2011-11-08 14:26:00,2011,11,8,14
14728,2011-11-08 14:27:00,2011,11,8,14
14729,2011-11-08 14:30:00,2011,11,8,14
14730,2011-11-08 14:39:00,2011,11,8,14
14731,2011-11-08 14:44:00,2011,11,8,14
14732,2011-11-08 14:48:00,2011,11,8,14
14733,2011-11-08 14:49:00,2011,11,8,14
14734,2011-11-08 14:53:00,2011,11,8,14
14735,2011-11-08 15:13:00,2011,11,8,15
14736,2011-11-08 15:26:00,2011,11,8,15
14737,2011-11-08 15:35:00,2011,11,8,15
14738,2011-11-08 15:37:00,2011,11,8,15
14739,2011-11-08 15:38:00,2011,11,8,15
14740,2011-11-08 15:40:00,2011,11,8,15
14741,2011-11-08 15:45:00,2011,11,8,15
14742,2011-11-08 15:48:00,2011,11,8,15
14743,2011-11-08 15:59:00,2011,11,8,15
14744,2011-11-08 16:12:00,2011,11,8,16
14745,2011-11-08 16:15:00,2011,11,8,16
14746,2011-11-08 16:28:00,2011,11,8,16
14747,2011-11-08 16:55:00,2011,11,8,16
14748,2011-11-08 17:05:00,2011,11,8,17
14749,2011-11-08 17:09:00,2011,11,8,17
14750,2011-11-08 17:19:00,2011,11,8,17
14751,2011-11-08 17:21:00,2011,11,8,17
14752,2011-11-08 17:42:00,2011,11,8,17
14753,2011-11-09 08:11:00,2011,11,9,8
14754,2011-11-09 08:14:00,2011,11,9,8
14755,2011-11-09 08:21:00,2011,11,9,8
14756,2011-11-09 08:24:00,2011,11,9,8
14757,2011-11-09 08:36:00,2011,11,9,8
14758,2011-11-09 08:41:00,2011,11,9,8
14759,2011-11-09 08:50:00,2011,11,9,8
14760,2011-11-09 09:01:00,2011,11,9,9
14761,2011-11-09 09:06:00,2011,11,9,9
14762,2011-11-09 09:07:00,2011,11,9,9
14763,2011-11-09 09:13:00,2011,11,9,9
14764,2011-11-09 09:21:00,2011,11,9,9
14765,2011-11-09 09:22:00,2011,11,9,9
14766,2011-11-09 09:32:00,2011,11,9,9
14767,2011-11-09 09:34:00,2011,11,9,9
14768,2011-11-09 09:38:00,2011,11,9,9
14769,2011-11-09 09:40:00,2011,11,9,9
14770,2011-11-09 09:41:00,2011,11,9,9
14771,2011-11-09 09:42:00,2011,11,9,9
14772,2011-11-09 09:47:00,2011,11,9,9
14773,2011-11-09 09:48:00,2011,11,9,9
14774,2011-11-09 09:50:00,2011,11,9,9
14775,2011-11-09 09:52:00,2011,11,9,9
14776,2011-11-09 10:14:00,2011,11,9,10
14777,2011-11-09 10:16:00,2011,11,9,10
14778,2011-11-09 10:18:00,2011,11,9,10
14779,2011-11-09 10:26:00,2011,11,9,10
14780,2011-11-09 10:27:00,2011,11,9,10
14781,2011-11-09 10:31:00,2011,11,9,10
14782,2011-11-09 10:32:00,2011,11,9,10
14783,2011-11-09 10:39:00,2011,11,9,10
14784,2011-11-09 10:41:00,2011,11,9,10
14785,2011-11-09 10:47:00,2011,11,9,10
14786,2011-11-09 10:48:00,2011,11,9,10
14787,2011-11-09 11:04:00,2011,11,9,11
14788,2011-11-09 11:10:00,2011,11,9,11
14789,2011-11-09 11:16:00,2011,11,9,11
14790,2011-11-09 11:17:00,2011,11,9,11
14791,2011-11-09 11:19:00,2011,11,9,11
14792,2011-11-09 11:25:00,2011,11,9,11
14793,2011-11-09 11:33:00,2011,11,9,11
14794,2011-11-09 11:55:00,2011,11,9,11
14795,2011-11-09 11:58:00,2011,11,9,11
14796,2011-11-09 12:00:00,2011,11,9,12
14797,2011-11-09 12:08:00,2011,11,9,12
14798,2011-11-09 12:20:00,2011,11,9,12
14799,2011-11-09 12:25:00,2011,11,9,12
14800,2011-11-09 12:26:00,2011,11,9,12
14801,2011-11-09 12:29:00,2011,11,9,12
14802,2011-11-09 12:30:00,2011,11,9,12
14803,2011-11-09 12:32:00,2011,11,9,12
14804,2011-11-09 12:34:00,2011,11,9,12
14805,2011-11-09 12:38:00,2011,11,9,12
14806,2011-11-09 12:45:00,2011,11,9,12
14807,2011-11-09 12:49:00,2011,11,9,12
14808,2011-11-09 13:12:00,2011,11,9,13
14809,2011-11-09 13:17:00,2011,11,9,13
14810,2011-11-09 13:26:00,2011,11,9,13
14811,2011-11-09 13:30:00,2011,11,9,13
14812,2011-11-09 13:34:00,2011,11,9,13
14813,2011-11-09 13:36:00,2011,11,9,13
14814,2011-11-09 13:37:00,2011,11,9,13
14815,2011-11-09 13:45:00,2011,11,9,13
14816,2011-11-09 13:46:00,2011,11,9,13
14817,2011-11-09 13:47:00,2011,11,9,13
14818,2011-11-09 13:48:00,2011,11,9,13
14819,2011-11-09 13:50:00,2011,11,9,13
14820,2011-11-09 13:52:00,2011,11,9,13
14821,2011-11-09 13:53:00,2011,11,9,13
14822,2011-11-09 13:54:00,2011,11,9,13
14823,2011-11-09 13:56:00,2011,11,9,13
14824,2011-11-09 13:58:00,2011,11,9,13
14825,2011-11-09 14:11:00,2011,11,9,14
14826,2011-11-09 14:15:00,2011,11,9,14
14827,2011-11-09 14:29:00,2011,11,9,14
14828,2011-11-09 14:31:00,2011,11,9,14
14829,2011-11-09 14:44:00,2011,11,9,14
14830,2011-11-09 14:56:00,2011,11,9,14
14831,2011-11-09 14:58:00,2011,11,9,14
14832,2011-11-09 14:59:00,2011,11,9,14
14833,2011-11-09 15:02:00,2011,11,9,15
14834,2011-11-09 15:05:00,2011,11,9,15
14835,2011-11-09 15:07:00,2011,11,9,15
14836,2011-11-09 15:09:00,2011,11,9,15
14837,2011-11-09 15:11:00,2011,11,9,15
14838,2011-11-09 15:17:00,2011,11,9,15
14839,2011-11-09 15:23:00,2011,11,9,15
14840,2011-11-09 15:30:00,2011,11,9,15
14841,2011-11-09 15:31:00,2011,11,9,15
14842,2011-11-09 15:36:00,2011,11,9,15
14843,2011-11-09 15:42:00,2011,11,9,15
14844,2011-11-09 15:50:00,2011,11,9,15
14845,2011-11-09 15:51:00,2011,11,9,15
14846,2011-11-09 15:52:00,2011,11,9,15
14847,2011-11-09 15:54:00,2011,11,9,15
14848,2011-11-09 16:03:00,2011,11,9,16
14849,2011-11-09 16:10:00,2011,11,9,16
14850,2011-11-09 16:26:00,2011,11,9,16
14851,2011-11-09 16:28:00,2011,11,9,16
14852,2011-11-09 16:33:00,2011,11,9,16
14853,2011-11-09 16:43:00,2011,11,9,16
14854,2011-11-09 17:02:00,2011,11,9,17
14855,2011-11-09 17:03:00,2011,11,9,17
14856,2011-11-09 17:07:00,2011,11,9,17
14857,2011-11-09 17:11:00,2011,11,9,17
14858,2011-11-09 17:44:00,2011,11,9,17
14859,2011-11-09 17:47:00,2011,11,9,17
14860,2011-11-10 08:06:00,2011,11,10,8
14861,2011-11-10 08:39:00,2011,11,10,8
14862,2011-11-10 09:08:00,2011,11,10,9
14863,2011-11-10 09:09:00,2011,11,10,9
14864,2011-11-10 09:10:00,2011,11,10,9
14865,2011-11-10 09:52:00,2011,11,10,9
14866,2011-11-10 09:56:00,2011,11,10,9
14867,2011-11-10 09:57:00,2011,11,10,9
14868,2011-11-10 09:59:00,2011,11,10,9
14869,2011-11-10 10:10:00,2011,11,10,10
14870,2011-11-10 10:29:00,2011,11,10,10
14871,2011-11-10 10:32:00,2011,11,10,10
14872,2011-11-10 10:33:00,2011,11,10,10
14873,2011-11-10 10:36:00,2011,11,10,10
14874,2011-11-10 10:40:00,2011,11,10,10
14875,2011-11-10 10:41:00,2011,11,10,10
14876,2011-11-10 10:45:00,2011,11,10,10
14877,2011-11-10 10:49:00,2011,11,10,10
14878,2011-11-10 10:53:00,2011,11,10,10
14879,2011-11-10 10:56:00,2011,11,10,10
14880,2011-11-10 11:06:00,2011,11,10,11
14881,2011-11-10 11:22:00,2011,11,10,11
14882,2011-11-10 11:37:00,2011,11,10,11
14883,2011-11-10 11:45:00,2011,11,10,11
14884,2011-11-10 11:49:00,2011,11,10,11
14885,2011-11-10 11:53:00,2011,11,10,11
14886,2011-11-10 11:55:00,2011,11,10,11
14887,2011-11-10 12:00:00,2011,11,10,12
14888,2011-11-10 12:01:00,2011,11,10,12
14889,2011-11-10 12:05:00,2011,11,10,12
14890,2011-11-10 12:09:00,2011,11,10,12
14891,2011-11-10 12:12:00,2011,11,10,12
14892,2011-11-10 12:13:00,2011,11,10,12
14893,2011-11-10 12:27:00,2011,11,10,12
14894,2011-11-10 12:29:00,2011,11,10,12
14895,2011-11-10 12:32:00,2011,11,10,12
14896,2011-11-10 12:35:00,2011,11,10,12
14897,2011-11-10 12:37:00,2011,11,10,12
14898,2011-11-10 12:40:00,2011,11,10,12
14899,2011-11-10 12:45:00,2011,11,10,12
14900,2011-11-10 12:46:00,2011,11,10,12
14901,2011-11-10 12:47:00,2011,11,10,12
14902,2011-11-10 12:57:00,2011,11,10,12
14903,2011-11-10 12:59:00,2011,11,10,12
14904,2011-11-10 13:01:00,2011,11,10,13
14905,2011-11-10 13:03:00,2011,11,10,13
14906,2011-11-10 13:13:00,2011,11,10,13
14907,2011-11-10 13:14:00,2011,11,10,13
14908,2011-11-10 13:18:00,2011,11,10,13
14909,2011-11-10 13:28:00,2011,11,10,13
14910,2011-11-10 13:31:00,2011,11,10,13
14911,2011-11-10 13:34:00,2011,11,10,13
14912,2011-11-10 13:41:00,2011,11,10,13
14913,2011-11-10 13:44:00,2011,11,10,13
14914,2011-11-10 13:46:00,2011,11,10,13
14915,2011-11-10 13:49:00,2011,11,10,13
14916,2011-11-10 14:01:00,2011,11,10,14
14917,2011-11-10 14:07:00,2011,11,10,14
14918,2011-11-10 14:09:00,2011,11,10,14
14919,2011-11-10 14:16:00,2011,11,10,14
14920,2011-11-10 14:28:00,2011,11,10,14
14921,2011-11-10 14:29:00,2011,11,10,14
14922,2011-11-10 14:30:00,2011,11,10,14
14923,2011-11-10 14:31:00,2011,11,10,14
14924,2011-11-10 14:35:00,2011,11,10,14
14925,2011-11-10 14:38:00,2011,11,10,14
14926,2011-11-10 14:39:00,2011,11,10,14
14927,2011-11-10 14:59:00,2011,11,10,14
14928,2011-11-10 15:03:00,2011,11,10,15
14929,2011-11-10 15:04:00,2011,11,10,15
14930,2011-11-10 15:06:00,2011,11,10,15
14931,2011-11-10 15:07:00,2011,11,10,15
14932,2011-11-10 15:09:00,2011,11,10,15
14933,2011-11-10 15:23:00,2011,11,10,15
14934,2011-11-10 15:32:00,2011,11,10,15
14935,2011-11-10 15:37:00,2011,11,10,15
14936,2011-11-10 15:51:00,2011,11,10,15
14937,2011-11-10 15:57:00,2011,11,10,15
14938,2011-11-10 15:59:00,2011,11,10,15
14939,2011-11-10 16:03:00,2011,11,10,16
14940,2011-11-10 16:15:00,2011,11,10,16
14941,2011-11-10 16:16:00,2011,11,10,16
14942,2011-11-10 16:20:00,2011,11,10,16
14943,2011-11-10 16:21:00,2011,11,10,16
14944,2011-11-10 16:27:00,2011,11,10,16
14945,2011-11-10 16:36:00,2011,11,10,16
14946,2011-11-10 16:38:00,2011,11,10,16
14947,2011-11-10 16:39:00,2011,11,10,16
14948,2011-11-10 16:51:00,2011,11,10,16
14949,2011-11-10 16:58:00,2011,11,10,16
14950,2011-11-10 16:59:00,2011,11,10,16
14951,2011-11-10 17:06:00,2011,11,10,17
14952,2011-11-10 17:13:00,2011,11,10,17
14953,2011-11-10 17:16:00,2011,11,10,17
14954,2011-11-10 17:17:00,2011,11,10,17
14955,2011-11-10 17:27:00,2011,11,10,17
14956,2011-11-10 17:29:00,2011,11,10,17
14957,2011-11-10 17:45:00,2011,11,10,17
14958,2011-11-10 17:46:00,2011,11,10,17
14959,2011-11-10 17:49:00,2011,11,10,17
14960,2011-11-10 18:04:00,2011,11,10,18
14961,2011-11-10 18:33:00,2011,11,10,18
14962,2011-11-10 18:37:00,2011,11,10,18
14963,2011-11-10 18:46:00,2011,11,10,18
14964,2011-11-10 19:12:00,2011,11,10,19
14965,2011-11-10 19:32:00,2011,11,10,19
14966,2011-11-10 19:40:00,2011,11,10,19
14967,2011-11-10 19:49:00,2011,11,10,19
14968,2011-11-10 19:53:00,2011,11,10,19
14969,2011-11-10 20:01:00,2011,11,10,20
14970,2011-11-11 08:19:00,2011,11,11,8
14971,2011-11-11 08:33:00,2011,11,11,8
14972,2011-11-11 08:39:00,2011,11,11,8
14973,2011-11-11 08:46:00,2011,11,11,8
14974,2011-11-11 08:47:00,2011,11,11,8
14975,2011-11-11 08:59:00,2011,11,11,8
14976,2011-11-11 09:02:00,2011,11,11,9
14977,2011-11-11 09:25:00,2011,11,11,9
14978,2011-11-11 09:46:00,2011,11,11,9
14979,2011-11-11 10:01:00,2011,11,11,10
14980,2011-11-11 10:03:00,2011,11,11,10
14981,2011-11-11 10:14:00,2011,11,11,10
14982,2011-11-11 10:19:00,2011,11,11,10
14983,2011-11-11 10:29:00,2011,11,11,10
14984,2011-11-11 10:32:00,2011,11,11,10
14985,2011-11-11 10:41:00,2011,11,11,10
14986,2011-11-11 10:43:00,2011,11,11,10
14987,2011-11-11 10:45:00,2011,11,11,10
14988,2011-11-11 10:48:00,2011,11,11,10
14989,2011-11-11 10:49:00,2011,11,11,10
14990,2011-11-11 10:50:00,2011,11,11,10
14991,2011-11-11 11:02:00,2011,11,11,11
14992,2011-11-11 11:06:00,2011,11,11,11
14993,2011-11-11 11:11:00,2011,11,11,11
14994,2011-11-11 11:18:00,2011,11,11,11
14995,2011-11-11 11:34:00,2011,11,11,11
14996,2011-11-11 11:37:00,2011,11,11,11
14997,2011-11-11 11:38:00,2011,11,11,11
14998,2011-11-11 11:56:00,2011,11,11,11
14999,2011-11-11 12:01:00,2011,11,11,12
15000,2011-11-11 12:02:00,2011,11,11,12
15001,2011-11-11 12:07:00,2011,11,11,12
15002,2011-11-11 12:10:00,2011,11,11,12
15003,2011-11-11 12:11:00,2011,11,11,12
15004,2011-11-11 12:13:00,2011,11,11,12
15005,2011-11-11 12:17:00,2011,11,11,12
15006,2011-11-11 12:18:00,2011,11,11,12
15007,2011-11-11 12:20:00,2011,11,11,12
15008,2011-11-11 12:24:00,2011,11,11,12
15009,2011-11-11 12:28:00,2011,11,11,12
15010,2011-11-11 12:41:00,2011,11,11,12
15011,2011-11-11 12:44:00,2011,11,11,12
15012,2011-11-11 12:45:00,2011,11,11,12
15013,2011-11-11 12:46:00,2011,11,11,12
15014,2011-11-11 12:52:00,2011,11,11,12
15015,2011-11-11 12:53:00,2011,11,11,12
15016,2011-11-11 12:56:00,2011,11,11,12
15017,2011-11-11 13:20:00,2011,11,11,13
15018,2011-11-11 13:25:00,2011,11,11,13
15019,2011-11-11 13:29:00,2011,11,11,13
15020,2011-11-11 13:35:00,2011,11,11,13
15021,2011-11-11 13:40:00,2011,11,11,13
15022,2011-11-11 13:46:00,2011,11,11,13
15023,2011-11-11 13:57:00,2011,11,11,13
15024,2011-11-11 14:03:00,2011,11,11,14
15025,2011-11-11 14:04:00,2011,11,11,14
15026,2011-11-11 14:09:00,2011,11,11,14
15027,2011-11-11 14:12:00,2011,11,11,14
15028,2011-11-11 14:22:00,2011,11,11,14
15029,2011-11-11 14:23:00,2011,11,11,14
15030,2011-11-11 14:25:00,2011,11,11,14
15031,2011-11-11 14:50:00,2011,11,11,14
15032,2011-11-11 14:52:00,2011,11,11,14
15033,2011-11-11 14:53:00,2011,11,11,14
15034,2011-11-11 15:08:00,2011,11,11,15
15035,2011-11-11 15:13:00,2011,11,11,15
15036,2011-11-11 15:20:00,2011,11,11,15
15037,2011-11-11 15:24:00,2011,11,11,15
15038,2011-11-11 15:28:00,2011,11,11,15
15039,2011-11-11 15:49:00,2011,11,11,15
15040,2011-11-11 15:54:00,2011,11,11,15
15041,2011-11-11 16:05:00,2011,11,11,16
15042,2011-11-11 16:13:00,2011,11,11,16
15043,2011-11-11 16:31:00,2011,11,11,16
15044,2011-11-11 16:33:00,2011,11,11,16
15045,2011-11-11 16:49:00,2011,11,11,16
15046,2011-11-11 16:57:00,2011,11,11,16
15047,2011-11-11 16:58:00,2011,11,11,16
15048,2011-11-11 17:00:00,2011,11,11,17
15049,2011-11-11 17:01:00,2011,11,11,17
15050,2011-11-11 17:10:00,2011,11,11,17
15051,2011-11-11 17:11:00,2011,11,11,17
15052,2011-11-11 17:13:00,2011,11,11,17
15053,2011-11-11 17:23:00,2011,11,11,17
15054,2011-11-13 10:35:00,2011,11,13,10
15055,2011-11-13 10:41:00,2011,11,13,10
15056,2011-11-13 11:20:00,2011,11,13,11
15057,2011-11-13 11:21:00,2011,11,13,11
15058,2011-11-13 11:24:00,2011,11,13,11
15059,2011-11-13 11:30:00,2011,11,13,11
15060,2011-11-13 11:37:00,2011,11,13,11
15061,2011-11-13 11:39:00,2011,11,13,11
15062,2011-11-13 11:44:00,2011,11,13,11
15063,2011-11-13 11:46:00,2011,11,13,11
15064,2011-11-13 11:48:00,2011,11,13,11
15065,2011-11-13 11:50:00,2011,11,13,11
15066,2011-11-13 11:51:00,2011,11,13,11
15067,2011-11-13 11:53:00,2011,11,13,11
15068,2011-11-13 11:54:00,2011,11,13,11
15069,2011-11-13 11:55:00,2011,11,13,11
15070,2011-11-13 12:03:00,2011,11,13,12
15071,2011-11-13 12:05:00,2011,11,13,12
15072,2011-11-13 12:17:00,2011,11,13,12
15073,2011-11-13 12:19:00,2011,11,13,12
15074,2011-11-13 12:23:00,2011,11,13,12
15075,2011-11-13 12:27:00,2011,11,13,12
15076,2011-11-13 12:28:00,2011,11,13,12
15077,2011-11-13 12:29:00,2011,11,13,12
15078,2011-11-13 12:31:00,2011,11,13,12
15079,2011-11-13 12:32:00,2011,11,13,12
15080,2011-11-13 12:38:00,2011,11,13,12
15081,2011-11-13 12:40:00,2011,11,13,12
15082,2011-11-13 12:47:00,2011,11,13,12
15083,2011-11-13 12:50:00,2011,11,13,12
15084,2011-11-13 13:00:00,2011,11,13,13
15085,2011-11-13 13:01:00,2011,11,13,13
15086,2011-11-13 13:18:00,2011,11,13,13
15087,2011-11-13 13:26:00,2011,11,13,13
15088,2011-11-13 13:27:00,2011,11,13,13
15089,2011-11-13 13:30:00,2011,11,13,13
15090,2011-11-13 13:41:00,2011,11,13,13
15091,2011-11-13 13:42:00,2011,11,13,13
15092,2011-11-13 13:45:00,2011,11,13,13
15093,2011-11-13 13:50:00,2011,11,13,13
15094,2011-11-13 14:09:00,2011,11,13,14
15095,2011-11-13 14:11:00,2011,11,13,14
15096,2011-11-13 14:14:00,2011,11,13,14
15097,2011-11-13 14:18:00,2011,11,13,14
15098,2011-11-13 14:20:00,2011,11,13,14
15099,2011-11-13 14:29:00,2011,11,13,14
15100,2011-11-13 14:31:00,2011,11,13,14
15101,2011-11-13 14:34:00,2011,11,13,14
15102,2011-11-13 14:42:00,2011,11,13,14
15103,2011-11-13 14:44:00,2011,11,13,14
15104,2011-11-13 14:45:00,2011,11,13,14
15105,2011-11-13 14:48:00,2011,11,13,14
15106,2011-11-13 14:53:00,2011,11,13,14
15107,2011-11-13 14:55:00,2011,11,13,14
15108,2011-11-13 15:02:00,2011,11,13,15
15109,2011-11-13 15:04:00,2011,11,13,15
15110,2011-11-13 15:05:00,2011,11,13,15
15111,2011-11-13 15:06:00,2011,11,13,15
15112,2011-11-13 15:15:00,2011,11,13,15
15113,2011-11-13 15:19:00,2011,11,13,15
15114,2011-11-13 15:25:00,2011,11,13,15
15115,2011-11-13 15:29:00,2011,11,13,15
15116,2011-11-13 15:30:00,2011,11,13,15
15117,2011-11-13 15:37:00,2011,11,13,15
15118,2011-11-13 15:42:00,2011,11,13,15
15119,2011-11-13 15:44:00,2011,11,13,15
15120,2011-11-13 15:48:00,2011,11,13,15
15121,2011-11-13 15:52:00,2011,11,13,15
15122,2011-11-13 15:57:00,2011,11,13,15
15123,2011-11-13 15:58:00,2011,11,13,15
15124,2011-11-13 16:03:00,2011,11,13,16
15125,2011-11-13 16:13:00,2011,11,13,16
15126,2011-11-13 16:14:00,2011,11,13,16
15127,2011-11-13 16:16:00,2011,11,13,16
15128,2011-11-13 16:18:00,2011,11,13,16
15129,2011-11-13 16:22:00,2011,11,13,16
15130,2011-11-13 16:24:00,2011,11,13,16
15131,2011-11-14 08:10:00,2011,11,14,8
15132,2011-11-14 08:16:00,2011,11,14,8
15133,2011-11-14 08:22:00,2011,11,14,8
15134,2011-11-14 08:27:00,2011,11,14,8
15135,2011-11-14 08:28:00,2011,11,14,8
15136,2011-11-14 08:29:00,2011,11,14,8
15137,2011-11-14 08:31:00,2011,11,14,8
15138,2011-11-14 08:41:00,2011,11,14,8
15139,2011-11-14 08:56:00,2011,11,14,8
15140,2011-11-14 09:00:00,2011,11,14,9
15141,2011-11-14 09:05:00,2011,11,14,9
15142,2011-11-14 09:12:00,2011,11,14,9
15143,2011-11-14 09:13:00,2011,11,14,9
15144,2011-11-14 09:20:00,2011,11,14,9
15145,2011-11-14 09:21:00,2011,11,14,9
15146,2011-11-14 10:01:00,2011,11,14,10
15147,2011-11-14 10:28:00,2011,11,14,10
15148,2011-11-14 10:33:00,2011,11,14,10
15149,2011-11-14 10:34:00,2011,11,14,10
15150,2011-11-14 10:38:00,2011,11,14,10
15151,2011-11-14 10:45:00,2011,11,14,10
15152,2011-11-14 10:47:00,2011,11,14,10
15153,2011-11-14 10:49:00,2011,11,14,10
15154,2011-11-14 10:50:00,2011,11,14,10
15155,2011-11-14 11:00:00,2011,11,14,11
15156,2011-11-14 11:02:00,2011,11,14,11
15157,2011-11-14 11:04:00,2011,11,14,11
15158,2011-11-14 11:09:00,2011,11,14,11
15159,2011-11-14 11:11:00,2011,11,14,11
15160,2011-11-14 11:19:00,2011,11,14,11
15161,2011-11-14 11:21:00,2011,11,14,11
15162,2011-11-14 11:24:00,2011,11,14,11
15163,2011-11-14 11:25:00,2011,11,14,11
15164,2011-11-14 11:26:00,2011,11,14,11
15165,2011-11-14 11:33:00,2011,11,14,11
15166,2011-11-14 11:46:00,2011,11,14,11
15167,2011-11-14 11:54:00,2011,11,14,11
15168,2011-11-14 12:07:00,2011,11,14,12
15169,2011-11-14 12:12:00,2011,11,14,12
15170,2011-11-14 12:14:00,2011,11,14,12
15171,2011-11-14 12:18:00,2011,11,14,12
15172,2011-11-14 12:22:00,2011,11,14,12
15173,2011-11-14 12:45:00,2011,11,14,12
15174,2011-11-14 12:47:00,2011,11,14,12
15175,2011-11-14 12:49:00,2011,11,14,12
15176,2011-11-14 12:55:00,2011,11,14,12
15177,2011-11-14 12:56:00,2011,11,14,12
15178,2011-11-14 12:58:00,2011,11,14,12
15179,2011-11-14 13:00:00,2011,11,14,13
15180,2011-11-14 13:01:00,2011,11,14,13
15181,2011-11-14 13:02:00,2011,11,14,13
15182,2011-11-14 13:08:00,2011,11,14,13
15183,2011-11-14 13:10:00,2011,11,14,13
15184,2011-11-14 13:12:00,2011,11,14,13
15185,2011-11-14 13:31:00,2011,11,14,13
15186,2011-11-14 13:32:00,2011,11,14,13
15187,2011-11-14 13:33:00,2011,11,14,13
15188,2011-11-14 13:40:00,2011,11,14,13
15189,2011-11-14 13:42:00,2011,11,14,13
15190,2011-11-14 13:47:00,2011,11,14,13
15191,2011-11-14 13:51:00,2011,11,14,13
15192,2011-11-14 13:55:00,2011,11,14,13
15193,2011-11-14 13:57:00,2011,11,14,13
15194,2011-11-14 14:02:00,2011,11,14,14
15195,2011-11-14 14:09:00,2011,11,14,14
15196,2011-11-14 14:17:00,2011,11,14,14
15197,2011-11-14 14:18:00,2011,11,14,14
15198,2011-11-14 14:23:00,2011,11,14,14
15199,2011-11-14 14:24:00,2011,11,14,14
15200,2011-11-14 14:28:00,2011,11,14,14
15201,2011-11-14 14:39:00,2011,11,14,14
15202,2011-11-14 14:40:00,2011,11,14,14
15203,2011-11-14 14:51:00,2011,11,14,14
15204,2011-11-14 14:57:00,2011,11,14,14
15205,2011-11-14 14:59:00,2011,11,14,14
15206,2011-11-14 15:03:00,2011,11,14,15
15207,2011-11-14 15:10:00,2011,11,14,15
15208,2011-11-14 15:18:00,2011,11,14,15
15209,2011-11-14 15:19:00,2011,11,14,15
15210,2011-11-14 15:27:00,2011,11,14,15
15211,2011-11-14 15:37:00,2011,11,14,15
15212,2011-11-14 15:38:00,2011,11,14,15
15213,2011-11-14 15:41:00,2011,11,14,15
15214,2011-11-14 15:51:00,2011,11,14,15
15215,2011-11-14 16:17:00,2011,11,14,16
15216,2011-11-14 16:28:00,2011,11,14,16
15217,2011-11-14 16:30:00,2011,11,14,16
15218,2011-11-14 16:57:00,2011,11,14,16
15219,2011-11-14 16:58:00,2011,11,14,16
15220,2011-11-14 16:59:00,2011,11,14,16
15221,2011-11-14 17:10:00,2011,11,14,17
15222,2011-11-14 17:11:00,2011,11,14,17
15223,2011-11-14 17:40:00,2011,11,14,17
15224,2011-11-15 08:00:00,2011,11,15,8
15225,2011-11-15 08:07:00,2011,11,15,8
15226,2011-11-15 08:32:00,2011,11,15,8
15227,2011-11-15 08:43:00,2011,11,15,8
15228,2011-11-15 08:50:00,2011,11,15,8
15229,2011-11-15 09:11:00,2011,11,15,9
15230,2011-11-15 09:12:00,2011,11,15,9
15231,2011-11-15 09:15:00,2011,11,15,9
15232,2011-11-15 09:21:00,2011,11,15,9
15233,2011-11-15 09:23:00,2011,11,15,9
15234,2011-11-15 09:26:00,2011,11,15,9
15235,2011-11-15 09:30:00,2011,11,15,9
15236,2011-11-15 09:31:00,2011,11,15,9
15237,2011-11-15 09:32:00,2011,11,15,9
15238,2011-11-15 09:41:00,2011,11,15,9
15239,2011-11-15 09:42:00,2011,11,15,9
15240,2011-11-15 09:55:00,2011,11,15,9
15241,2011-11-15 10:00:00,2011,11,15,10
15242,2011-11-15 10:05:00,2011,11,15,10
15243,2011-11-15 10:13:00,2011,11,15,10
15244,2011-11-15 10:17:00,2011,11,15,10
15245,2011-11-15 10:32:00,2011,11,15,10
15246,2011-11-15 10:38:00,2011,11,15,10
15247,2011-11-15 10:41:00,2011,11,15,10
15248,2011-11-15 10:48:00,2011,11,15,10
15249,2011-11-15 10:50:00,2011,11,15,10
15250,2011-11-15 10:51:00,2011,11,15,10
15251,2011-11-15 10:56:00,2011,11,15,10
15252,2011-11-15 11:14:00,2011,11,15,11
15253,2011-11-15 11:17:00,2011,11,15,11
15254,2011-11-15 11:21:00,2011,11,15,11
15255,2011-11-15 11:30:00,2011,11,15,11
15256,2011-11-15 11:37:00,2011,11,15,11
15257,2011-11-15 11:56:00,2011,11,15,11
15258,2011-11-15 12:02:00,2011,11,15,12
15259,2011-11-15 12:05:00,2011,11,15,12
15260,2011-11-15 12:07:00,2011,11,15,12
15261,2011-11-15 12:09:00,2011,11,15,12
15262,2011-11-15 12:10:00,2011,11,15,12
15263,2011-11-15 12:13:00,2011,11,15,12
15264,2011-11-15 12:19:00,2011,11,15,12
15265,2011-11-15 12:25:00,2011,11,15,12
15266,2011-11-15 12:33:00,2011,11,15,12
15267,2011-11-15 12:34:00,2011,11,15,12
15268,2011-11-15 12:42:00,2011,11,15,12
15269,2011-11-15 12:43:00,2011,11,15,12
15270,2011-11-15 12:48:00,2011,11,15,12
15271,2011-11-15 12:50:00,2011,11,15,12
15272,2011-11-15 12:57:00,2011,11,15,12
15273,2011-11-15 13:01:00,2011,11,15,13
15274,2011-11-15 13:07:00,2011,11,15,13
15275,2011-11-15 13:19:00,2011,11,15,13
15276,2011-11-15 13:21:00,2011,11,15,13
15277,2011-11-15 13:24:00,2011,11,15,13
15278,2011-11-15 13:27:00,2011,11,15,13
15279,2011-11-15 13:32:00,2011,11,15,13
15280,2011-11-15 13:41:00,2011,11,15,13
15281,2011-11-15 13:42:00,2011,11,15,13
15282,2011-11-15 13:47:00,2011,11,15,13
15283,2011-11-15 13:48:00,2011,11,15,13
15284,2011-11-15 13:49:00,2011,11,15,13
15285,2011-11-15 13:52:00,2011,11,15,13
15286,2011-11-15 13:53:00,2011,11,15,13
15287,2011-11-15 13:55:00,2011,11,15,13
15288,2011-11-15 14:04:00,2011,11,15,14
15289,2011-11-15 14:15:00,2011,11,15,14
15290,2011-11-15 14:22:00,2011,11,15,14
15291,2011-11-15 14:23:00,2011,11,15,14
15292,2011-11-15 14:29:00,2011,11,15,14
15293,2011-11-15 14:30:00,2011,11,15,14
15294,2011-11-15 14:32:00,2011,11,15,14
15295,2011-11-15 14:47:00,2011,11,15,14
15296,2011-11-15 14:48:00,2011,11,15,14
15297,2011-11-15 14:56:00,2011,11,15,14
15298,2011-11-15 14:57:00,2011,11,15,14
15299,2011-11-15 15:05:00,2011,11,15,15
15300,2011-11-15 15:06:00,2011,11,15,15
15301,2011-11-15 15:08:00,2011,11,15,15
15302,2011-11-15 15:10:00,2011,11,15,15
15303,2011-11-15 15:20:00,2011,11,15,15
15304,2011-11-15 15:22:00,2011,11,15,15
15305,2011-11-15 15:23:00,2011,11,15,15
15306,2011-11-15 15:33:00,2011,11,15,15
15307,2011-11-15 15:42:00,2011,11,15,15
15308,2011-11-15 15:49:00,2011,11,15,15
15309,2011-11-15 16:08:00,2011,11,15,16
15310,2011-11-15 16:19:00,2011,11,15,16
15311,2011-11-15 16:29:00,2011,11,15,16
15312,2011-11-15 16:30:00,2011,11,15,16
15313,2011-11-15 16:34:00,2011,11,15,16
15314,2011-11-15 16:38:00,2011,11,15,16
15315,2011-11-15 16:42:00,2011,11,15,16
15316,2011-11-15 16:56:00,2011,11,15,16
15317,2011-11-15 17:11:00,2011,11,15,17
15318,2011-11-15 17:12:00,2011,11,15,17
15319,2011-11-15 17:14:00,2011,11,15,17
15320,2011-11-15 17:20:00,2011,11,15,17
15321,2011-11-15 17:26:00,2011,11,15,17
15322,2011-11-16 08:25:00,2011,11,16,8
15323,2011-11-16 08:28:00,2011,11,16,8
15324,2011-11-16 08:37:00,2011,11,16,8
15325,2011-11-16 08:38:00,2011,11,16,8
15326,2011-11-16 08:53:00,2011,11,16,8
15327,2011-11-16 09:27:00,2011,11,16,9
15328,2011-11-16 09:28:00,2011,11,16,9
15329,2011-11-16 09:32:00,2011,11,16,9
15330,2011-11-16 09:34:00,2011,11,16,9
15331,2011-11-16 09:35:00,2011,11,16,9
15332,2011-11-16 09:43:00,2011,11,16,9
15333,2011-11-16 09:44:00,2011,11,16,9
15334,2011-11-16 09:59:00,2011,11,16,9
15335,2011-11-16 10:14:00,2011,11,16,10
15336,2011-11-16 10:32:00,2011,11,16,10
15337,2011-11-16 10:34:00,2011,11,16,10
15338,2011-11-16 10:37:00,2011,11,16,10
15339,2011-11-16 10:39:00,2011,11,16,10
15340,2011-11-16 10:45:00,2011,11,16,10
15341,2011-11-16 10:55:00,2011,11,16,10
15342,2011-11-16 10:57:00,2011,11,16,10
15343,2011-11-16 11:03:00,2011,11,16,11
15344,2011-11-16 11:05:00,2011,11,16,11
15345,2011-11-16 11:09:00,2011,11,16,11
15346,2011-11-16 11:16:00,2011,11,16,11
15347,2011-11-16 11:17:00,2011,11,16,11
15348,2011-11-16 11:31:00,2011,11,16,11
15349,2011-11-16 11:41:00,2011,11,16,11
15350,2011-11-16 11:46:00,2011,11,16,11
15351,2011-11-16 11:47:00,2011,11,16,11
15352,2011-11-16 11:48:00,2011,11,16,11
15353,2011-11-16 11:49:00,2011,11,16,11
15354,2011-11-16 11:52:00,2011,11,16,11
15355,2011-11-16 11:55:00,2011,11,16,11
15356,2011-11-16 11:59:00,2011,11,16,11
15357,2011-11-16 12:03:00,2011,11,16,12
15358,2011-11-16 12:08:00,2011,11,16,12
15359,2011-11-16 12:13:00,2011,11,16,12
15360,2011-11-16 12:16:00,2011,11,16,12
15361,2011-11-16 12:18:00,2011,11,16,12
15362,2011-11-16 12:19:00,2011,11,16,12
15363,2011-11-16 12:21:00,2011,11,16,12
15364,2011-11-16 12:22:00,2011,11,16,12
15365,2011-11-16 12:25:00,2011,11,16,12
15366,2011-11-16 12:26:00,2011,11,16,12
15367,2011-11-16 12:29:00,2011,11,16,12
15368,2011-11-16 12:42:00,2011,11,16,12
15369,2011-11-16 12:51:00,2011,11,16,12
15370,2011-11-16 13:13:00,2011,11,16,13
15371,2011-11-16 13:14:00,2011,11,16,13
15372,2011-11-16 13:16:00,2011,11,16,13
15373,2011-11-16 13:19:00,2011,11,16,13
15374,2011-11-16 13:20:00,2011,11,16,13
15375,2011-11-16 13:21:00,2011,11,16,13
15376,2011-11-16 13:24:00,2011,11,16,13
15377,2011-11-16 13:25:00,2011,11,16,13
15378,2011-11-16 13:27:00,2011,11,16,13
15379,2011-11-16 13:33:00,2011,11,16,13
15380,2011-11-16 13:36:00,2011,11,16,13
15381,2011-11-16 13:38:00,2011,11,16,13
15382,2011-11-16 13:40:00,2011,11,16,13
15383,2011-11-16 13:53:00,2011,11,16,13
15384,2011-11-16 13:54:00,2011,11,16,13
15385,2011-11-16 13:56:00,2011,11,16,13
15386,2011-11-16 13:59:00,2011,11,16,13
15387,2011-11-16 14:11:00,2011,11,16,14
15388,2011-11-16 14:20:00,2011,11,16,14
15389,2011-11-16 14:26:00,2011,11,16,14
15390,2011-11-16 14:28:00,2011,11,16,14
15391,2011-11-16 14:54:00,2011,11,16,14
15392,2011-11-16 15:01:00,2011,11,16,15
15393,2011-11-16 15:08:00,2011,11,16,15
15394,2011-11-16 15:10:00,2011,11,16,15
15395,2011-11-16 15:14:00,2011,11,16,15
15396,2011-11-16 15:21:00,2011,11,16,15
15397,2011-11-16 15:26:00,2011,11,16,15
15398,2011-11-16 15:31:00,2011,11,16,15
15399,2011-11-16 15:33:00,2011,11,16,15
15400,2011-11-16 15:34:00,2011,11,16,15
15401,2011-11-16 15:35:00,2011,11,16,15
15402,2011-11-16 15:38:00,2011,11,16,15
15403,2011-11-16 15:39:00,2011,11,16,15
15404,2011-11-16 15:41:00,2011,11,16,15
15405,2011-11-16 15:45:00,2011,11,16,15
15406,2011-11-16 15:48:00,2011,11,16,15
15407,2011-11-16 15:49:00,2011,11,16,15
15408,2011-11-16 15:51:00,2011,11,16,15
15409,2011-11-16 15:52:00,2011,11,16,15
15410,2011-11-16 15:56:00,2011,11,16,15
15411,2011-11-16 15:58:00,2011,11,16,15
15412,2011-11-16 16:00:00,2011,11,16,16
15413,2011-11-16 16:06:00,2011,11,16,16
15414,2011-11-16 16:08:00,2011,11,16,16
15415,2011-11-16 16:18:00,2011,11,16,16
15416,2011-11-16 16:20:00,2011,11,16,16
15417,2011-11-16 16:26:00,2011,11,16,16
15418,2011-11-16 16:30:00,2011,11,16,16
15419,2011-11-16 16:32:00,2011,11,16,16
15420,2011-11-16 16:42:00,2011,11,16,16
15421,2011-11-16 16:43:00,2011,11,16,16
15422,2011-11-16 16:49:00,2011,11,16,16
15423,2011-11-16 16:52:00,2011,11,16,16
15424,2011-11-16 17:03:00,2011,11,16,17
15425,2011-11-16 17:10:00,2011,11,16,17
15426,2011-11-16 17:16:00,2011,11,16,17
15427,2011-11-16 17:24:00,2011,11,16,17
15428,2011-11-16 17:25:00,2011,11,16,17
15429,2011-11-16 17:26:00,2011,11,16,17
15430,2011-11-17 08:20:00,2011,11,17,8
15431,2011-11-17 08:29:00,2011,11,17,8
15432,2011-11-17 08:35:00,2011,11,17,8
15433,2011-11-17 08:40:00,2011,11,17,8
15434,2011-11-17 08:41:00,2011,11,17,8
15435,2011-11-17 08:49:00,2011,11,17,8
15436,2011-11-17 08:53:00,2011,11,17,8
15437,2011-11-17 08:54:00,2011,11,17,8
15438,2011-11-17 08:56:00,2011,11,17,8
15439,2011-11-17 09:25:00,2011,11,17,9
15440,2011-11-17 09:31:00,2011,11,17,9
15441,2011-11-17 09:33:00,2011,11,17,9
15442,2011-11-17 09:34:00,2011,11,17,9
15443,2011-11-17 09:49:00,2011,11,17,9
15444,2011-11-17 09:51:00,2011,11,17,9
15445,2011-11-17 10:01:00,2011,11,17,10
15446,2011-11-17 10:02:00,2011,11,17,10
15447,2011-11-17 10:09:00,2011,11,17,10
15448,2011-11-17 10:21:00,2011,11,17,10
15449,2011-11-17 10:24:00,2011,11,17,10
15450,2011-11-17 10:40:00,2011,11,17,10
15451,2011-11-17 10:49:00,2011,11,17,10
15452,2011-11-17 10:51:00,2011,11,17,10
15453,2011-11-17 10:52:00,2011,11,17,10
15454,2011-11-17 10:53:00,2011,11,17,10
15455,2011-11-17 10:59:00,2011,11,17,10
15456,2011-11-17 11:02:00,2011,11,17,11
15457,2011-11-17 11:04:00,2011,11,17,11
15458,2011-11-17 11:09:00,2011,11,17,11
15459,2011-11-17 11:10:00,2011,11,17,11
15460,2011-11-17 11:12:00,2011,11,17,11
15461,2011-11-17 11:29:00,2011,11,17,11
15462,2011-11-17 11:34:00,2011,11,17,11
15463,2011-11-17 11:45:00,2011,11,17,11
15464,2011-11-17 11:48:00,2011,11,17,11
15465,2011-11-17 11:51:00,2011,11,17,11
15466,2011-11-17 11:54:00,2011,11,17,11
15467,2011-11-17 11:59:00,2011,11,17,11
15468,2011-11-17 12:00:00,2011,11,17,12
15469,2011-11-17 12:02:00,2011,11,17,12
15470,2011-11-17 12:05:00,2011,11,17,12
15471,2011-11-17 12:11:00,2011,11,17,12
15472,2011-11-17 12:19:00,2011,11,17,12
15473,2011-11-17 12:21:00,2011,11,17,12
15474,2011-11-17 12:25:00,2011,11,17,12
15475,2011-11-17 12:30:00,2011,11,17,12
15476,2011-11-17 12:32:00,2011,11,17,12
15477,2011-11-17 12:39:00,2011,11,17,12
15478,2011-11-17 12:42:00,2011,11,17,12
15479,2011-11-17 12:43:00,2011,11,17,12
15480,2011-11-17 12:47:00,2011,11,17,12
15481,2011-11-17 12:54:00,2011,11,17,12
15482,2011-11-17 12:55:00,2011,11,17,12
15483,2011-11-17 12:56:00,2011,11,17,12
15484,2011-11-17 12:59:00,2011,11,17,12
15485,2011-11-17 13:00:00,2011,11,17,13
15486,2011-11-17 13:07:00,2011,11,17,13
15487,2011-11-17 13:16:00,2011,11,17,13
15488,2011-11-17 13:21:00,2011,11,17,13
15489,2011-11-17 13:30:00,2011,11,17,13
15490,2011-11-17 13:32:00,2011,11,17,13
15491,2011-11-17 13:38:00,2011,11,17,13
15492,2011-11-17 13:45:00,2011,11,17,13
15493,2011-11-17 13:46:00,2011,11,17,13
15494,2011-11-17 13:48:00,2011,11,17,13
15495,2011-11-17 13:50:00,2011,11,17,13
15496,2011-11-17 13:58:00,2011,11,17,13
15497,2011-11-17 13:59:00,2011,11,17,13
15498,2011-11-17 14:02:00,2011,11,17,14
15499,2011-11-17 14:08:00,2011,11,17,14
15500,2011-11-17 14:17:00,2011,11,17,14
15501,2011-11-17 14:19:00,2011,11,17,14
15502,2011-11-17 14:22:00,2011,11,17,14
15503,2011-11-17 14:24:00,2011,11,17,14
15504,2011-11-17 14:26:00,2011,11,17,14
15505,2011-11-17 14:29:00,2011,11,17,14
15506,2011-11-17 14:30:00,2011,11,17,14
15507,2011-11-17 14:36:00,2011,11,17,14
15508,2011-11-17 14:40:00,2011,11,17,14
15509,2011-11-17 14:41:00,2011,11,17,14
15510,2011-11-17 14:43:00,2011,11,17,14
15511,2011-11-17 14:46:00,2011,11,17,14
15512,2011-11-17 14:49:00,2011,11,17,14
15513,2011-11-17 14:50:00,2011,11,17,14
15514,2011-11-17 14:51:00,2011,11,17,14
15515,2011-11-17 14:56:00,2011,11,17,14
15516,2011-11-17 15:02:00,2011,11,17,15
15517,2011-11-17 15:04:00,2011,11,17,15
15518,2011-11-17 15:08:00,2011,11,17,15
15519,2011-11-17 15:16:00,2011,11,17,15
15520,2011-11-17 15:22:00,2011,11,17,15
15521,2011-11-17 15:24:00,2011,11,17,15
15522,2011-11-17 15:31:00,2011,11,17,15
15523,2011-11-17 15:34:00,2011,11,17,15
15524,2011-11-17 15:41:00,2011,11,17,15
15525,2011-11-17 15:47:00,2011,11,17,15
15526,2011-11-17 15:50:00,2011,11,17,15
15527,2011-11-17 15:55:00,2011,11,17,15
15528,2011-11-17 15:59:00,2011,11,17,15
15529,2011-11-17 16:02:00,2011,11,17,16
15530,2011-11-17 16:29:00,2011,11,17,16
15531,2011-11-17 16:35:00,2011,11,17,16
15532,2011-11-17 16:37:00,2011,11,17,16
15533,2011-11-17 16:39:00,2011,11,17,16
15534,2011-11-17 16:42:00,2011,11,17,16
15535,2011-11-17 16:43:00,2011,11,17,16
15536,2011-11-17 16:48:00,2011,11,17,16
15537,2011-11-17 16:51:00,2011,11,17,16
15538,2011-11-17 17:08:00,2011,11,17,17
15539,2011-11-17 17:13:00,2011,11,17,17
15540,2011-11-17 17:16:00,2011,11,17,17
15541,2011-11-17 17:18:00,2011,11,17,17
15542,2011-11-17 17:30:00,2011,11,17,17
15543,2011-11-17 17:34:00,2011,11,17,17
15544,2011-11-17 17:50:00,2011,11,17,17
15545,2011-11-17 17:53:00,2011,11,17,17
15546,2011-11-17 18:29:00,2011,11,17,18
15547,2011-11-17 18:43:00,2011,11,17,18
15548,2011-11-17 19:22:00,2011,11,17,19
15549,2011-11-17 19:27:00,2011,11,17,19
15550,2011-11-17 19:48:00,2011,11,17,19
15551,2011-11-17 19:52:00,2011,11,17,19
15552,2011-11-17 19:58:00,2011,11,17,19
15553,2011-11-18 08:21:00,2011,11,18,8
15554,2011-11-18 08:47:00,2011,11,18,8
15555,2011-11-18 08:56:00,2011,11,18,8
15556,2011-11-18 08:57:00,2011,11,18,8
15557,2011-11-18 08:59:00,2011,11,18,8
15558,2011-11-18 09:03:00,2011,11,18,9
15559,2011-11-18 09:04:00,2011,11,18,9
15560,2011-11-18 09:10:00,2011,11,18,9
15561,2011-11-18 09:11:00,2011,11,18,9
15562,2011-11-18 09:19:00,2011,11,18,9
15563,2011-11-18 09:31:00,2011,11,18,9
15564,2011-11-18 09:42:00,2011,11,18,9
15565,2011-11-18 09:43:00,2011,11,18,9
15566,2011-11-18 09:53:00,2011,11,18,9
15567,2011-11-18 09:56:00,2011,11,18,9
15568,2011-11-18 09:57:00,2011,11,18,9
15569,2011-11-18 09:58:00,2011,11,18,9
15570,2011-11-18 10:05:00,2011,11,18,10
15571,2011-11-18 10:18:00,2011,11,18,10
15572,2011-11-18 10:24:00,2011,11,18,10
15573,2011-11-18 10:27:00,2011,11,18,10
15574,2011-11-18 10:37:00,2011,11,18,10
15575,2011-11-18 10:41:00,2011,11,18,10
15576,2011-11-18 10:42:00,2011,11,18,10
15577,2011-11-18 10:46:00,2011,11,18,10
15578,2011-11-18 10:52:00,2011,11,18,10
15579,2011-11-18 10:56:00,2011,11,18,10
15580,2011-11-18 10:57:00,2011,11,18,10
15581,2011-11-18 10:58:00,2011,11,18,10
15582,2011-11-18 11:07:00,2011,11,18,11
15583,2011-11-18 11:10:00,2011,11,18,11
15584,2011-11-18 11:20:00,2011,11,18,11
15585,2011-11-18 11:27:00,2011,11,18,11
15586,2011-11-18 11:39:00,2011,11,18,11
15587,2011-11-18 11:47:00,2011,11,18,11
15588,2011-11-18 11:49:00,2011,11,18,11
15589,2011-11-18 11:53:00,2011,11,18,11
15590,2011-11-18 12:02:00,2011,11,18,12
15591,2011-11-18 12:07:00,2011,11,18,12
15592,2011-11-18 12:08:00,2011,11,18,12
15593,2011-11-18 12:09:00,2011,11,18,12
15594,2011-11-18 12:22:00,2011,11,18,12
15595,2011-11-18 12:25:00,2011,11,18,12
15596,2011-11-18 12:27:00,2011,11,18,12
15597,2011-11-18 12:39:00,2011,11,18,12
15598,2011-11-18 12:46:00,2011,11,18,12
15599,2011-11-18 12:47:00,2011,11,18,12
15600,2011-11-18 12:48:00,2011,11,18,12
15601,2011-11-18 12:49:00,2011,11,18,12
15602,2011-11-18 12:52:00,2011,11,18,12
15603,2011-11-18 12:53:00,2011,11,18,12
15604,2011-11-18 12:57:00,2011,11,18,12
15605,2011-11-18 13:02:00,2011,11,18,13
15606,2011-11-18 13:14:00,2011,11,18,13
15607,2011-11-18 13:15:00,2011,11,18,13
15608,2011-11-18 13:16:00,2011,11,18,13
15609,2011-11-18 13:18:00,2011,11,18,13
15610,2011-11-18 13:21:00,2011,11,18,13
15611,2011-11-18 13:23:00,2011,11,18,13
15612,2011-11-18 13:25:00,2011,11,18,13
15613,2011-11-18 13:30:00,2011,11,18,13
15614,2011-11-18 13:33:00,2011,11,18,13
15615,2011-11-18 13:42:00,2011,11,18,13
15616,2011-11-18 13:43:00,2011,11,18,13
15617,2011-11-18 13:44:00,2011,11,18,13
15618,2011-11-18 13:45:00,2011,11,18,13
15619,2011-11-18 14:01:00,2011,11,18,14
15620,2011-11-18 14:07:00,2011,11,18,14
15621,2011-11-18 14:08:00,2011,11,18,14
15622,2011-11-18 14:14:00,2011,11,18,14
15623,2011-11-18 14:15:00,2011,11,18,14
15624,2011-11-18 14:23:00,2011,11,18,14
15625,2011-11-18 14:25:00,2011,11,18,14
15626,2011-11-18 14:40:00,2011,11,18,14
15627,2011-11-18 14:42:00,2011,11,18,14
15628,2011-11-18 14:50:00,2011,11,18,14
15629,2011-11-18 14:51:00,2011,11,18,14
15630,2011-11-18 14:52:00,2011,11,18,14
15631,2011-11-18 15:00:00,2011,11,18,15
15632,2011-11-18 15:14:00,2011,11,18,15
15633,2011-11-18 15:27:00,2011,11,18,15
15634,2011-11-18 15:41:00,2011,11,18,15
15635,2011-11-18 15:53:00,2011,11,18,15
15636,2011-11-18 15:54:00,2011,11,18,15
15637,2011-11-18 16:07:00,2011,11,18,16
15638,2011-11-18 16:13:00,2011,11,18,16
15639,2011-11-18 16:19:00,2011,11,18,16
15640,2011-11-18 16:48:00,2011,11,18,16
15641,2011-11-18 16:55:00,2011,11,18,16
15642,2011-11-18 17:06:00,2011,11,18,17
15643,2011-11-18 17:11:00,2011,11,18,17
15644,2011-11-18 17:20:00,2011,11,18,17
15645,2011-11-20 10:11:00,2011,11,20,10
15646,2011-11-20 10:15:00,2011,11,20,10
15647,2011-11-20 10:16:00,2011,11,20,10
15648,2011-11-20 10:29:00,2011,11,20,10
15649,2011-11-20 10:36:00,2011,11,20,10
15650,2011-11-20 10:37:00,2011,11,20,10
15651,2011-11-20 10:51:00,2011,11,20,10
15652,2011-11-20 10:53:00,2011,11,20,10
15653,2011-11-20 10:59:00,2011,11,20,10
15654,2011-11-20 11:00:00,2011,11,20,11
15655,2011-11-20 11:06:00,2011,11,20,11
15656,2011-11-20 11:09:00,2011,11,20,11
15657,2011-11-20 11:11:00,2011,11,20,11
15658,2011-11-20 11:16:00,2011,11,20,11
15659,2011-11-20 11:25:00,2011,11,20,11
15660,2011-11-20 11:28:00,2011,11,20,11
15661,2011-11-20 11:30:00,2011,11,20,11
15662,2011-11-20 11:31:00,2011,11,20,11
15663,2011-11-20 11:32:00,2011,11,20,11
15664,2011-11-20 11:33:00,2011,11,20,11
15665,2011-11-20 11:34:00,2011,11,20,11
15666,2011-11-20 11:37:00,2011,11,20,11
15667,2011-11-20 11:43:00,2011,11,20,11
15668,2011-11-20 11:50:00,2011,11,20,11
15669,2011-11-20 11:52:00,2011,11,20,11
15670,2011-11-20 11:56:00,2011,11,20,11
15671,2011-11-20 12:00:00,2011,11,20,12
15672,2011-11-20 12:11:00,2011,11,20,12
15673,2011-11-20 12:12:00,2011,11,20,12
15674,2011-11-20 12:13:00,2011,11,20,12
15675,2011-11-20 12:17:00,2011,11,20,12
15676,2011-11-20 12:20:00,2011,11,20,12
15677,2011-11-20 12:22:00,2011,11,20,12
15678,2011-11-20 12:24:00,2011,11,20,12
15679,2011-11-20 12:30:00,2011,11,20,12
15680,2011-11-20 12:32:00,2011,11,20,12
15681,2011-11-20 12:34:00,2011,11,20,12
15682,2011-11-20 12:36:00,2011,11,20,12
15683,2011-11-20 12:37:00,2011,11,20,12
15684,2011-11-20 12:40:00,2011,11,20,12
15685,2011-11-20 12:42:00,2011,11,20,12
15686,2011-11-20 12:45:00,2011,11,20,12
15687,2011-11-20 12:46:00,2011,11,20,12
15688,2011-11-20 12:53:00,2011,11,20,12
15689,2011-11-20 12:55:00,2011,11,20,12
15690,2011-11-20 13:00:00,2011,11,20,13
15691,2011-11-20 13:02:00,2011,11,20,13
15692,2011-11-20 13:08:00,2011,11,20,13
15693,2011-11-20 13:16:00,2011,11,20,13
15694,2011-11-20 13:17:00,2011,11,20,13
15695,2011-11-20 13:20:00,2011,11,20,13
15696,2011-11-20 13:23:00,2011,11,20,13
15697,2011-11-20 13:33:00,2011,11,20,13
15698,2011-11-20 13:37:00,2011,11,20,13
15699,2011-11-20 13:39:00,2011,11,20,13
15700,2011-11-20 13:40:00,2011,11,20,13
15701,2011-11-20 13:45:00,2011,11,20,13
15702,2011-11-20 13:47:00,2011,11,20,13
15703,2011-11-20 13:48:00,2011,11,20,13
15704,2011-11-20 14:01:00,2011,11,20,14
15705,2011-11-20 14:04:00,2011,11,20,14
15706,2011-11-20 14:05:00,2011,11,20,14
15707,2011-11-20 14:07:00,2011,11,20,14
15708,2011-11-20 14:14:00,2011,11,20,14
15709,2011-11-20 14:17:00,2011,11,20,14
15710,2011-11-20 14:20:00,2011,11,20,14
15711,2011-11-20 14:24:00,2011,11,20,14
15712,2011-11-20 14:28:00,2011,11,20,14
15713,2011-11-20 14:31:00,2011,11,20,14
15714,2011-11-20 14:33:00,2011,11,20,14
15715,2011-11-20 14:40:00,2011,11,20,14
15716,2011-11-20 14:43:00,2011,11,20,14
15717,2011-11-20 14:45:00,2011,11,20,14
15718,2011-11-20 14:50:00,2011,11,20,14
15719,2011-11-20 15:00:00,2011,11,20,15
15720,2011-11-20 15:05:00,2011,11,20,15
15721,2011-11-20 15:21:00,2011,11,20,15
15722,2011-11-20 15:27:00,2011,11,20,15
15723,2011-11-20 15:30:00,2011,11,20,15
15724,2011-11-20 15:35:00,2011,11,20,15
15725,2011-11-20 15:36:00,2011,11,20,15
15726,2011-11-20 15:48:00,2011,11,20,15
15727,2011-11-20 15:52:00,2011,11,20,15
15728,2011-11-20 16:07:00,2011,11,20,16
15729,2011-11-20 16:12:00,2011,11,20,16
15730,2011-11-21 08:02:00,2011,11,21,8
15731,2011-11-21 08:19:00,2011,11,21,8
15732,2011-11-21 08:26:00,2011,11,21,8
15733,2011-11-21 08:28:00,2011,11,21,8
15734,2011-11-21 08:31:00,2011,11,21,8
15735,2011-11-21 08:37:00,2011,11,21,8
15736,2011-11-21 08:40:00,2011,11,21,8
15737,2011-11-21 08:57:00,2011,11,21,8
15738,2011-11-21 09:02:00,2011,11,21,9
15739,2011-11-21 09:11:00,2011,11,21,9
15740,2011-11-21 09:21:00,2011,11,21,9
15741,2011-11-21 09:51:00,2011,11,21,9
15742,2011-11-21 09:55:00,2011,11,21,9
15743,2011-11-21 10:02:00,2011,11,21,10
15744,2011-11-21 10:22:00,2011,11,21,10
15745,2011-11-21 10:23:00,2011,11,21,10
15746,2011-11-21 10:27:00,2011,11,21,10
15747,2011-11-21 10:35:00,2011,11,21,10
15748,2011-11-21 10:39:00,2011,11,21,10
15749,2011-11-21 10:48:00,2011,11,21,10
15750,2011-11-21 10:51:00,2011,11,21,10
15751,2011-11-21 11:16:00,2011,11,21,11
15752,2011-11-21 11:29:00,2011,11,21,11
15753,2011-11-21 11:34:00,2011,11,21,11
15754,2011-11-21 11:50:00,2011,11,21,11
15755,2011-11-21 11:55:00,2011,11,21,11
15756,2011-11-21 11:57:00,2011,11,21,11
15757,2011-11-21 12:02:00,2011,11,21,12
15758,2011-11-21 12:05:00,2011,11,21,12
15759,2011-11-21 12:06:00,2011,11,21,12
15760,2011-11-21 12:11:00,2011,11,21,12
15761,2011-11-21 12:17:00,2011,11,21,12
15762,2011-11-21 12:18:00,2011,11,21,12
15763,2011-11-21 12:19:00,2011,11,21,12
15764,2011-11-21 12:20:00,2011,11,21,12
15765,2011-11-21 12:21:00,2011,11,21,12
15766,2011-11-21 12:24:00,2011,11,21,12
15767,2011-11-21 12:36:00,2011,11,21,12
15768,2011-11-21 12:37:00,2011,11,21,12
15769,2011-11-21 12:38:00,2011,11,21,12
15770,2011-11-21 12:40:00,2011,11,21,12
15771,2011-11-21 12:43:00,2011,11,21,12
15772,2011-11-21 12:52:00,2011,11,21,12
15773,2011-11-21 12:53:00,2011,11,21,12
15774,2011-11-21 12:59:00,2011,11,21,12
15775,2011-11-21 13:09:00,2011,11,21,13
15776,2011-11-21 13:10:00,2011,11,21,13
15777,2011-11-21 13:14:00,2011,11,21,13
15778,2011-11-21 13:20:00,2011,11,21,13
15779,2011-11-21 13:35:00,2011,11,21,13
15780,2011-11-21 13:36:00,2011,11,21,13
15781,2011-11-21 13:40:00,2011,11,21,13
15782,2011-11-21 13:41:00,2011,11,21,13
15783,2011-11-21 13:44:00,2011,11,21,13
15784,2011-11-21 13:58:00,2011,11,21,13
15785,2011-11-21 14:06:00,2011,11,21,14
15786,2011-11-21 14:17:00,2011,11,21,14
15787,2011-11-21 14:21:00,2011,11,21,14
15788,2011-11-21 14:24:00,2011,11,21,14
15789,2011-11-21 14:26:00,2011,11,21,14
15790,2011-11-21 14:34:00,2011,11,21,14
15791,2011-11-21 14:47:00,2011,11,21,14
15792,2011-11-21 14:49:00,2011,11,21,14
15793,2011-11-21 14:59:00,2011,11,21,14
15794,2011-11-21 15:10:00,2011,11,21,15
15795,2011-11-21 15:27:00,2011,11,21,15
15796,2011-11-21 15:33:00,2011,11,21,15
15797,2011-11-21 15:42:00,2011,11,21,15
15798,2011-11-21 15:53:00,2011,11,21,15
15799,2011-11-21 15:57:00,2011,11,21,15
15800,2011-11-21 16:02:00,2011,11,21,16
15801,2011-11-21 16:10:00,2011,11,21,16
15802,2011-11-21 16:17:00,2011,11,21,16
15803,2011-11-21 16:20:00,2011,11,21,16
15804,2011-11-21 16:24:00,2011,11,21,16
15805,2011-11-21 16:25:00,2011,11,21,16
15806,2011-11-21 16:35:00,2011,11,21,16
15807,2011-11-21 16:36:00,2011,11,21,16
15808,2011-11-21 16:40:00,2011,11,21,16
15809,2011-11-21 16:48:00,2011,11,21,16
15810,2011-11-21 16:50:00,2011,11,21,16
15811,2011-11-21 16:53:00,2011,11,21,16
15812,2011-11-21 16:54:00,2011,11,21,16
15813,2011-11-21 17:00:00,2011,11,21,17
15814,2011-11-21 17:04:00,2011,11,21,17
15815,2011-11-21 17:10:00,2011,11,21,17
15816,2011-11-21 17:33:00,2011,11,21,17
15817,2011-11-22 08:19:00,2011,11,22,8
15818,2011-11-22 08:20:00,2011,11,22,8
15819,2011-11-22 08:26:00,2011,11,22,8
15820,2011-11-22 08:28:00,2011,11,22,8
15821,2011-11-22 08:34:00,2011,11,22,8
15822,2011-11-22 08:44:00,2011,11,22,8
15823,2011-11-22 08:54:00,2011,11,22,8
15824,2011-11-22 08:56:00,2011,11,22,8
15825,2011-11-22 09:06:00,2011,11,22,9
15826,2011-11-22 09:16:00,2011,11,22,9
15827,2011-11-22 09:17:00,2011,11,22,9
15828,2011-11-22 09:18:00,2011,11,22,9
15829,2011-11-22 09:24:00,2011,11,22,9
15830,2011-11-22 09:34:00,2011,11,22,9
15831,2011-11-22 09:40:00,2011,11,22,9
15832,2011-11-22 09:42:00,2011,11,22,9
15833,2011-11-22 09:43:00,2011,11,22,9
15834,2011-11-22 09:53:00,2011,11,22,9
15835,2011-11-22 10:12:00,2011,11,22,10
15836,2011-11-22 10:17:00,2011,11,22,10
15837,2011-11-22 10:20:00,2011,11,22,10
15838,2011-11-22 10:21:00,2011,11,22,10
15839,2011-11-22 10:24:00,2011,11,22,10
15840,2011-11-22 10:30:00,2011,11,22,10
15841,2011-11-22 10:32:00,2011,11,22,10
15842,2011-11-22 10:34:00,2011,11,22,10
15843,2011-11-22 10:35:00,2011,11,22,10
15844,2011-11-22 10:39:00,2011,11,22,10
15845,2011-11-22 10:44:00,2011,11,22,10
15846,2011-11-22 10:59:00,2011,11,22,10
15847,2011-11-22 11:04:00,2011,11,22,11
15848,2011-11-22 11:08:00,2011,11,22,11
15849,2011-11-22 11:13:00,2011,11,22,11
15850,2011-11-22 11:14:00,2011,11,22,11
15851,2011-11-22 11:18:00,2011,11,22,11
15852,2011-11-22 11:19:00,2011,11,22,11
15853,2011-11-22 11:21:00,2011,11,22,11
15854,2011-11-22 11:24:00,2011,11,22,11
15855,2011-11-22 11:25:00,2011,11,22,11
15856,2011-11-22 11:28:00,2011,11,22,11
15857,2011-11-22 11:34:00,2011,11,22,11
15858,2011-11-22 11:37:00,2011,11,22,11
15859,2011-11-22 11:47:00,2011,11,22,11
15860,2011-11-22 11:48:00,2011,11,22,11
15861,2011-11-22 11:51:00,2011,11,22,11
15862,2011-11-22 11:58:00,2011,11,22,11
15863,2011-11-22 12:07:00,2011,11,22,12
15864,2011-11-22 12:09:00,2011,11,22,12
15865,2011-11-22 12:13:00,2011,11,22,12
15866,2011-11-22 12:24:00,2011,11,22,12
15867,2011-11-22 12:25:00,2011,11,22,12
15868,2011-11-22 12:38:00,2011,11,22,12
15869,2011-11-22 12:39:00,2011,11,22,12
15870,2011-11-22 12:40:00,2011,11,22,12
15871,2011-11-22 12:47:00,2011,11,22,12
15872,2011-11-22 12:48:00,2011,11,22,12
15873,2011-11-22 12:50:00,2011,11,22,12
15874,2011-11-22 12:52:00,2011,11,22,12
15875,2011-11-22 12:54:00,2011,11,22,12
15876,2011-11-22 12:55:00,2011,11,22,12
15877,2011-11-22 12:58:00,2011,11,22,12
15878,2011-11-22 13:02:00,2011,11,22,13
15879,2011-11-22 13:07:00,2011,11,22,13
15880,2011-11-22 13:08:00,2011,11,22,13
15881,2011-11-22 13:11:00,2011,11,22,13
15882,2011-11-22 13:20:00,2011,11,22,13
15883,2011-11-22 13:22:00,2011,11,22,13
15884,2011-11-22 13:25:00,2011,11,22,13
15885,2011-11-22 13:27:00,2011,11,22,13
15886,2011-11-22 13:28:00,2011,11,22,13
15887,2011-11-22 13:29:00,2011,11,22,13
15888,2011-11-22 13:30:00,2011,11,22,13
15889,2011-11-22 13:33:00,2011,11,22,13
15890,2011-11-22 13:40:00,2011,11,22,13
15891,2011-11-22 13:41:00,2011,11,22,13
15892,2011-11-22 13:42:00,2011,11,22,13
15893,2011-11-22 13:47:00,2011,11,22,13
15894,2011-11-22 14:00:00,2011,11,22,14
15895,2011-11-22 14:04:00,2011,11,22,14
15896,2011-11-22 14:10:00,2011,11,22,14
15897,2011-11-22 14:21:00,2011,11,22,14
15898,2011-11-22 14:23:00,2011,11,22,14
15899,2011-11-22 14:25:00,2011,11,22,14
15900,2011-11-22 14:39:00,2011,11,22,14
15901,2011-11-22 14:41:00,2011,11,22,14
15902,2011-11-22 14:43:00,2011,11,22,14
15903,2011-11-22 14:59:00,2011,11,22,14
15904,2011-11-22 15:00:00,2011,11,22,15
15905,2011-11-22 15:04:00,2011,11,22,15
15906,2011-11-22 15:05:00,2011,11,22,15
15907,2011-11-22 15:07:00,2011,11,22,15
15908,2011-11-22 15:15:00,2011,11,22,15
15909,2011-11-22 15:22:00,2011,11,22,15
15910,2011-11-22 15:36:00,2011,11,22,15
15911,2011-11-22 15:37:00,2011,11,22,15
15912,2011-11-22 15:45:00,2011,11,22,15
15913,2011-11-22 15:49:00,2011,11,22,15
15914,2011-11-22 15:50:00,2011,11,22,15
15915,2011-11-22 15:52:00,2011,11,22,15
15916,2011-11-22 16:02:00,2011,11,22,16
15917,2011-11-22 16:06:00,2011,11,22,16
15918,2011-11-22 16:11:00,2011,11,22,16
15919,2011-11-22 16:24:00,2011,11,22,16
15920,2011-11-22 16:26:00,2011,11,22,16
15921,2011-11-22 16:28:00,2011,11,22,16
15922,2011-11-22 16:31:00,2011,11,22,16
15923,2011-11-22 16:33:00,2011,11,22,16
15924,2011-11-22 16:34:00,2011,11,22,16
15925,2011-11-22 16:39:00,2011,11,22,16
15926,2011-11-22 16:43:00,2011,11,22,16
15927,2011-11-22 16:44:00,2011,11,22,16
15928,2011-11-22 16:47:00,2011,11,22,16
15929,2011-11-22 17:02:00,2011,11,22,17
15930,2011-11-22 17:15:00,2011,11,22,17
15931,2011-11-22 17:19:00,2011,11,22,17
15932,2011-11-22 17:21:00,2011,11,22,17
15933,2011-11-22 17:23:00,2011,11,22,17
15934,2011-11-22 17:26:00,2011,11,22,17
15935,2011-11-22 17:32:00,2011,11,22,17
15936,2011-11-23 08:05:00,2011,11,23,8
15937,2011-11-23 08:17:00,2011,11,23,8
15938,2011-11-23 08:39:00,2011,11,23,8
15939,2011-11-23 08:42:00,2011,11,23,8
15940,2011-11-23 08:43:00,2011,11,23,8
15941,2011-11-23 08:47:00,2011,11,23,8
15942,2011-11-23 09:02:00,2011,11,23,9
15943,2011-11-23 09:09:00,2011,11,23,9
15944,2011-11-23 09:20:00,2011,11,23,9
15945,2011-11-23 09:22:00,2011,11,23,9
15946,2011-11-23 09:28:00,2011,11,23,9
15947,2011-11-23 09:34:00,2011,11,23,9
15948,2011-11-23 09:35:00,2011,11,23,9
15949,2011-11-23 09:41:00,2011,11,23,9
15950,2011-11-23 09:44:00,2011,11,23,9
15951,2011-11-23 09:51:00,2011,11,23,9
15952,2011-11-23 10:01:00,2011,11,23,10
15953,2011-11-23 10:08:00,2011,11,23,10
15954,2011-11-23 10:09:00,2011,11,23,10
15955,2011-11-23 10:21:00,2011,11,23,10
15956,2011-11-23 10:23:00,2011,11,23,10
15957,2011-11-23 10:28:00,2011,11,23,10
15958,2011-11-23 10:31:00,2011,11,23,10
15959,2011-11-23 10:32:00,2011,11,23,10
15960,2011-11-23 10:36:00,2011,11,23,10
15961,2011-11-23 10:38:00,2011,11,23,10
15962,2011-11-23 10:39:00,2011,11,23,10
15963,2011-11-23 10:44:00,2011,11,23,10
15964,2011-11-23 10:55:00,2011,11,23,10
15965,2011-11-23 10:58:00,2011,11,23,10
15966,2011-11-23 11:04:00,2011,11,23,11
15967,2011-11-23 11:06:00,2011,11,23,11
15968,2011-11-23 11:07:00,2011,11,23,11
15969,2011-11-23 11:09:00,2011,11,23,11
15970,2011-11-23 11:18:00,2011,11,23,11
15971,2011-11-23 11:21:00,2011,11,23,11
15972,2011-11-23 11:22:00,2011,11,23,11
15973,2011-11-23 11:30:00,2011,11,23,11
15974,2011-11-23 11:32:00,2011,11,23,11
15975,2011-11-23 11:36:00,2011,11,23,11
15976,2011-11-23 11:37:00,2011,11,23,11
15977,2011-11-23 11:40:00,2011,11,23,11
15978,2011-11-23 11:42:00,2011,11,23,11
15979,2011-11-23 11:43:00,2011,11,23,11
15980,2011-11-23 11:47:00,2011,11,23,11
15981,2011-11-23 11:49:00,2011,11,23,11
15982,2011-11-23 11:51:00,2011,11,23,11
15983,2011-11-23 11:54:00,2011,11,23,11
15984,2011-11-23 11:58:00,2011,11,23,11
15985,2011-11-23 12:05:00,2011,11,23,12
15986,2011-11-23 12:13:00,2011,11,23,12
15987,2011-11-23 12:20:00,2011,11,23,12
15988,2011-11-23 12:22:00,2011,11,23,12
15989,2011-11-23 12:33:00,2011,11,23,12
15990,2011-11-23 12:36:00,2011,11,23,12
15991,2011-11-23 12:38:00,2011,11,23,12
15992,2011-11-23 12:39:00,2011,11,23,12
15993,2011-11-23 12:40:00,2011,11,23,12
15994,2011-11-23 12:42:00,2011,11,23,12
15995,2011-11-23 12:43:00,2011,11,23,12
15996,2011-11-23 12:45:00,2011,11,23,12
15997,2011-11-23 12:48:00,2011,11,23,12
15998,2011-11-23 12:51:00,2011,11,23,12
15999,2011-11-23 12:52:00,2011,11,23,12
16000,2011-11-23 12:58:00,2011,11,23,12
16001,2011-11-23 12:59:00,2011,11,23,12
16002,2011-11-23 13:01:00,2011,11,23,13
16003,2011-11-23 13:15:00,2011,11,23,13
16004,2011-11-23 13:24:00,2011,11,23,13
16005,2011-11-23 13:27:00,2011,11,23,13
16006,2011-11-23 13:28:00,2011,11,23,13
16007,2011-11-23 13:34:00,2011,11,23,13
16008,2011-11-23 13:37:00,2011,11,23,13
16009,2011-11-23 13:39:00,2011,11,23,13
16010,2011-11-23 13:40:00,2011,11,23,13
16011,2011-11-23 13:41:00,2011,11,23,13
16012,2011-11-23 13:46:00,2011,11,23,13
16013,2011-11-23 13:51:00,2011,11,23,13
16014,2011-11-23 13:53:00,2011,11,23,13
16015,2011-11-23 13:54:00,2011,11,23,13
16016,2011-11-23 13:56:00,2011,11,23,13
16017,2011-11-23 13:57:00,2011,11,23,13
16018,2011-11-23 14:01:00,2011,11,23,14
16019,2011-11-23 14:05:00,2011,11,23,14
16020,2011-11-23 14:07:00,2011,11,23,14
16021,2011-11-23 14:18:00,2011,11,23,14
16022,2011-11-23 14:35:00,2011,11,23,14
16023,2011-11-23 14:36:00,2011,11,23,14
16024,2011-11-23 14:37:00,2011,11,23,14
16025,2011-11-23 14:39:00,2011,11,23,14
16026,2011-11-23 14:51:00,2011,11,23,14
16027,2011-11-23 14:52:00,2011,11,23,14
16028,2011-11-23 14:53:00,2011,11,23,14
16029,2011-11-23 15:02:00,2011,11,23,15
16030,2011-11-23 15:14:00,2011,11,23,15
16031,2011-11-23 15:23:00,2011,11,23,15
16032,2011-11-23 15:39:00,2011,11,23,15
16033,2011-11-23 15:41:00,2011,11,23,15
16034,2011-11-23 15:44:00,2011,11,23,15
16035,2011-11-23 15:46:00,2011,11,23,15
16036,2011-11-23 15:53:00,2011,11,23,15
16037,2011-11-23 16:09:00,2011,11,23,16
16038,2011-11-23 16:20:00,2011,11,23,16
16039,2011-11-23 16:22:00,2011,11,23,16
16040,2011-11-23 16:24:00,2011,11,23,16
16041,2011-11-23 16:33:00,2011,11,23,16
16042,2011-11-23 16:34:00,2011,11,23,16
16043,2011-11-23 16:43:00,2011,11,23,16
16044,2011-11-23 16:47:00,2011,11,23,16
16045,2011-11-23 16:48:00,2011,11,23,16
16046,2011-11-23 16:59:00,2011,11,23,16
16047,2011-11-23 17:10:00,2011,11,23,17
16048,2011-11-23 17:19:00,2011,11,23,17
16049,2011-11-23 17:32:00,2011,11,23,17
16050,2011-11-23 17:43:00,2011,11,23,17
16051,2011-11-23 17:45:00,2011,11,23,17
16052,2011-11-24 08:28:00,2011,11,24,8
16053,2011-11-24 08:44:00,2011,11,24,8
16054,2011-11-24 08:50:00,2011,11,24,8
16055,2011-11-24 08:53:00,2011,11,24,8
16056,2011-11-24 09:06:00,2011,11,24,9
16057,2011-11-24 09:07:00,2011,11,24,9
16058,2011-11-24 09:13:00,2011,11,24,9
16059,2011-11-24 09:21:00,2011,11,24,9
16060,2011-11-24 09:23:00,2011,11,24,9
16061,2011-11-24 09:24:00,2011,11,24,9
16062,2011-11-24 09:34:00,2011,11,24,9
16063,2011-11-24 09:50:00,2011,11,24,9
16064,2011-11-24 09:51:00,2011,11,24,9
16065,2011-11-24 09:59:00,2011,11,24,9
16066,2011-11-24 10:02:00,2011,11,24,10
16067,2011-11-24 10:07:00,2011,11,24,10
16068,2011-11-24 10:12:00,2011,11,24,10
16069,2011-11-24 10:14:00,2011,11,24,10
16070,2011-11-24 10:24:00,2011,11,24,10
16071,2011-11-24 10:35:00,2011,11,24,10
16072,2011-11-24 10:38:00,2011,11,24,10
16073,2011-11-24 10:39:00,2011,11,24,10
16074,2011-11-24 10:42:00,2011,11,24,10
16075,2011-11-24 10:46:00,2011,11,24,10
16076,2011-11-24 10:53:00,2011,11,24,10
16077,2011-11-24 11:10:00,2011,11,24,11
16078,2011-11-24 11:11:00,2011,11,24,11
16079,2011-11-24 11:17:00,2011,11,24,11
16080,2011-11-24 11:19:00,2011,11,24,11
16081,2011-11-24 11:41:00,2011,11,24,11
16082,2011-11-24 11:47:00,2011,11,24,11
16083,2011-11-24 11:52:00,2011,11,24,11
16084,2011-11-24 11:57:00,2011,11,24,11
16085,2011-11-24 12:01:00,2011,11,24,12
16086,2011-11-24 12:11:00,2011,11,24,12
16087,2011-11-24 12:12:00,2011,11,24,12
16088,2011-11-24 12:21:00,2011,11,24,12
16089,2011-11-24 12:24:00,2011,11,24,12
16090,2011-11-24 12:25:00,2011,11,24,12
16091,2011-11-24 12:27:00,2011,11,24,12
16092,2011-11-24 12:30:00,2011,11,24,12
16093,2011-11-24 12:33:00,2011,11,24,12
16094,2011-11-24 12:36:00,2011,11,24,12
16095,2011-11-24 12:38:00,2011,11,24,12
16096,2011-11-24 12:40:00,2011,11,24,12
16097,2011-11-24 12:48:00,2011,11,24,12
16098,2011-11-24 12:52:00,2011,11,24,12
16099,2011-11-24 12:53:00,2011,11,24,12
16100,2011-11-24 13:01:00,2011,11,24,13
16101,2011-11-24 13:06:00,2011,11,24,13
16102,2011-11-24 13:17:00,2011,11,24,13
16103,2011-11-24 13:25:00,2011,11,24,13
16104,2011-11-24 13:27:00,2011,11,24,13
16105,2011-11-24 13:28:00,2011,11,24,13
16106,2011-11-24 13:32:00,2011,11,24,13
16107,2011-11-24 13:40:00,2011,11,24,13
16108,2011-11-24 13:53:00,2011,11,24,13
16109,2011-11-24 13:54:00,2011,11,24,13
16110,2011-11-24 13:56:00,2011,11,24,13
16111,2011-11-24 13:57:00,2011,11,24,13
16112,2011-11-24 14:06:00,2011,11,24,14
16113,2011-11-24 14:09:00,2011,11,24,14
16114,2011-11-24 14:10:00,2011,11,24,14
16115,2011-11-24 14:22:00,2011,11,24,14
16116,2011-11-24 14:37:00,2011,11,24,14
16117,2011-11-24 14:40:00,2011,11,24,14
16118,2011-11-24 14:42:00,2011,11,24,14
16119,2011-11-24 14:51:00,2011,11,24,14
16120,2011-11-24 14:52:00,2011,11,24,14
16121,2011-11-24 15:01:00,2011,11,24,15
16122,2011-11-24 15:02:00,2011,11,24,15
16123,2011-11-24 15:03:00,2011,11,24,15
16124,2011-11-24 15:05:00,2011,11,24,15
16125,2011-11-24 15:21:00,2011,11,24,15
16126,2011-11-24 15:26:00,2011,11,24,15
16127,2011-11-24 15:28:00,2011,11,24,15
16128,2011-11-24 15:32:00,2011,11,24,15
16129,2011-11-24 15:38:00,2011,11,24,15
16130,2011-11-24 15:41:00,2011,11,24,15
16131,2011-11-24 16:06:00,2011,11,24,16
16132,2011-11-24 16:20:00,2011,11,24,16
16133,2011-11-24 16:31:00,2011,11,24,16
16134,2011-11-24 16:34:00,2011,11,24,16
16135,2011-11-24 16:40:00,2011,11,24,16
16136,2011-11-24 16:46:00,2011,11,24,16
16137,2011-11-24 16:51:00,2011,11,24,16
16138,2011-11-24 16:54:00,2011,11,24,16
16139,2011-11-24 16:59:00,2011,11,24,16
16140,2011-11-24 17:02:00,2011,11,24,17
16141,2011-11-24 17:06:00,2011,11,24,17
16142,2011-11-24 17:10:00,2011,11,24,17
16143,2011-11-24 17:11:00,2011,11,24,17
16144,2011-11-24 17:29:00,2011,11,24,17
16145,2011-11-24 17:32:00,2011,11,24,17
16146,2011-11-24 17:43:00,2011,11,24,17
16147,2011-11-24 18:05:00,2011,11,24,18
16148,2011-11-24 18:13:00,2011,11,24,18
16149,2011-11-24 19:07:00,2011,11,24,19
16150,2011-11-24 19:30:00,2011,11,24,19
16151,2011-11-24 19:59:00,2011,11,24,19
16152,2011-11-25 08:12:00,2011,11,25,8
16153,2011-11-25 08:23:00,2011,11,25,8
16154,2011-11-25 08:41:00,2011,11,25,8
16155,2011-11-25 08:55:00,2011,11,25,8
16156,2011-11-25 08:59:00,2011,11,25,8
16157,2011-11-25 09:07:00,2011,11,25,9
16158,2011-11-25 09:18:00,2011,11,25,9
16159,2011-11-25 09:23:00,2011,11,25,9
16160,2011-11-25 09:27:00,2011,11,25,9
16161,2011-11-25 09:31:00,2011,11,25,9
16162,2011-11-25 09:36:00,2011,11,25,9
16163,2011-11-25 09:40:00,2011,11,25,9
16164,2011-11-25 09:42:00,2011,11,25,9
16165,2011-11-25 10:02:00,2011,11,25,10
16166,2011-11-25 10:03:00,2011,11,25,10
16167,2011-11-25 10:20:00,2011,11,25,10
16168,2011-11-25 10:22:00,2011,11,25,10
16169,2011-11-25 10:52:00,2011,11,25,10
16170,2011-11-25 10:58:00,2011,11,25,10
16171,2011-11-25 11:02:00,2011,11,25,11
16172,2011-11-25 11:12:00,2011,11,25,11
16173,2011-11-25 11:20:00,2011,11,25,11
16174,2011-11-25 11:21:00,2011,11,25,11
16175,2011-11-25 11:25:00,2011,11,25,11
16176,2011-11-25 11:33:00,2011,11,25,11
16177,2011-11-25 11:36:00,2011,11,25,11
16178,2011-11-25 11:41:00,2011,11,25,11
16179,2011-11-25 11:54:00,2011,11,25,11
16180,2011-11-25 11:55:00,2011,11,25,11
16181,2011-11-25 11:58:00,2011,11,25,11
16182,2011-11-25 12:01:00,2011,11,25,12
16183,2011-11-25 12:02:00,2011,11,25,12
16184,2011-11-25 12:10:00,2011,11,25,12
16185,2011-11-25 12:17:00,2011,11,25,12
16186,2011-11-25 12:20:00,2011,11,25,12
16187,2011-11-25 12:21:00,2011,11,25,12
16188,2011-11-25 12:24:00,2011,11,25,12
16189,2011-11-25 12:29:00,2011,11,25,12
16190,2011-11-25 12:52:00,2011,11,25,12
16191,2011-11-25 12:57:00,2011,11,25,12
16192,2011-11-25 13:09:00,2011,11,25,13
16193,2011-11-25 13:10:00,2011,11,25,13
16194,2011-11-25 13:23:00,2011,11,25,13
16195,2011-11-25 13:27:00,2011,11,25,13
16196,2011-11-25 13:28:00,2011,11,25,13
16197,2011-11-25 13:30:00,2011,11,25,13
16198,2011-11-25 13:33:00,2011,11,25,13
16199,2011-11-25 13:40:00,2011,11,25,13
16200,2011-11-25 13:42:00,2011,11,25,13
16201,2011-11-25 13:44:00,2011,11,25,13
16202,2011-11-25 13:45:00,2011,11,25,13
16203,2011-11-25 13:47:00,2011,11,25,13
16204,2011-11-25 13:52:00,2011,11,25,13
16205,2011-11-25 13:58:00,2011,11,25,13
16206,2011-11-25 13:59:00,2011,11,25,13
16207,2011-11-25 14:00:00,2011,11,25,14
16208,2011-11-25 14:02:00,2011,11,25,14
16209,2011-11-25 14:21:00,2011,11,25,14
16210,2011-11-25 14:24:00,2011,11,25,14
16211,2011-11-25 14:53:00,2011,11,25,14
16212,2011-11-25 14:58:00,2011,11,25,14
16213,2011-11-25 15:15:00,2011,11,25,15
16214,2011-11-25 15:32:00,2011,11,25,15
16215,2011-11-25 15:44:00,2011,11,25,15
16216,2011-11-25 15:47:00,2011,11,25,15
16217,2011-11-25 16:13:00,2011,11,25,16
16218,2011-11-25 17:27:00,2011,11,25,17
16219,2011-11-27 10:34:00,2011,11,27,10
16220,2011-11-27 10:39:00,2011,11,27,10
16221,2011-11-27 10:47:00,2011,11,27,10
16222,2011-11-27 11:05:00,2011,11,27,11
16223,2011-11-27 11:12:00,2011,11,27,11
16224,2011-11-27 11:15:00,2011,11,27,11
16225,2011-11-27 11:18:00,2011,11,27,11
16226,2011-11-27 11:22:00,2011,11,27,11
16227,2011-11-27 11:47:00,2011,11,27,11
16228,2011-11-27 11:54:00,2011,11,27,11
16229,2011-11-27 11:57:00,2011,11,27,11
16230,2011-11-27 12:00:00,2011,11,27,12
16231,2011-11-27 12:01:00,2011,11,27,12
16232,2011-11-27 12:10:00,2011,11,27,12
16233,2011-11-27 12:13:00,2011,11,27,12
16234,2011-11-27 12:24:00,2011,11,27,12
16235,2011-11-27 12:26:00,2011,11,27,12
16236,2011-11-27 12:29:00,2011,11,27,12
16237,2011-11-27 12:31:00,2011,11,27,12
16238,2011-11-27 12:40:00,2011,11,27,12
16239,2011-11-27 12:47:00,2011,11,27,12
16240,2011-11-27 12:52:00,2011,11,27,12
16241,2011-11-27 13:00:00,2011,11,27,13
16242,2011-11-27 13:03:00,2011,11,27,13
16243,2011-11-27 13:07:00,2011,11,27,13
16244,2011-11-27 13:14:00,2011,11,27,13
16245,2011-11-27 13:26:00,2011,11,27,13
16246,2011-11-27 13:29:00,2011,11,27,13
16247,2011-11-27 13:35:00,2011,11,27,13
16248,2011-11-27 13:41:00,2011,11,27,13
16249,2011-11-27 13:47:00,2011,11,27,13
16250,2011-11-27 13:49:00,2011,11,27,13
16251,2011-11-27 14:25:00,2011,11,27,14
16252,2011-11-27 14:30:00,2011,11,27,14
16253,2011-11-27 14:40:00,2011,11,27,14
16254,2011-11-27 14:43:00,2011,11,27,14
16255,2011-11-27 14:50:00,2011,11,27,14
16256,2011-11-27 15:02:00,2011,11,27,15
16257,2011-11-27 15:18:00,2011,11,27,15
16258,2011-11-27 15:38:00,2011,11,27,15
16259,2011-11-27 15:44:00,2011,11,27,15
16260,2011-11-27 15:59:00,2011,11,27,15
16261,2011-11-27 16:02:00,2011,11,27,16
16262,2011-11-27 16:05:00,2011,11,27,16
16263,2011-11-27 16:08:00,2011,11,27,16
16264,2011-11-27 16:18:00,2011,11,27,16
16265,2011-11-27 16:19:00,2011,11,27,16
16266,2011-11-27 16:27:00,2011,11,27,16
16267,2011-11-28 08:48:00,2011,11,28,8
16268,2011-11-28 09:08:00,2011,11,28,9
16269,2011-11-28 09:11:00,2011,11,28,9
16270,2011-11-28 09:12:00,2011,11,28,9
16271,2011-11-28 09:14:00,2011,11,28,9
16272,2011-11-28 09:31:00,2011,11,28,9
16273,2011-11-28 09:40:00,2011,11,28,9
16274,2011-11-28 09:43:00,2011,11,28,9
16275,2011-11-28 09:48:00,2011,11,28,9
16276,2011-11-28 09:53:00,2011,11,28,9
16277,2011-11-28 09:54:00,2011,11,28,9
16278,2011-11-28 09:55:00,2011,11,28,9
16279,2011-11-28 10:02:00,2011,11,28,10
16280,2011-11-28 10:20:00,2011,11,28,10
16281,2011-11-28 10:23:00,2011,11,28,10
16282,2011-11-28 10:29:00,2011,11,28,10
16283,2011-11-28 10:31:00,2011,11,28,10
16284,2011-11-28 10:35:00,2011,11,28,10
16285,2011-11-28 10:46:00,2011,11,28,10
16286,2011-11-28 10:49:00,2011,11,28,10
16287,2011-11-28 10:54:00,2011,11,28,10
16288,2011-11-28 10:56:00,2011,11,28,10
16289,2011-11-28 11:00:00,2011,11,28,11
16290,2011-11-28 11:07:00,2011,11,28,11
16291,2011-11-28 11:11:00,2011,11,28,11
16292,2011-11-28 11:18:00,2011,11,28,11
16293,2011-11-28 11:26:00,2011,11,28,11
16294,2011-11-28 11:27:00,2011,11,28,11
16295,2011-11-28 11:33:00,2011,11,28,11
16296,2011-11-28 11:39:00,2011,11,28,11
16297,2011-11-28 11:42:00,2011,11,28,11
16298,2011-11-28 11:43:00,2011,11,28,11
16299,2011-11-28 11:44:00,2011,11,28,11
16300,2011-11-28 11:45:00,2011,11,28,11
16301,2011-11-28 11:54:00,2011,11,28,11
16302,2011-11-28 12:01:00,2011,11,28,12
16303,2011-11-28 12:05:00,2011,11,28,12
16304,2011-11-28 12:08:00,2011,11,28,12
16305,2011-11-28 12:14:00,2011,11,28,12
16306,2011-11-28 12:19:00,2011,11,28,12
16307,2011-11-28 12:30:00,2011,11,28,12
16308,2011-11-28 12:31:00,2011,11,28,12
16309,2011-11-28 12:32:00,2011,11,28,12
16310,2011-11-28 12:33:00,2011,11,28,12
16311,2011-11-28 12:35:00,2011,11,28,12
16312,2011-11-28 12:36:00,2011,11,28,12
16313,2011-11-28 12:38:00,2011,11,28,12
16314,2011-11-28 12:44:00,2011,11,28,12
16315,2011-11-28 12:45:00,2011,11,28,12
16316,2011-11-28 12:51:00,2011,11,28,12
16317,2011-11-28 12:54:00,2011,11,28,12
16318,2011-11-28 12:55:00,2011,11,28,12
16319,2011-11-28 13:06:00,2011,11,28,13
16320,2011-11-28 13:08:00,2011,11,28,13
16321,2011-11-28 13:11:00,2011,11,28,13
16322,2011-11-28 13:13:00,2011,11,28,13
16323,2011-11-28 13:14:00,2011,11,28,13
16324,2011-11-28 13:20:00,2011,11,28,13
16325,2011-11-28 13:21:00,2011,11,28,13
16326,2011-11-28 13:25:00,2011,11,28,13
16327,2011-11-28 13:26:00,2011,11,28,13
16328,2011-11-28 13:27:00,2011,11,28,13
16329,2011-11-28 13:37:00,2011,11,28,13
16330,2011-11-28 13:47:00,2011,11,28,13
16331,2011-11-28 13:51:00,2011,11,28,13
16332,2011-11-28 13:53:00,2011,11,28,13
16333,2011-11-28 13:54:00,2011,11,28,13
16334,2011-11-28 13:56:00,2011,11,28,13
16335,2011-11-28 13:58:00,2011,11,28,13
16336,2011-11-28 13:59:00,2011,11,28,13
16337,2011-11-28 14:00:00,2011,11,28,14
16338,2011-11-28 14:01:00,2011,11,28,14
16339,2011-11-28 14:02:00,2011,11,28,14
16340,2011-11-28 14:06:00,2011,11,28,14
16341,2011-11-28 14:12:00,2011,11,28,14
16342,2011-11-28 14:26:00,2011,11,28,14
16343,2011-11-28 14:30:00,2011,11,28,14
16344,2011-11-28 14:37:00,2011,11,28,14
16345,2011-11-28 14:39:00,2011,11,28,14
16346,2011-11-28 14:44:00,2011,11,28,14
16347,2011-11-28 14:53:00,2011,11,28,14
16348,2011-11-28 15:02:00,2011,11,28,15
16349,2011-11-28 15:09:00,2011,11,28,15
16350,2011-11-28 15:10:00,2011,11,28,15
16351,2011-11-28 15:15:00,2011,11,28,15
16352,2011-11-28 15:16:00,2011,11,28,15
16353,2011-11-28 15:17:00,2011,11,28,15
16354,2011-11-28 15:28:00,2011,11,28,15
16355,2011-11-28 15:34:00,2011,11,28,15
16356,2011-11-28 15:35:00,2011,11,28,15
16357,2011-11-28 15:47:00,2011,11,28,15
16358,2011-11-28 15:50:00,2011,11,28,15
16359,2011-11-28 15:54:00,2011,11,28,15
16360,2011-11-28 16:01:00,2011,11,28,16
16361,2011-11-28 16:32:00,2011,11,28,16
16362,2011-11-28 16:35:00,2011,11,28,16
16363,2011-11-28 16:39:00,2011,11,28,16
16364,2011-11-28 16:47:00,2011,11,28,16
16365,2011-11-28 16:54:00,2011,11,28,16
16366,2011-11-28 17:05:00,2011,11,28,17
16367,2011-11-28 17:09:00,2011,11,28,17
16368,2011-11-29 08:07:00,2011,11,29,8
16369,2011-11-29 08:14:00,2011,11,29,8
16370,2011-11-29 08:21:00,2011,11,29,8
16371,2011-11-29 08:40:00,2011,11,29,8
16372,2011-11-29 08:41:00,2011,11,29,8
16373,2011-11-29 09:10:00,2011,11,29,9
16374,2011-11-29 09:13:00,2011,11,29,9
16375,2011-11-29 09:14:00,2011,11,29,9
16376,2011-11-29 09:15:00,2011,11,29,9
16377,2011-11-29 09:42:00,2011,11,29,9
16378,2011-11-29 09:47:00,2011,11,29,9
16379,2011-11-29 09:48:00,2011,11,29,9
16380,2011-11-29 09:50:00,2011,11,29,9
16381,2011-11-29 09:56:00,2011,11,29,9
16382,2011-11-29 10:00:00,2011,11,29,10
16383,2011-11-29 10:01:00,2011,11,29,10
16384,2011-11-29 10:10:00,2011,11,29,10
16385,2011-11-29 10:18:00,2011,11,29,10
16386,2011-11-29 10:23:00,2011,11,29,10
16387,2011-11-29 10:33:00,2011,11,29,10
16388,2011-11-29 10:36:00,2011,11,29,10
16389,2011-11-29 10:41:00,2011,11,29,10
16390,2011-11-29 10:45:00,2011,11,29,10
16391,2011-11-29 10:52:00,2011,11,29,10
16392,2011-11-29 10:56:00,2011,11,29,10
16393,2011-11-29 10:57:00,2011,11,29,10
16394,2011-11-29 10:58:00,2011,11,29,10
16395,2011-11-29 11:05:00,2011,11,29,11
16396,2011-11-29 11:22:00,2011,11,29,11
16397,2011-11-29 11:30:00,2011,11,29,11
16398,2011-11-29 11:32:00,2011,11,29,11
16399,2011-11-29 11:34:00,2011,11,29,11
16400,2011-11-29 11:40:00,2011,11,29,11
16401,2011-11-29 11:41:00,2011,11,29,11
16402,2011-11-29 11:45:00,2011,11,29,11
16403,2011-11-29 11:46:00,2011,11,29,11
16404,2011-11-29 11:48:00,2011,11,29,11
16405,2011-11-29 11:50:00,2011,11,29,11
16406,2011-11-29 11:52:00,2011,11,29,11
16407,2011-11-29 11:54:00,2011,11,29,11
16408,2011-11-29 12:06:00,2011,11,29,12
16409,2011-11-29 12:07:00,2011,11,29,12
16410,2011-11-29 12:09:00,2011,11,29,12
16411,2011-11-29 12:10:00,2011,11,29,12
16412,2011-11-29 12:12:00,2011,11,29,12
16413,2011-11-29 12:14:00,2011,11,29,12
16414,2011-11-29 12:15:00,2011,11,29,12
16415,2011-11-29 12:21:00,2011,11,29,12
16416,2011-11-29 12:22:00,2011,11,29,12
16417,2011-11-29 12:27:00,2011,11,29,12
16418,2011-11-29 12:32:00,2011,11,29,12
16419,2011-11-29 12:34:00,2011,11,29,12
16420,2011-11-29 12:38:00,2011,11,29,12
16421,2011-11-29 12:45:00,2011,11,29,12
16422,2011-11-29 12:46:00,2011,11,29,12
16423,2011-11-29 12:47:00,2011,11,29,12
16424,2011-11-29 12:50:00,2011,11,29,12
16425,2011-11-29 12:52:00,2011,11,29,12
16426,2011-11-29 13:00:00,2011,11,29,13
16427,2011-11-29 13:01:00,2011,11,29,13
16428,2011-11-29 13:04:00,2011,11,29,13
16429,2011-11-29 13:06:00,2011,11,29,13
16430,2011-11-29 13:12:00,2011,11,29,13
16431,2011-11-29 13:15:00,2011,11,29,13
16432,2011-11-29 13:17:00,2011,11,29,13
16433,2011-11-29 13:20:00,2011,11,29,13
16434,2011-11-29 13:21:00,2011,11,29,13
16435,2011-11-29 13:22:00,2011,11,29,13
16436,2011-11-29 13:29:00,2011,11,29,13
16437,2011-11-29 13:32:00,2011,11,29,13
16438,2011-11-29 13:33:00,2011,11,29,13
16439,2011-11-29 13:37:00,2011,11,29,13
16440,2011-11-29 13:40:00,2011,11,29,13
16441,2011-11-29 13:41:00,2011,11,29,13
16442,2011-11-29 13:43:00,2011,11,29,13
16443,2011-11-29 13:46:00,2011,11,29,13
16444,2011-11-29 13:49:00,2011,11,29,13
16445,2011-11-29 13:57:00,2011,11,29,13
16446,2011-11-29 13:59:00,2011,11,29,13
16447,2011-11-29 14:00:00,2011,11,29,14
16448,2011-11-29 14:03:00,2011,11,29,14
16449,2011-11-29 14:08:00,2011,11,29,14
16450,2011-11-29 14:14:00,2011,11,29,14
16451,2011-11-29 14:20:00,2011,11,29,14
16452,2011-11-29 14:38:00,2011,11,29,14
16453,2011-11-29 14:42:00,2011,11,29,14
16454,2011-11-29 14:43:00,2011,11,29,14
16455,2011-11-29 14:51:00,2011,11,29,14
16456,2011-11-29 14:53:00,2011,11,29,14
16457,2011-11-29 14:57:00,2011,11,29,14
16458,2011-11-29 14:58:00,2011,11,29,14
16459,2011-11-29 15:00:00,2011,11,29,15
16460,2011-11-29 15:06:00,2011,11,29,15
16461,2011-11-29 15:09:00,2011,11,29,15
16462,2011-11-29 15:17:00,2011,11,29,15
16463,2011-11-29 15:22:00,2011,11,29,15
16464,2011-11-29 15:23:00,2011,11,29,15
16465,2011-11-29 15:24:00,2011,11,29,15
16466,2011-11-29 15:33:00,2011,11,29,15
16467,2011-11-29 15:34:00,2011,11,29,15
16468,2011-11-29 15:39:00,2011,11,29,15
16469,2011-11-29 15:52:00,2011,11,29,15
16470,2011-11-29 15:59:00,2011,11,29,15
16471,2011-11-29 16:16:00,2011,11,29,16
16472,2011-11-29 16:23:00,2011,11,29,16
16473,2011-11-29 16:31:00,2011,11,29,16
16474,2011-11-29 16:32:00,2011,11,29,16
16475,2011-11-29 16:44:00,2011,11,29,16
16476,2011-11-29 16:45:00,2011,11,29,16
16477,2011-11-29 17:03:00,2011,11,29,17
16478,2011-11-29 17:12:00,2011,11,29,17
16479,2011-11-29 17:23:00,2011,11,29,17
16480,2011-11-29 17:52:00,2011,11,29,17
16481,2011-11-29 18:02:00,2011,11,29,18
16482,2011-11-29 18:05:00,2011,11,29,18
16483,2011-11-29 18:14:00,2011,11,29,18
16484,2011-11-30 08:04:00,2011,11,30,8
16485,2011-11-30 08:08:00,2011,11,30,8
16486,2011-11-30 08:17:00,2011,11,30,8
16487,2011-11-30 08:23:00,2011,11,30,8
16488,2011-11-30 08:38:00,2011,11,30,8
16489,2011-11-30 08:43:00,2011,11,30,8
16490,2011-11-30 08:44:00,2011,11,30,8
16491,2011-11-30 08:50:00,2011,11,30,8
16492,2011-11-30 09:00:00,2011,11,30,9
16493,2011-11-30 09:18:00,2011,11,30,9
16494,2011-11-30 09:24:00,2011,11,30,9
16495,2011-11-30 09:33:00,2011,11,30,9
16496,2011-11-30 09:50:00,2011,11,30,9
16497,2011-11-30 09:53:00,2011,11,30,9
16498,2011-11-30 10:04:00,2011,11,30,10
16499,2011-11-30 10:06:00,2011,11,30,10
16500,2011-11-30 10:11:00,2011,11,30,10
16501,2011-11-30 10:12:00,2011,11,30,10
16502,2011-11-30 10:13:00,2011,11,30,10
16503,2011-11-30 10:14:00,2011,11,30,10
16504,2011-11-30 10:15:00,2011,11,30,10
16505,2011-11-30 10:18:00,2011,11,30,10
16506,2011-11-30 10:44:00,2011,11,30,10
16507,2011-11-30 10:45:00,2011,11,30,10
16508,2011-11-30 10:48:00,2011,11,30,10
16509,2011-11-30 10:49:00,2011,11,30,10
16510,2011-11-30 10:54:00,2011,11,30,10
16511,2011-11-30 11:08:00,2011,11,30,11
16512,2011-11-30 11:17:00,2011,11,30,11
16513,2011-11-30 11:24:00,2011,11,30,11
16514,2011-11-30 11:30:00,2011,11,30,11
16515,2011-11-30 11:31:00,2011,11,30,11
16516,2011-11-30 11:32:00,2011,11,30,11
16517,2011-11-30 11:48:00,2011,11,30,11
16518,2011-11-30 11:49:00,2011,11,30,11
16519,2011-11-30 12:00:00,2011,11,30,12
16520,2011-11-30 12:01:00,2011,11,30,12
16521,2011-11-30 12:06:00,2011,11,30,12
16522,2011-11-30 12:10:00,2011,11,30,12
16523,2011-11-30 12:15:00,2011,11,30,12
16524,2011-11-30 12:16:00,2011,11,30,12
16525,2011-11-30 12:18:00,2011,11,30,12
16526,2011-11-30 12:31:00,2011,11,30,12
16527,2011-11-30 12:32:00,2011,11,30,12
16528,2011-11-30 12:36:00,2011,11,30,12
16529,2011-11-30 12:38:00,2011,11,30,12
16530,2011-11-30 12:41:00,2011,11,30,12
16531,2011-11-30 12:59:00,2011,11,30,12
16532,2011-11-30 13:05:00,2011,11,30,13
16533,2011-11-30 13:08:00,2011,11,30,13
16534,2011-11-30 13:13:00,2011,11,30,13
16535,2011-11-30 13:14:00,2011,11,30,13
16536,2011-11-30 13:22:00,2011,11,30,13
16537,2011-11-30 13:29:00,2011,11,30,13
16538,2011-11-30 13:45:00,2011,11,30,13
16539,2011-11-30 13:46:00,2011,11,30,13
16540,2011-11-30 13:48:00,2011,11,30,13
16541,2011-11-30 13:50:00,2011,11,30,13
16542,2011-11-30 14:00:00,2011,11,30,14
16543,2011-11-30 14:03:00,2011,11,30,14
16544,2011-11-30 14:05:00,2011,11,30,14
16545,2011-11-30 14:09:00,2011,11,30,14
16546,2011-11-30 14:16:00,2011,11,30,14
16547,2011-11-30 14:17:00,2011,11,30,14
16548,2011-11-30 14:21:00,2011,11,30,14
16549,2011-11-30 14:33:00,2011,11,30,14
16550,2011-11-30 14:40:00,2011,11,30,14
16551,2011-11-30 14:41:00,2011,11,30,14
16552,2011-11-30 14:42:00,2011,11,30,14
16553,2011-11-30 14:52:00,2011,11,30,14
16554,2011-11-30 15:02:00,2011,11,30,15
16555,2011-11-30 15:08:00,2011,11,30,15
16556,2011-11-30 15:16:00,2011,11,30,15
16557,2011-11-30 15:27:00,2011,11,30,15
16558,2011-11-30 15:31:00,2011,11,30,15
16559,2011-11-30 15:36:00,2011,11,30,15
16560,2011-11-30 15:38:00,2011,11,30,15
16561,2011-11-30 15:43:00,2011,11,30,15
16562,2011-11-30 15:50:00,2011,11,30,15
16563,2011-11-30 15:58:00,2011,11,30,15
16564,2011-11-30 16:09:00,2011,11,30,16
16565,2011-11-30 16:18:00,2011,11,30,16
16566,2011-11-30 16:19:00,2011,11,30,16
16567,2011-11-30 16:21:00,2011,11,30,16
16568,2011-11-30 16:22:00,2011,11,30,16
16569,2011-11-30 16:23:00,2011,11,30,16
16570,2011-11-30 16:26:00,2011,11,30,16
16571,2011-11-30 16:39:00,2011,11,30,16
16572,2011-11-30 16:41:00,2011,11,30,16
16573,2011-11-30 16:43:00,2011,11,30,16
16574,2011-11-30 16:47:00,2011,11,30,16
16575,2011-11-30 16:54:00,2011,11,30,16
16576,2011-11-30 17:22:00,2011,11,30,17
16577,2011-11-30 17:37:00,2011,11,30,17
16578,2011-12-01 08:33:00,2011,12,1,8
16579,2011-12-01 08:34:00,2011,12,1,8
16580,2011-12-01 08:35:00,2011,12,1,8
16581,2011-12-01 08:52:00,2011,12,1,8
16582,2011-12-01 08:57:00,2011,12,1,8
16583,2011-12-01 08:58:00,2011,12,1,8
16584,2011-12-01 09:02:00,2011,12,1,9
16585,2011-12-01 09:03:00,2011,12,1,9
16586,2011-12-01 09:06:00,2011,12,1,9
16587,2011-12-01 09:20:00,2011,12,1,9
16588,2011-12-01 10:07:00,2011,12,1,10
16589,2011-12-01 10:10:00,2011,12,1,10
16590,2011-12-01 10:18:00,2011,12,1,10
16591,2011-12-01 10:20:00,2011,12,1,10
16592,2011-12-01 10:31:00,2011,12,1,10
16593,2011-12-01 10:33:00,2011,12,1,10
16594,2011-12-01 10:38:00,2011,12,1,10
16595,2011-12-01 10:44:00,2011,12,1,10
16596,2011-12-01 10:45:00,2011,12,1,10
16597,2011-12-01 11:00:00,2011,12,1,11
16598,2011-12-01 11:10:00,2011,12,1,11
16599,2011-12-01 11:12:00,2011,12,1,11
16600,2011-12-01 11:16:00,2011,12,1,11
16601,2011-12-01 11:18:00,2011,12,1,11
16602,2011-12-01 11:20:00,2011,12,1,11
16603,2011-12-01 11:38:00,2011,12,1,11
16604,2011-12-01 11:43:00,2011,12,1,11
16605,2011-12-01 11:44:00,2011,12,1,11
16606,2011-12-01 11:45:00,2011,12,1,11
16607,2011-12-01 11:51:00,2011,12,1,11
16608,2011-12-01 11:53:00,2011,12,1,11
16609,2011-12-01 11:59:00,2011,12,1,11
16610,2011-12-01 12:01:00,2011,12,1,12
16611,2011-12-01 12:11:00,2011,12,1,12
16612,2011-12-01 12:13:00,2011,12,1,12
16613,2011-12-01 12:14:00,2011,12,1,12
16614,2011-12-01 12:16:00,2011,12,1,12
16615,2011-12-01 12:17:00,2011,12,1,12
16616,2011-12-01 12:18:00,2011,12,1,12
16617,2011-12-01 12:25:00,2011,12,1,12
16618,2011-12-01 12:36:00,2011,12,1,12
16619,2011-12-01 12:39:00,2011,12,1,12
16620,2011-12-01 12:42:00,2011,12,1,12
16621,2011-12-01 12:44:00,2011,12,1,12
16622,2011-12-01 12:53:00,2011,12,1,12
16623,2011-12-01 12:54:00,2011,12,1,12
16624,2011-12-01 12:55:00,2011,12,1,12
16625,2011-12-01 13:03:00,2011,12,1,13
16626,2011-12-01 13:08:00,2011,12,1,13
16627,2011-12-01 13:12:00,2011,12,1,13
16628,2011-12-01 13:18:00,2011,12,1,13
16629,2011-12-01 13:19:00,2011,12,1,13
16630,2011-12-01 13:22:00,2011,12,1,13
16631,2011-12-01 13:25:00,2011,12,1,13
16632,2011-12-01 13:27:00,2011,12,1,13
16633,2011-12-01 13:28:00,2011,12,1,13
16634,2011-12-01 13:29:00,2011,12,1,13
16635,2011-12-01 13:32:00,2011,12,1,13
16636,2011-12-01 13:33:00,2011,12,1,13
16637,2011-12-01 13:40:00,2011,12,1,13
16638,2011-12-01 13:41:00,2011,12,1,13
16639,2011-12-01 13:47:00,2011,12,1,13
16640,2011-12-01 14:03:00,2011,12,1,14
16641,2011-12-01 14:06:00,2011,12,1,14
16642,2011-12-01 14:09:00,2011,12,1,14
16643,2011-12-01 14:14:00,2011,12,1,14
16644,2011-12-01 14:17:00,2011,12,1,14
16645,2011-12-01 14:30:00,2011,12,1,14
16646,2011-12-01 14:34:00,2011,12,1,14
16647,2011-12-01 14:36:00,2011,12,1,14
16648,2011-12-01 14:37:00,2011,12,1,14
16649,2011-12-01 14:38:00,2011,12,1,14
16650,2011-12-01 14:41:00,2011,12,1,14
16651,2011-12-01 14:50:00,2011,12,1,14
16652,2011-12-01 14:54:00,2011,12,1,14
16653,2011-12-01 14:55:00,2011,12,1,14
16654,2011-12-01 14:58:00,2011,12,1,14
16655,2011-12-01 15:05:00,2011,12,1,15
16656,2011-12-01 15:11:00,2011,12,1,15
16657,2011-12-01 15:12:00,2011,12,1,15
16658,2011-12-01 15:13:00,2011,12,1,15
16659,2011-12-01 15:24:00,2011,12,1,15
16660,2011-12-01 15:28:00,2011,12,1,15
16661,2011-12-01 15:32:00,2011,12,1,15
16662,2011-12-01 15:42:00,2011,12,1,15
16663,2011-12-01 15:46:00,2011,12,1,15
16664,2011-12-01 15:47:00,2011,12,1,15
16665,2011-12-01 15:55:00,2011,12,1,15
16666,2011-12-01 15:56:00,2011,12,1,15
16667,2011-12-01 16:05:00,2011,12,1,16
16668,2011-12-01 16:28:00,2011,12,1,16
16669,2011-12-01 16:31:00,2011,12,1,16
16670,2011-12-01 16:37:00,2011,12,1,16
16671,2011-12-01 16:38:00,2011,12,1,16
16672,2011-12-01 17:07:00,2011,12,1,17
16673,2011-12-01 17:16:00,2011,12,1,17
16674,2011-12-01 17:20:00,2011,12,1,17
16675,2011-12-01 17:51:00,2011,12,1,17
16676,2011-12-01 17:56:00,2011,12,1,17
16677,2011-12-01 18:03:00,2011,12,1,18
16678,2011-12-01 18:07:00,2011,12,1,18
16679,2011-12-01 18:16:00,2011,12,1,18
16680,2011-12-01 18:43:00,2011,12,1,18
16681,2011-12-01 19:24:00,2011,12,1,19
16682,2011-12-01 19:33:00,2011,12,1,19
16683,2011-12-01 19:42:00,2011,12,1,19
16684,2011-12-01 19:54:00,2011,12,1,19
16685,2011-12-02 08:55:00,2011,12,2,8
16686,2011-12-02 09:10:00,2011,12,2,9
16687,2011-12-02 09:19:00,2011,12,2,9
16688,2011-12-02 09:22:00,2011,12,2,9
16689,2011-12-02 09:23:00,2011,12,2,9
16690,2011-12-02 09:32:00,2011,12,2,9
16691,2011-12-02 09:53:00,2011,12,2,9
16692,2011-12-02 10:07:00,2011,12,2,10
16693,2011-12-02 10:15:00,2011,12,2,10
16694,2011-12-02 10:21:00,2011,12,2,10
16695,2011-12-02 10:22:00,2011,12,2,10
16696,2011-12-02 10:23:00,2011,12,2,10
16697,2011-12-02 10:24:00,2011,12,2,10
16698,2011-12-02 10:30:00,2011,12,2,10
16699,2011-12-02 10:32:00,2011,12,2,10
16700,2011-12-02 10:35:00,2011,12,2,10
16701,2011-12-02 10:41:00,2011,12,2,10
16702,2011-12-02 10:45:00,2011,12,2,10
16703,2011-12-02 10:47:00,2011,12,2,10
16704,2011-12-02 10:52:00,2011,12,2,10
16705,2011-12-02 11:12:00,2011,12,2,11
16706,2011-12-02 11:16:00,2011,12,2,11
16707,2011-12-02 11:21:00,2011,12,2,11
16708,2011-12-02 11:28:00,2011,12,2,11
16709,2011-12-02 11:38:00,2011,12,2,11
16710,2011-12-02 11:39:00,2011,12,2,11
16711,2011-12-02 11:43:00,2011,12,2,11
16712,2011-12-02 11:45:00,2011,12,2,11
16713,2011-12-02 11:49:00,2011,12,2,11
16714,2011-12-02 11:50:00,2011,12,2,11
16715,2011-12-02 11:53:00,2011,12,2,11
16716,2011-12-02 12:02:00,2011,12,2,12
16717,2011-12-02 12:03:00,2011,12,2,12
16718,2011-12-02 12:07:00,2011,12,2,12
16719,2011-12-02 12:08:00,2011,12,2,12
16720,2011-12-02 12:10:00,2011,12,2,12
16721,2011-12-02 12:13:00,2011,12,2,12
16722,2011-12-02 12:17:00,2011,12,2,12
16723,2011-12-02 12:19:00,2011,12,2,12
16724,2011-12-02 12:24:00,2011,12,2,12
16725,2011-12-02 12:26:00,2011,12,2,12
16726,2011-12-02 12:28:00,2011,12,2,12
16727,2011-12-02 12:32:00,2011,12,2,12
16728,2011-12-02 12:36:00,2011,12,2,12
16729,2011-12-02 12:40:00,2011,12,2,12
16730,2011-12-02 12:42:00,2011,12,2,12
16731,2011-12-02 12:46:00,2011,12,2,12
16732,2011-12-02 12:47:00,2011,12,2,12
16733,2011-12-02 12:52:00,2011,12,2,12
16734,2011-12-02 12:59:00,2011,12,2,12
16735,2011-12-02 13:02:00,2011,12,2,13
16736,2011-12-02 13:11:00,2011,12,2,13
16737,2011-12-02 13:12:00,2011,12,2,13
16738,2011-12-02 13:15:00,2011,12,2,13
16739,2011-12-02 13:17:00,2011,12,2,13
16740,2011-12-02 13:20:00,2011,12,2,13
16741,2011-12-02 13:21:00,2011,12,2,13
16742,2011-12-02 13:22:00,2011,12,2,13
16743,2011-12-02 13:28:00,2011,12,2,13
16744,2011-12-02 13:29:00,2011,12,2,13
16745,2011-12-02 13:32:00,2011,12,2,13
16746,2011-12-02 13:35:00,2011,12,2,13
16747,2011-12-02 13:36:00,2011,12,2,13
16748,2011-12-02 13:37:00,2011,12,2,13
16749,2011-12-02 13:38:00,2011,12,2,13
16750,2011-12-02 13:46:00,2011,12,2,13
16751,2011-12-02 13:49:00,2011,12,2,13
16752,2011-12-02 13:52:00,2011,12,2,13
16753,2011-12-02 13:54:00,2011,12,2,13
16754,2011-12-02 13:58:00,2011,12,2,13
16755,2011-12-02 14:02:00,2011,12,2,14
16756,2011-12-02 14:11:00,2011,12,2,14
16757,2011-12-02 14:16:00,2011,12,2,14
16758,2011-12-02 14:18:00,2011,12,2,14
16759,2011-12-02 14:25:00,2011,12,2,14
16760,2011-12-02 14:26:00,2011,12,2,14
16761,2011-12-02 14:29:00,2011,12,2,14
16762,2011-12-02 14:30:00,2011,12,2,14
16763,2011-12-02 14:46:00,2011,12,2,14
16764,2011-12-02 14:47:00,2011,12,2,14
16765,2011-12-02 14:48:00,2011,12,2,14
16766,2011-12-02 15:11:00,2011,12,2,15
16767,2011-12-02 15:22:00,2011,12,2,15
16768,2011-12-02 15:25:00,2011,12,2,15
16769,2011-12-02 15:29:00,2011,12,2,15
16770,2011-12-02 15:39:00,2011,12,2,15
16771,2011-12-02 15:40:00,2011,12,2,15
16772,2011-12-02 15:41:00,2011,12,2,15
16773,2011-12-02 15:48:00,2011,12,2,15
16774,2011-12-02 15:53:00,2011,12,2,15
16775,2011-12-02 15:55:00,2011,12,2,15
16776,2011-12-02 16:04:00,2011,12,2,16
16777,2011-12-02 16:06:00,2011,12,2,16
16778,2011-12-02 16:07:00,2011,12,2,16
16779,2011-12-02 16:14:00,2011,12,2,16
16780,2011-12-02 16:25:00,2011,12,2,16
16781,2011-12-02 16:30:00,2011,12,2,16
16782,2011-12-02 16:32:00,2011,12,2,16
16783,2011-12-02 16:34:00,2011,12,2,16
16784,2011-12-02 16:39:00,2011,12,2,16
16785,2011-12-02 16:46:00,2011,12,2,16
16786,2011-12-02 16:56:00,2011,12,2,16
16787,2011-12-02 17:04:00,2011,12,2,17
16788,2011-12-02 17:06:00,2011,12,2,17
16789,2011-12-02 17:12:00,2011,12,2,17
16790,2011-12-02 17:13:00,2011,12,2,17
16791,2011-12-04 10:10:00,2011,12,4,10
16792,2011-12-04 10:11:00,2011,12,4,10
16793,2011-12-04 10:29:00,2011,12,4,10
16794,2011-12-04 10:30:00,2011,12,4,10
16795,2011-12-04 10:35:00,2011,12,4,10
16796,2011-12-04 10:51:00,2011,12,4,10
16797,2011-12-04 10:53:00,2011,12,4,10
16798,2011-12-04 10:56:00,2011,12,4,10
16799,2011-12-04 11:00:00,2011,12,4,11
16800,2011-12-04 11:24:00,2011,12,4,11
16801,2011-12-04 11:32:00,2011,12,4,11
16802,2011-12-04 11:45:00,2011,12,4,11
16803,2011-12-04 11:50:00,2011,12,4,11
16804,2011-12-04 11:55:00,2011,12,4,11
16805,2011-12-04 11:56:00,2011,12,4,11
16806,2011-12-04 12:01:00,2011,12,4,12
16807,2011-12-04 12:02:00,2011,12,4,12
16808,2011-12-04 12:08:00,2011,12,4,12
16809,2011-12-04 12:13:00,2011,12,4,12
16810,2011-12-04 12:14:00,2011,12,4,12
16811,2011-12-04 12:17:00,2011,12,4,12
16812,2011-12-04 12:18:00,2011,12,4,12
16813,2011-12-04 12:29:00,2011,12,4,12
16814,2011-12-04 12:31:00,2011,12,4,12
16815,2011-12-04 12:32:00,2011,12,4,12
16816,2011-12-04 12:44:00,2011,12,4,12
16817,2011-12-04 12:48:00,2011,12,4,12
16818,2011-12-04 12:52:00,2011,12,4,12
16819,2011-12-04 13:00:00,2011,12,4,13
16820,2011-12-04 13:15:00,2011,12,4,13
16821,2011-12-04 13:20:00,2011,12,4,13
16822,2011-12-04 13:32:00,2011,12,4,13
16823,2011-12-04 13:34:00,2011,12,4,13
16824,2011-12-04 13:45:00,2011,12,4,13
16825,2011-12-04 13:54:00,2011,12,4,13
16826,2011-12-04 13:55:00,2011,12,4,13
16827,2011-12-04 13:59:00,2011,12,4,13
16828,2011-12-04 14:01:00,2011,12,4,14
16829,2011-12-04 14:09:00,2011,12,4,14
16830,2011-12-04 14:15:00,2011,12,4,14
16831,2011-12-04 14:40:00,2011,12,4,14
16832,2011-12-04 14:45:00,2011,12,4,14
16833,2011-12-04 14:55:00,2011,12,4,14
16834,2011-12-04 15:00:00,2011,12,4,15
16835,2011-12-04 15:13:00,2011,12,4,15
16836,2011-12-04 15:16:00,2011,12,4,15
16837,2011-12-04 15:18:00,2011,12,4,15
16838,2011-12-04 15:19:00,2011,12,4,15
16839,2011-12-04 15:28:00,2011,12,4,15
16840,2011-12-04 15:35:00,2011,12,4,15
16841,2011-12-04 15:38:00,2011,12,4,15
16842,2011-12-04 15:47:00,2011,12,4,15
16843,2011-12-04 15:54:00,2011,12,4,15
16844,2011-12-04 15:55:00,2011,12,4,15
16845,2011-12-04 16:02:00,2011,12,4,16
16846,2011-12-04 16:07:00,2011,12,4,16
16847,2011-12-05 08:38:00,2011,12,5,8
16848,2011-12-05 08:39:00,2011,12,5,8
16849,2011-12-05 08:49:00,2011,12,5,8
16850,2011-12-05 09:03:00,2011,12,5,9
16851,2011-12-05 09:04:00,2011,12,5,9
16852,2011-12-05 09:11:00,2011,12,5,9
16853,2011-12-05 09:15:00,2011,12,5,9
16854,2011-12-05 09:16:00,2011,12,5,9
16855,2011-12-05 09:41:00,2011,12,5,9
16856,2011-12-05 10:00:00,2011,12,5,10
16857,2011-12-05 10:09:00,2011,12,5,10
16858,2011-12-05 10:14:00,2011,12,5,10
16859,2011-12-05 10:15:00,2011,12,5,10
16860,2011-12-05 10:18:00,2011,12,5,10
16861,2011-12-05 10:19:00,2011,12,5,10
16862,2011-12-05 10:24:00,2011,12,5,10
16863,2011-12-05 10:38:00,2011,12,5,10
16864,2011-12-05 11:01:00,2011,12,5,11
16865,2011-12-05 11:05:00,2011,12,5,11
16866,2011-12-05 11:11:00,2011,12,5,11
16867,2011-12-05 11:13:00,2011,12,5,11
16868,2011-12-05 11:29:00,2011,12,5,11
16869,2011-12-05 11:31:00,2011,12,5,11
16870,2011-12-05 11:38:00,2011,12,5,11
16871,2011-12-05 11:39:00,2011,12,5,11
16872,2011-12-05 11:49:00,2011,12,5,11
16873,2011-12-05 12:03:00,2011,12,5,12
16874,2011-12-05 12:04:00,2011,12,5,12
16875,2011-12-05 12:05:00,2011,12,5,12
16876,2011-12-05 12:08:00,2011,12,5,12
16877,2011-12-05 12:09:00,2011,12,5,12
16878,2011-12-05 12:11:00,2011,12,5,12
16879,2011-12-05 12:13:00,2011,12,5,12
16880,2011-12-05 12:16:00,2011,12,5,12
16881,2011-12-05 12:28:00,2011,12,5,12
16882,2011-12-05 12:29:00,2011,12,5,12
16883,2011-12-05 12:30:00,2011,12,5,12
16884,2011-12-05 12:33:00,2011,12,5,12
16885,2011-12-05 12:40:00,2011,12,5,12
16886,2011-12-05 12:44:00,2011,12,5,12
16887,2011-12-05 12:46:00,2011,12,5,12
16888,2011-12-05 12:51:00,2011,12,5,12
16889,2011-12-05 12:55:00,2011,12,5,12
16890,2011-12-05 12:59:00,2011,12,5,12
16891,2011-12-05 13:10:00,2011,12,5,13
16892,2011-12-05 13:11:00,2011,12,5,13
16893,2011-12-05 13:13:00,2011,12,5,13
16894,2011-12-05 13:14:00,2011,12,5,13
16895,2011-12-05 13:15:00,2011,12,5,13
16896,2011-12-05 13:30:00,2011,12,5,13
16897,2011-12-05 13:32:00,2011,12,5,13
16898,2011-12-05 13:33:00,2011,12,5,13
16899,2011-12-05 13:34:00,2011,12,5,13
16900,2011-12-05 13:37:00,2011,12,5,13
16901,2011-12-05 13:39:00,2011,12,5,13
16902,2011-12-05 13:40:00,2011,12,5,13
16903,2011-12-05 13:43:00,2011,12,5,13
16904,2011-12-05 13:44:00,2011,12,5,13
16905,2011-12-05 13:46:00,2011,12,5,13
16906,2011-12-05 13:49:00,2011,12,5,13
16907,2011-12-05 13:52:00,2011,12,5,13
16908,2011-12-05 13:58:00,2011,12,5,13
16909,2011-12-05 14:01:00,2011,12,5,14
16910,2011-12-05 14:03:00,2011,12,5,14
16911,2011-12-05 14:06:00,2011,12,5,14
16912,2011-12-05 14:19:00,2011,12,5,14
16913,2011-12-05 14:23:00,2011,12,5,14
16914,2011-12-05 14:25:00,2011,12,5,14
16915,2011-12-05 14:26:00,2011,12,5,14
16916,2011-12-05 14:29:00,2011,12,5,14
16917,2011-12-05 14:30:00,2011,12,5,14
16918,2011-12-05 14:35:00,2011,12,5,14
16919,2011-12-05 14:39:00,2011,12,5,14
16920,2011-12-05 14:40:00,2011,12,5,14
16921,2011-12-05 14:49:00,2011,12,5,14
16922,2011-12-05 14:51:00,2011,12,5,14
16923,2011-12-05 15:01:00,2011,12,5,15
16924,2011-12-05 15:02:00,2011,12,5,15
16925,2011-12-05 15:15:00,2011,12,5,15
16926,2011-12-05 15:16:00,2011,12,5,15
16927,2011-12-05 15:38:00,2011,12,5,15
16928,2011-12-05 15:43:00,2011,12,5,15
16929,2011-12-05 15:44:00,2011,12,5,15
16930,2011-12-05 15:48:00,2011,12,5,15
16931,2011-12-05 15:51:00,2011,12,5,15
16932,2011-12-05 15:59:00,2011,12,5,15
16933,2011-12-05 16:00:00,2011,12,5,16
16934,2011-12-05 16:03:00,2011,12,5,16
16935,2011-12-05 16:04:00,2011,12,5,16
16936,2011-12-05 16:05:00,2011,12,5,16
16937,2011-12-05 16:23:00,2011,12,5,16
16938,2011-12-05 16:26:00,2011,12,5,16
16939,2011-12-05 16:28:00,2011,12,5,16
16940,2011-12-05 16:31:00,2011,12,5,16
16941,2011-12-05 16:37:00,2011,12,5,16
16942,2011-12-05 16:48:00,2011,12,5,16
16943,2011-12-05 16:52:00,2011,12,5,16
16944,2011-12-05 16:53:00,2011,12,5,16
16945,2011-12-05 16:54:00,2011,12,5,16
16946,2011-12-05 16:55:00,2011,12,5,16
16947,2011-12-05 16:57:00,2011,12,5,16
16948,2011-12-05 17:06:00,2011,12,5,17
16949,2011-12-05 17:09:00,2011,12,5,17
16950,2011-12-05 17:13:00,2011,12,5,17
16951,2011-12-05 17:17:00,2011,12,5,17
16952,2011-12-05 17:21:00,2011,12,5,17
16953,2011-12-05 17:36:00,2011,12,5,17
16954,2011-12-06 08:37:00,2011,12,6,8
16955,2011-12-06 08:46:00,2011,12,6,8
16956,2011-12-06 08:52:00,2011,12,6,8
16957,2011-12-06 08:55:00,2011,12,6,8
16958,2011-12-06 09:05:00,2011,12,6,9
16959,2011-12-06 09:06:00,2011,12,6,9
16960,2011-12-06 09:30:00,2011,12,6,9
16961,2011-12-06 09:31:00,2011,12,6,9
16962,2011-12-06 09:32:00,2011,12,6,9
16963,2011-12-06 09:35:00,2011,12,6,9
16964,2011-12-06 09:56:00,2011,12,6,9
16965,2011-12-06 10:00:00,2011,12,6,10
16966,2011-12-06 10:16:00,2011,12,6,10
16967,2011-12-06 10:19:00,2011,12,6,10
16968,2011-12-06 10:27:00,2011,12,6,10
16969,2011-12-06 10:28:00,2011,12,6,10
16970,2011-12-06 10:30:00,2011,12,6,10
16971,2011-12-06 10:36:00,2011,12,6,10
16972,2011-12-06 10:41:00,2011,12,6,10
16973,2011-12-06 10:58:00,2011,12,6,10
16974,2011-12-06 11:00:00,2011,12,6,11
16975,2011-12-06 11:05:00,2011,12,6,11
16976,2011-12-06 11:06:00,2011,12,6,11
16977,2011-12-06 11:07:00,2011,12,6,11
16978,2011-12-06 11:24:00,2011,12,6,11
16979,2011-12-06 11:28:00,2011,12,6,11
16980,2011-12-06 11:30:00,2011,12,6,11
16981,2011-12-06 11:32:00,2011,12,6,11
16982,2011-12-06 11:33:00,2011,12,6,11
16983,2011-12-06 11:38:00,2011,12,6,11
16984,2011-12-06 11:39:00,2011,12,6,11
16985,2011-12-06 11:41:00,2011,12,6,11
16986,2011-12-06 11:51:00,2011,12,6,11
16987,2011-12-06 11:53:00,2011,12,6,11
16988,2011-12-06 11:58:00,2011,12,6,11
16989,2011-12-06 12:02:00,2011,12,6,12
16990,2011-12-06 12:06:00,2011,12,6,12
16991,2011-12-06 12:09:00,2011,12,6,12
16992,2011-12-06 12:11:00,2011,12,6,12
16993,2011-12-06 12:12:00,2011,12,6,12
16994,2011-12-06 12:15:00,2011,12,6,12
16995,2011-12-06 12:18:00,2011,12,6,12
16996,2011-12-06 12:19:00,2011,12,6,12
16997,2011-12-06 12:20:00,2011,12,6,12
16998,2011-12-06 12:21:00,2011,12,6,12
16999,2011-12-06 12:23:00,2011,12,6,12
17000,2011-12-06 12:26:00,2011,12,6,12
17001,2011-12-06 12:27:00,2011,12,6,12
17002,2011-12-06 12:28:00,2011,12,6,12
17003,2011-12-06 12:30:00,2011,12,6,12
17004,2011-12-06 12:38:00,2011,12,6,12
17005,2011-12-06 12:41:00,2011,12,6,12
17006,2011-12-06 12:45:00,2011,12,6,12
17007,2011-12-06 12:50:00,2011,12,6,12
17008,2011-12-06 12:56:00,2011,12,6,12
17009,2011-12-06 12:59:00,2011,12,6,12
17010,2011-12-06 13:02:00,2011,12,6,13
17011,2011-12-06 13:10:00,2011,12,6,13
17012,2011-12-06 13:13:00,2011,12,6,13
17013,2011-12-06 13:20:00,2011,12,6,13
17014,2011-12-06 13:27:00,2011,12,6,13
17015,2011-12-06 13:29:00,2011,12,6,13
17016,2011-12-06 13:30:00,2011,12,6,13
17017,2011-12-06 13:42:00,2011,12,6,13
17018,2011-12-06 13:45:00,2011,12,6,13
17019,2011-12-06 14:13:00,2011,12,6,14
17020,2011-12-06 14:14:00,2011,12,6,14
17021,2011-12-06 14:22:00,2011,12,6,14
17022,2011-12-06 14:23:00,2011,12,6,14
17023,2011-12-06 14:30:00,2011,12,6,14
17024,2011-12-06 14:31:00,2011,12,6,14
17025,2011-12-06 14:35:00,2011,12,6,14
17026,2011-12-06 14:40:00,2011,12,6,14
17027,2011-12-06 14:49:00,2011,12,6,14
17028,2011-12-06 14:50:00,2011,12,6,14
17029,2011-12-06 14:52:00,2011,12,6,14
17030,2011-12-06 14:56:00,2011,12,6,14
17031,2011-12-06 14:59:00,2011,12,6,14
17032,2011-12-06 15:10:00,2011,12,6,15
17033,2011-12-06 15:12:00,2011,12,6,15
17034,2011-12-06 15:17:00,2011,12,6,15
17035,2011-12-06 15:28:00,2011,12,6,15
17036,2011-12-06 15:32:00,2011,12,6,15
17037,2011-12-06 15:36:00,2011,12,6,15
17038,2011-12-06 15:40:00,2011,12,6,15
17039,2011-12-06 15:43:00,2011,12,6,15
17040,2011-12-06 16:02:00,2011,12,6,16
17041,2011-12-06 16:21:00,2011,12,6,16
17042,2011-12-06 16:32:00,2011,12,6,16
17043,2011-12-06 16:33:00,2011,12,6,16
17044,2011-12-06 16:34:00,2011,12,6,16
17045,2011-12-06 16:35:00,2011,12,6,16
17046,2011-12-06 16:41:00,2011,12,6,16
17047,2011-12-06 17:04:00,2011,12,6,17
17048,2011-12-06 17:12:00,2011,12,6,17
17049,2011-12-06 17:18:00,2011,12,6,17
17050,2011-12-06 17:23:00,2011,12,6,17
17051,2011-12-06 17:26:00,2011,12,6,17
17052,2011-12-06 17:49:00,2011,12,6,17
17053,2011-12-07 08:03:00,2011,12,7,8
17054,2011-12-07 08:07:00,2011,12,7,8
17055,2011-12-07 08:21:00,2011,12,7,8
17056,2011-12-07 08:38:00,2011,12,7,8
17057,2011-12-07 08:41:00,2011,12,7,8
17058,2011-12-07 08:45:00,2011,12,7,8
17059,2011-12-07 08:55:00,2011,12,7,8
17060,2011-12-07 09:02:00,2011,12,7,9
17061,2011-12-07 09:18:00,2011,12,7,9
17062,2011-12-07 09:22:00,2011,12,7,9
17063,2011-12-07 09:32:00,2011,12,7,9
17064,2011-12-07 09:34:00,2011,12,7,9
17065,2011-12-07 09:35:00,2011,12,7,9
17066,2011-12-07 09:53:00,2011,12,7,9
17067,2011-12-07 10:06:00,2011,12,7,10
17068,2011-12-07 10:09:00,2011,12,7,10
17069,2011-12-07 10:11:00,2011,12,7,10
17070,2011-12-07 10:12:00,2011,12,7,10
17071,2011-12-07 10:24:00,2011,12,7,10
17072,2011-12-07 10:25:00,2011,12,7,10
17073,2011-12-07 10:43:00,2011,12,7,10
17074,2011-12-07 10:48:00,2011,12,7,10
17075,2011-12-07 11:03:00,2011,12,7,11
17076,2011-12-07 11:06:00,2011,12,7,11
17077,2011-12-07 11:12:00,2011,12,7,11
17078,2011-12-07 11:16:00,2011,12,7,11
17079,2011-12-07 11:26:00,2011,12,7,11
17080,2011-12-07 11:27:00,2011,12,7,11
17081,2011-12-07 11:35:00,2011,12,7,11
17082,2011-12-07 11:36:00,2011,12,7,11
17083,2011-12-07 11:41:00,2011,12,7,11
17084,2011-12-07 11:42:00,2011,12,7,11
17085,2011-12-07 11:43:00,2011,12,7,11
17086,2011-12-07 11:48:00,2011,12,7,11
17087,2011-12-07 12:11:00,2011,12,7,12
17088,2011-12-07 12:14:00,2011,12,7,12
17089,2011-12-07 12:15:00,2011,12,7,12
17090,2011-12-07 12:16:00,2011,12,7,12
17091,2011-12-07 12:17:00,2011,12,7,12
17092,2011-12-07 12:19:00,2011,12,7,12
17093,2011-12-07 12:20:00,2011,12,7,12
17094,2011-12-07 12:21:00,2011,12,7,12
17095,2011-12-07 12:26:00,2011,12,7,12
17096,2011-12-07 12:33:00,2011,12,7,12
17097,2011-12-07 12:34:00,2011,12,7,12
17098,2011-12-07 12:41:00,2011,12,7,12
17099,2011-12-07 12:43:00,2011,12,7,12
17100,2011-12-07 12:45:00,2011,12,7,12
17101,2011-12-07 12:48:00,2011,12,7,12
17102,2011-12-07 12:49:00,2011,12,7,12
17103,2011-12-07 12:51:00,2011,12,7,12
17104,2011-12-07 12:55:00,2011,12,7,12
17105,2011-12-07 13:12:00,2011,12,7,13
17106,2011-12-07 13:14:00,2011,12,7,13
17107,2011-12-07 13:16:00,2011,12,7,13
17108,2011-12-07 13:17:00,2011,12,7,13
17109,2011-12-07 13:21:00,2011,12,7,13
17110,2011-12-07 13:23:00,2011,12,7,13
17111,2011-12-07 13:35:00,2011,12,7,13
17112,2011-12-07 13:38:00,2011,12,7,13
17113,2011-12-07 13:46:00,2011,12,7,13
17114,2011-12-07 13:53:00,2011,12,7,13
17115,2011-12-07 14:01:00,2011,12,7,14
17116,2011-12-07 14:12:00,2011,12,7,14
17117,2011-12-07 14:34:00,2011,12,7,14
17118,2011-12-07 14:39:00,2011,12,7,14
17119,2011-12-07 14:43:00,2011,12,7,14
17120,2011-12-07 14:52:00,2011,12,7,14
17121,2011-12-07 14:54:00,2011,12,7,14
17122,2011-12-07 15:00:00,2011,12,7,15
17123,2011-12-07 15:02:00,2011,12,7,15
17124,2011-12-07 15:07:00,2011,12,7,15
17125,2011-12-07 15:08:00,2011,12,7,15
17126,2011-12-07 15:16:00,2011,12,7,15
17127,2011-12-07 15:19:00,2011,12,7,15
17128,2011-12-07 15:23:00,2011,12,7,15
17129,2011-12-07 15:43:00,2011,12,7,15
17130,2011-12-07 15:52:00,2011,12,7,15
17131,2011-12-07 15:55:00,2011,12,7,15
17132,2011-12-07 15:56:00,2011,12,7,15
17133,2011-12-07 16:24:00,2011,12,7,16
17134,2011-12-07 16:29:00,2011,12,7,16
17135,2011-12-07 16:39:00,2011,12,7,16
17136,2011-12-07 16:44:00,2011,12,7,16
17137,2011-12-07 16:47:00,2011,12,7,16
17138,2011-12-07 16:56:00,2011,12,7,16
17139,2011-12-07 17:05:00,2011,12,7,17
17140,2011-12-07 17:17:00,2011,12,7,17
17141,2011-12-07 17:22:00,2011,12,7,17
17142,2011-12-07 17:25:00,2011,12,7,17
17143,2011-12-08 08:32:00,2011,12,8,8
17144,2011-12-08 09:05:00,2011,12,8,9
17145,2011-12-08 09:06:00,2011,12,8,9
17146,2011-12-08 09:23:00,2011,12,8,9
17147,2011-12-08 09:39:00,2011,12,8,9
17148,2011-12-08 09:40:00,2011,12,8,9
17149,2011-12-08 09:46:00,2011,12,8,9
17150,2011-12-08 09:47:00,2011,12,8,9
17151,2011-12-08 09:55:00,2011,12,8,9
17152,2011-12-08 09:56:00,2011,12,8,9
17153,2011-12-08 10:24:00,2011,12,8,10
17154,2011-12-08 10:26:00,2011,12,8,10
17155,2011-12-08 10:33:00,2011,12,8,10
17156,2011-12-08 10:39:00,2011,12,8,10
17157,2011-12-08 10:40:00,2011,12,8,10
17158,2011-12-08 10:58:00,2011,12,8,10
17159,2011-12-08 10:59:00,2011,12,8,10
17160,2011-12-08 11:02:00,2011,12,8,11
17161,2011-12-08 11:15:00,2011,12,8,11
17162,2011-12-08 11:25:00,2011,12,8,11
17163,2011-12-08 11:35:00,2011,12,8,11
17164,2011-12-08 11:36:00,2011,12,8,11
17165,2011-12-08 11:38:00,2011,12,8,11
17166,2011-12-08 11:43:00,2011,12,8,11
17167,2011-12-08 11:53:00,2011,12,8,11
17168,2011-12-08 11:56:00,2011,12,8,11
17169,2011-12-08 12:05:00,2011,12,8,12
17170,2011-12-08 12:07:00,2011,12,8,12
17171,2011-12-08 12:10:00,2011,12,8,12
17172,2011-12-08 12:12:00,2011,12,8,12
17173,2011-12-08 12:15:00,2011,12,8,12
17174,2011-12-08 12:26:00,2011,12,8,12
17175,2011-12-08 12:28:00,2011,12,8,12
17176,2011-12-08 12:29:00,2011,12,8,12
17177,2011-12-08 12:30:00,2011,12,8,12
17178,2011-12-08 12:31:00,2011,12,8,12
17179,2011-12-08 12:36:00,2011,12,8,12
17180,2011-12-08 12:43:00,2011,12,8,12
17181,2011-12-08 12:44:00,2011,12,8,12
17182,2011-12-08 12:50:00,2011,12,8,12
17183,2011-12-08 12:52:00,2011,12,8,12
17184,2011-12-08 12:54:00,2011,12,8,12
17185,2011-12-08 12:57:00,2011,12,8,12
17186,2011-12-08 13:04:00,2011,12,8,13
17187,2011-12-08 13:11:00,2011,12,8,13
17188,2011-12-08 13:15:00,2011,12,8,13
17189,2011-12-08 13:18:00,2011,12,8,13
17190,2011-12-08 13:22:00,2011,12,8,13
17191,2011-12-08 13:25:00,2011,12,8,13
17192,2011-12-08 13:26:00,2011,12,8,13
17193,2011-12-08 13:27:00,2011,12,8,13
17194,2011-12-08 13:36:00,2011,12,8,13
17195,2011-12-08 13:43:00,2011,12,8,13
17196,2011-12-08 13:45:00,2011,12,8,13
17197,2011-12-08 13:46:00,2011,12,8,13
17198,2011-12-08 13:47:00,2011,12,8,13
17199,2011-12-08 13:50:00,2011,12,8,13
17200,2011-12-08 13:59:00,2011,12,8,13
17201,2011-12-08 14:14:00,2011,12,8,14
17202,2011-12-08 14:15:00,2011,12,8,14
17203,2011-12-08 14:38:00,2011,12,8,14
17204,2011-12-08 14:39:00,2011,12,8,14
17205,2011-12-08 14:53:00,2011,12,8,14
17206,2011-12-08 14:58:00,2011,12,8,14
17207,2011-12-08 15:01:00,2011,12,8,15
17208,2011-12-08 15:02:00,2011,12,8,15
17209,2011-12-08 15:03:00,2011,12,8,15
17210,2011-12-08 15:09:00,2011,12,8,15
17211,2011-12-08 15:23:00,2011,12,8,15
17212,2011-12-08 15:24:00,2011,12,8,15
17213,2011-12-08 15:29:00,2011,12,8,15
17214,2011-12-08 15:31:00,2011,12,8,15
17215,2011-12-08 15:36:00,2011,12,8,15
17216,2011-12-08 15:37:00,2011,12,8,15
17217,2011-12-08 15:41:00,2011,12,8,15
17218,2011-12-08 15:44:00,2011,12,8,15
17219,2011-12-08 15:51:00,2011,12,8,15
17220,2011-12-08 15:54:00,2011,12,8,15
17221,2011-12-08 16:10:00,2011,12,8,16
17222,2011-12-08 16:18:00,2011,12,8,16
17223,2011-12-08 16:22:00,2011,12,8,16
17224,2011-12-08 16:29:00,2011,12,8,16
17225,2011-12-08 16:38:00,2011,12,8,16
17226,2011-12-08 16:58:00,2011,12,8,16
17227,2011-12-08 17:12:00,2011,12,8,17
17228,2011-12-08 17:24:00,2011,12,8,17
17229,2011-12-08 17:37:00,2011,12,8,17
17230,2011-12-08 17:54:00,2011,12,8,17
17231,2011-12-08 17:57:00,2011,12,8,17
17232,2011-12-08 18:03:00,2011,12,8,18
17233,2011-12-08 18:15:00,2011,12,8,18
17234,2011-12-08 18:22:00,2011,12,8,18
17235,2011-12-08 18:25:00,2011,12,8,18
17236,2011-12-08 18:42:00,2011,12,8,18
17237,2011-12-08 18:43:00,2011,12,8,18
17238,2011-12-08 18:45:00,2011,12,8,18
17239,2011-12-08 18:46:00,2011,12,8,18
17240,2011-12-08 18:51:00,2011,12,8,18
17241,2011-12-08 19:24:00,2011,12,8,19
17242,2011-12-08 19:28:00,2011,12,8,19
17243,2011-12-08 19:29:00,2011,12,8,19
17244,2011-12-08 19:55:00,2011,12,8,19
17245,2011-12-08 19:57:00,2011,12,8,19
17246,2011-12-08 20:01:00,2011,12,8,20
17247,2011-12-09 08:39:00,2011,12,9,8
17248,2011-12-09 08:48:00,2011,12,9,8
17249,2011-12-09 08:59:00,2011,12,9,8
17250,2011-12-09 09:00:00,2011,12,9,9
17251,2011-12-09 09:07:00,2011,12,9,9
17252,2011-12-09 09:08:00,2011,12,9,9
17253,2011-12-09 09:15:00,2011,12,9,9
17254,2011-12-09 09:38:00,2011,12,9,9
17255,2011-12-09 09:44:00,2011,12,9,9
17256,2011-12-09 09:45:00,2011,12,9,9
17257,2011-12-09 09:46:00,2011,12,9,9
17258,2011-12-09 10:02:00,2011,12,9,10
17259,2011-12-09 10:10:00,2011,12,9,10
17260,2011-12-09 10:13:00,2011,12,9,10
17261,2011-12-09 10:20:00,2011,12,9,10
17262,2011-12-09 10:45:00,2011,12,9,10
17263,2011-12-09 10:46:00,2011,12,9,10
17264,2011-12-09 10:51:00,2011,12,9,10
17265,2011-12-09 11:20:00,2011,12,9,11
17266,2011-12-09 11:26:00,2011,12,9,11
17267,2011-12-09 11:34:00,2011,12,9,11
17268,2011-12-09 11:50:00,2011,12,9,11
17269,2011-12-09 11:56:00,2011,12,9,11
17270,2011-12-09 11:59:00,2011,12,9,11
17271,2011-12-09 12:00:00,2011,12,9,12
17272,2011-12-09 12:08:00,2011,12,9,12
17273,2011-12-09 12:09:00,2011,12,9,12
17274,2011-12-09 12:16:00,2011,12,9,12
17275,2011-12-09 12:19:00,2011,12,9,12
17276,2011-12-09 12:20:00,2011,12,9,12
17277,2011-12-09 12:21:00,2011,12,9,12
17278,2011-12-09 12:23:00,2011,12,9,12
17279,2011-12-09 12:25:00,2011,12,9,12
17280,2011-12-09 12:31:00,2011,12,9,12
17281,2011-12-09 12:49:00,2011,12,9,12
17282,2011-12-09 12:50:00,2011,12,9,12
